event_id,subscription_id,failure_timestamp,day_of_month,days_to_nearest_payday_window,error_reason,amount,prior_if_failure_count,prior_if_self_resolved_rate,tenure_days,plan_tier,monthly_amount,primary_instrument,city_tier,signup_date,bank_network_conditions,issuing_bank_downtime_flag,network_latency_bucket,is_month_end_settlement_rush,app_version,device_build,ui_theme,recovered_within_14d,recovered_at,recovered_via,final_amount_recovered
evt_SYN000003,sub_SYN00001,2026-03-20 15:18:00,20,9,insufficient_fund,1289.0,0,,11,saas,1289,debit_card,tier_2,2026-03-09,poor,False,low,False,4.3.1,build_B7,light,True,2026-03-25 00:28:00,auto_retry,1289.0
evt_SYN000004,sub_SYN00002,2026-05-21 23:20:00,21,8,insufficient_fund,418.0,0,,388,mid,418,debit_card,tier_1,2025-04-28,good,False,low,False,5.1.2,build_B7,dark,True,2026-05-24 00:46:00,customer_self_serve,418.0
evt_SYN000005,sub_SYN00002,2026-06-05 11:43:00,5,2,insufficient_fund,418.0,1,1.0,403,mid,418,debit_card,tier_1,2025-04-28,degraded,False,medium,False,4.2.0,build_A1,dark,False,,none,0.0
evt_SYN000006,sub_SYN00003,2026-05-04 17:07:00,4,1,insufficient_fund,410.0,0,,82,mid,410,debit_card,tier_2,2026-02-11,degraded,False,low,False,5.0.0,build_C3,dark,True,2026-05-18 17:07:00,auto_retry,410.0
evt_SYN000007,sub_SYN00004,2026-05-16 12:09:00,16,13,insufficient_fund,827.0,0,,27,premium,827,credit_card,tier_1,2026-04-19,good,False,low,False,5.0.0,build_B7,dark,True,2026-05-16 15:58:00,auto_retry,827.0
evt_SYN000008,sub_SYN00005,2025-12-15 14:43:00,15,12,insufficient_fund,327.0,0,,182,mid,327,debit_card,tier_2,2025-06-16,good,False,medium,True,5.0.0,build_A1,dark,False,,none,0.0
evt_SYN000009,sub_SYN00006,2025-06-08 11:48:00,8,5,insufficient_fund,865.0,0,,101,premium,865,debit_card,tier_2,2025-02-27,good,False,medium,False,4.4.0,build_E2,system,True,2025-06-11 08:08:00,auto_retry,865.0
evt_SYN000010,sub_SYN00006,2025-07-01 23:44:00,1,0,insufficient_fund,865.0,1,0.0,124,premium,865,debit_card,tier_2,2025-02-27,degraded,False,low,True,4.4.0,build_A1,system,True,2025-07-11 23:45:00,auto_retry,865.0
evt_SYN000011,sub_SYN00007,2026-01-08 09:41:00,8,5,insufficient_fund,496.0,0,,454,mid,496,credit_card,tier_1,2024-10-11,degraded,False,low,False,5.0.0,build_C3,dark,False,,none,0.0
evt_SYN000012,sub_SYN00007,2026-01-23 21:14:00,23,6,insufficient_fund,496.0,1,0.0,469,mid,496,credit_card,tier_1,2024-10-11,good,False,low,False,5.1.2,build_C3,light,False,,none,0.0
evt_SYN000013,sub_SYN00007,2026-02-16 02:44:00,16,10,insufficient_fund,496.0,2,0.0,493,mid,496,credit_card,tier_1,2024-10-11,degraded,False,low,False,4.4.0,build_E2,light,False,,none,0.0
evt_SYN000014,sub_SYN00008,2025-01-24 16:03:00,24,5,insufficient_fund,124.0,0,,55,mobile,124,upi_autopay,tier_1,2024-11-30,good,False,medium,False,4.2.0,build_B7,dark,False,,none,0.0
evt_SYN000015,sub_SYN00009,2025-08-06 17:08:00,6,3,insufficient_fund,682.0,0,,302,premium,682,credit_card,tier_2,2024-10-08,good,False,low,False,4.3.1,build_E2,system,True,2025-08-10 21:12:00,auto_retry,682.0
evt_SYN000016,sub_SYN00010,2025-11-08 14:19:00,8,5,insufficient_fund,125.0,0,,328,mobile,125,debit_card,tier_1,2024-12-15,good,False,low,False,4.2.0,build_E2,light,True,2025-11-08 15:31:00,customer_self_serve,121.66
evt_SYN000017,sub_SYN00011,2026-06-19 19:23:00,19,9,insufficient_fund,196.0,0,,511,mobile,196,debit_card,tier_3,2025-01-24,good,False,high,False,5.1.2,build_C3,system,False,,none,0.0
evt_SYN000018,sub_SYN00012,2026-06-04 09:05:00,4,1,insufficient_fund,483.0,0,,11,mid,483,upi_autopay,tier_2,2026-05-24,good,False,medium,False,4.4.0,build_A1,system,True,2026-06-08 11:26:00,auto_retry,483.0
evt_SYN000019,sub_SYN00012,2026-07-01 13:34:00,1,0,insufficient_fund,483.0,1,0.0,38,mid,483,upi_autopay,tier_2,2026-05-24,good,False,medium,False,5.1.2,build_A1,dark,True,2026-07-03 06:52:00,auto_retry,483.0
evt_SYN000020,sub_SYN00012,2026-07-27 16:41:00,27,2,insufficient_fund,483.0,2,0.0,64,mid,483,upi_autopay,tier_2,2026-05-24,good,False,high,False,5.1.2,build_A1,light,True,2026-08-01 16:02:00,auto_retry,483.0
evt_SYN000021,sub_SYN00013,2026-06-04 06:19:00,4,1,insufficient_fund,708.0,0,,442,premium,708,credit_card,tier_2,2025-03-19,good,False,medium,False,4.3.1,build_A1,light,True,2026-06-11 07:42:00,auto_retry,708.0
evt_SYN000022,sub_SYN00013,2026-07-03 03:52:00,3,0,insufficient_fund,708.0,1,0.0,471,premium,708,credit_card,tier_2,2025-03-19,good,False,low,False,5.1.2,build_E2,light,False,,none,0.0
evt_SYN000023,sub_SYN00013,2026-08-14 16:48:00,14,11,insufficient_fund,708.0,2,0.0,513,premium,708,credit_card,tier_2,2025-03-19,good,False,low,True,5.0.0,build_B7,dark,True,2026-08-28 16:48:00,customer_self_serve,708.0
evt_SYN000024,sub_SYN00014,2026-05-10 05:33:00,10,7,insufficient_fund,838.0,0,,63,premium,838,credit_card,tier_1,2026-03-08,good,False,low,False,4.3.1,build_A1,system,True,2026-05-10 08:11:00,auto_retry,838.0
evt_SYN000025,sub_SYN00015,2026-06-05 05:51:00,5,2,insufficient_fund,165.0,0,,46,mobile,165,credit_card,tier_2,2026-04-20,good,False,low,False,4.3.1,build_E2,light,True,2026-06-08 00:17:00,customer_self_serve,165.0
evt_SYN000028,sub_SYN00017,2025-07-25 11:41:00,25,4,insufficient_fund,2782.0,0,,266,saas,2782,credit_card,tier_1,2024-11-01,good,False,low,False,4.3.1,build_B7,light,False,,none,0.0
evt_SYN000029,sub_SYN00018,2025-09-29 17:22:00,29,0,insufficient_fund,141.0,0,,276,mobile,141,upi_autopay,tier_1,2024-12-27,good,False,low,False,4.4.0,build_B7,system,True,2025-10-01 22:37:00,auto_retry,141.0
evt_SYN000030,sub_SYN00018,2025-10-20 09:43:00,20,9,insufficient_fund,141.0,1,0.0,297,mobile,141,upi_autopay,tier_1,2024-12-27,good,False,low,False,5.1.2,build_E2,light,True,2025-10-20 11:40:00,customer_self_serve,141.0
evt_SYN000031,sub_SYN00018,2025-11-21 18:31:00,21,7,insufficient_fund,141.0,2,0.5,329,mobile,141,upi_autopay,tier_1,2024-12-27,good,False,medium,False,5.1.2,build_D9,dark,True,2025-11-26 01:38:00,customer_self_serve,141.0
evt_SYN000039,sub_SYN00023,2025-05-10 19:25:00,10,7,insufficient_fund,874.0,0,,228,premium,874,upi_autopay,tier_2,2024-09-24,good,False,low,False,5.0.0,build_E2,light,True,2025-05-11 05:23:00,auto_retry,874.0
evt_SYN000040,sub_SYN00023,2025-06-08 17:25:00,8,5,insufficient_fund,874.0,1,0.0,257,premium,874,upi_autopay,tier_2,2024-09-24,good,False,low,False,4.2.0,build_B7,system,True,2025-06-16 07:34:00,customer_self_serve,874.0
evt_SYN000044,sub_SYN00025,2025-10-22 01:44:00,22,7,insufficient_fund,91.0,0,,388,mobile,91,debit_card,tier_1,2024-09-29,good,False,low,False,4.2.0,build_C3,system,True,2025-10-24 21:40:00,customer_self_serve,91.0
evt_SYN000045,sub_SYN00026,2026-05-08 13:02:00,8,5,insufficient_fund,457.0,0,,83,mid,457,upi_autopay,tier_1,2026-02-14,degraded,False,low,False,4.3.1,build_A1,light,False,,none,0.0
evt_SYN000046,sub_SYN00027,2026-04-21 17:28:00,21,7,insufficient_fund,445.0,0,,41,mid,445,upi_autopay,tier_3,2026-03-11,poor,False,low,False,4.3.1,build_C3,light,True,2026-04-23 02:26:00,auto_retry,445.0
evt_SYN000047,sub_SYN00028,2024-11-22 17:18:00,22,6,insufficient_fund,147.0,0,,91,mobile,147,credit_card,tier_2,2024-08-23,good,False,low,False,4.4.0,build_E2,system,True,2024-11-28 07:51:00,auto_retry,147.0
evt_SYN000049,sub_SYN00030,2026-04-15 05:08:00,15,12,insufficient_fund,130.0,0,,212,mobile,130,upi_autopay,tier_2,2025-09-15,good,False,low,False,4.4.0,build_A1,dark,True,2026-04-15 07:29:00,customer_self_serve,130.0
evt_SYN000050,sub_SYN00030,2026-05-19 23:15:00,19,10,insufficient_fund,130.0,1,1.0,246,mobile,130,upi_autopay,tier_2,2025-09-15,degraded,False,low,False,4.3.1,build_C3,light,True,2026-05-31 17:38:00,customer_self_serve,130.0
evt_SYN000051,sub_SYN00031,2026-03-21 03:08:00,21,8,insufficient_fund,84.0,0,,248,mobile,84,credit_card,tier_1,2025-07-16,good,False,medium,True,5.1.2,build_E2,system,False,,none,0.0
evt_SYN000054,sub_SYN00034,2024-11-29 05:21:00,29,0,insufficient_fund,189.0,0,,147,mobile,189,debit_card,tier_3,2024-07-05,poor,False,low,False,4.4.0,build_C3,light,False,,none,0.0
evt_SYN000055,sub_SYN00035,2025-01-20 17:12:00,20,9,insufficient_fund,372.0,0,,117,mid,372,credit_card,tier_2,2024-09-25,degraded,False,medium,False,4.4.0,build_D9,system,True,2025-01-21 17:27:00,auto_retry,372.0
evt_SYN000056,sub_SYN00036,2025-05-30 07:58:00,30,0,insufficient_fund,810.0,0,,272,premium,810,upi_autopay,tier_2,2024-08-31,poor,False,low,True,5.1.2,build_A1,dark,True,2025-06-01 05:29:00,auto_retry,810.0
evt_SYN000057,sub_SYN00037,2025-12-15 20:48:00,15,12,insufficient_fund,709.0,0,,32,premium,709,upi_autopay,tier_1,2025-11-13,good,False,low,False,5.0.0,build_D9,system,True,2025-12-17 16:43:00,auto_retry,709.0
evt_SYN000058,sub_SYN00038,2026-03-19 00:46:00,19,10,insufficient_fund,908.0,0,,81,premium,908,credit_card,tier_1,2025-12-28,degraded,False,low,False,4.4.0,build_D9,light,True,2026-03-19 12:16:00,auto_retry,884.54
evt_SYN000061,sub_SYN00040,2026-02-02 00:34:00,2,0,insufficient_fund,790.0,0,,199,premium,790,credit_card,tier_1,2025-07-18,good,False,medium,True,4.2.0,build_D9,dark,True,2026-02-03 01:52:00,auto_retry,743.25
evt_SYN000062,sub_SYN00041,2026-06-14 18:04:00,14,11,insufficient_fund,175.0,0,,17,mobile,175,credit_card,tier_3,2026-05-28,good,False,medium,False,4.2.0,build_D9,light,False,,none,0.0
evt_SYN000063,sub_SYN00041,2026-07-21 06:02:00,21,8,insufficient_fund,175.0,1,0.0,54,mobile,175,credit_card,tier_3,2026-05-28,degraded,False,medium,False,5.0.0,build_C3,dark,False,,none,0.0
evt_SYN000064,sub_SYN00041,2026-08-06 03:20:00,6,3,insufficient_fund,175.0,2,0.0,70,mobile,175,credit_card,tier_3,2026-05-28,good,False,low,False,4.4.0,build_E2,light,False,,none,0.0
evt_SYN000069,sub_SYN00044,2026-01-14 13:10:00,14,11,insufficient_fund,456.0,0,,233,mid,456,debit_card,tier_2,2025-05-26,good,False,medium,False,4.4.0,build_D9,dark,False,,none,0.0
evt_SYN000070,sub_SYN00044,2026-02-02 06:22:00,2,0,insufficient_fund,456.0,1,0.0,252,mid,456,debit_card,tier_2,2025-05-26,poor,False,medium,False,4.3.1,build_A1,dark,True,2026-02-03 10:25:00,customer_self_serve,443.6
evt_SYN000071,sub_SYN00044,2026-02-13 02:16:00,13,10,insufficient_fund,456.0,2,0.5,263,mid,456,debit_card,tier_2,2025-05-26,good,False,low,False,5.1.2,build_D9,system,True,2026-02-13 23:03:00,auto_retry,456.0
evt_SYN000072,sub_SYN00045,2026-02-15 06:58:00,15,11,insufficient_fund,392.0,0,,166,mid,392,credit_card,tier_3,2025-09-02,good,False,low,False,5.1.2,build_E2,dark,False,,none,0.0
evt_SYN000073,sub_SYN00045,2026-03-23 08:58:00,23,6,insufficient_fund,392.0,1,0.0,202,mid,392,credit_card,tier_3,2025-09-02,good,False,high,False,4.3.1,build_D9,dark,False,,none,0.0
evt_SYN000074,sub_SYN00045,2026-04-23 16:04:00,23,5,insufficient_fund,392.0,2,0.0,233,mid,392,credit_card,tier_3,2025-09-02,good,False,low,False,4.4.0,build_B7,dark,False,,none,0.0
evt_SYN000075,sub_SYN00046,2026-03-24 22:34:00,24,5,insufficient_fund,179.0,0,,206,mobile,179,netbanking,tier_2,2025-08-30,good,False,low,False,4.2.0,build_A1,light,True,2026-03-29 01:59:00,auto_retry,174.32
evt_SYN000076,sub_SYN00047,2026-05-20 07:18:00,20,9,insufficient_fund,849.0,0,,56,premium,849,credit_card,tier_2,2026-03-25,good,False,medium,True,5.1.2,build_C3,system,True,2026-05-20 11:29:00,customer_self_serve,849.0
evt_SYN000077,sub_SYN00048,2025-12-22 00:38:00,22,7,insufficient_fund,117.0,0,,26,mobile,117,upi_autopay,tier_3,2025-11-26,poor,False,high,False,4.4.0,build_E2,light,True,2025-12-30 02:48:00,customer_self_serve,117.0
evt_SYN000078,sub_SYN00048,2026-01-22 05:01:00,22,7,insufficient_fund,117.0,1,1.0,57,mobile,117,upi_autopay,tier_3,2025-11-26,good,False,medium,False,4.4.0,build_C3,light,True,2026-01-27 07:07:00,auto_retry,117.0
evt_SYN000079,sub_SYN00049,2026-03-06 08:17:00,6,3,insufficient_fund,131.0,0,,265,mobile,131,credit_card,tier_1,2025-06-14,good,False,medium,False,5.0.0,build_C3,light,True,2026-03-09 20:31:00,auto_retry,131.0
evt_SYN000087,sub_SYN00054,2026-06-04 12:40:00,4,1,insufficient_fund,110.0,0,,23,mobile,110,credit_card,tier_2,2026-05-12,degraded,False,low,True,5.0.0,build_E2,dark,True,2026-06-08 12:26:00,customer_self_serve,110.0
evt_SYN000088,sub_SYN00055,2026-05-29 06:57:00,29,0,insufficient_fund,776.0,0,,24,premium,776,upi_autopay,tier_2,2026-05-05,poor,False,medium,True,4.3.1,build_E2,dark,False,,none,0.0
evt_SYN000089,sub_SYN00055,2026-06-12 22:09:00,12,9,insufficient_fund,776.0,1,0.0,38,premium,776,upi_autopay,tier_2,2026-05-05,degraded,False,low,False,4.4.0,build_B7,light,True,2026-06-13 08:13:00,auto_retry,776.0
evt_SYN000090,sub_SYN00055,2026-07-23 11:05:00,23,6,insufficient_fund,776.0,2,0.0,79,premium,776,upi_autopay,tier_2,2026-05-05,good,False,low,False,5.0.0,build_A1,system,True,2026-08-04 07:09:00,auto_retry,776.0
evt_SYN000091,sub_SYN00055,2026-08-04 13:36:00,4,1,insufficient_fund,776.0,3,0.0,91,premium,776,upi_autopay,tier_2,2026-05-05,poor,False,low,False,4.2.0,build_C3,system,False,,none,0.0
evt_SYN000093,sub_SYN00057,2025-05-31 17:50:00,31,0,insufficient_fund,431.0,0,,34,mid,431,upi_autopay,tier_1,2025-04-27,good,False,medium,False,5.1.2,build_A1,light,True,2025-06-03 00:36:00,auto_retry,431.0
evt_SYN000096,sub_SYN00059,2025-04-18 17:14:00,18,10,insufficient_fund,687.0,0,,212,premium,687,upi_autopay,tier_1,2024-09-18,degraded,True,medium,False,5.1.2,build_C3,light,True,2025-04-19 09:50:00,auto_retry,687.0
evt_SYN000097,sub_SYN00060,2025-11-19 01:43:00,19,9,insufficient_fund,3962.0,0,,251,saas,3962,netbanking,tier_2,2025-03-13,good,False,low,False,4.3.1,build_D9,system,True,2025-11-20 11:17:00,auto_retry,3962.0
evt_SYN000098,sub_SYN00060,2025-12-19 16:03:00,19,10,insufficient_fund,3962.0,1,0.0,281,saas,3962,netbanking,tier_2,2025-03-13,good,False,low,False,5.0.0,build_D9,light,True,2025-12-19 21:44:00,auto_retry,3962.0
evt_SYN000099,sub_SYN00061,2025-10-17 06:56:00,17,12,insufficient_fund,475.0,0,,56,mid,475,credit_card,tier_1,2025-08-22,good,True,medium,False,4.2.0,build_A1,system,False,,none,0.0
evt_SYN000104,sub_SYN00064,2025-12-19 14:20:00,19,10,insufficient_fund,940.0,0,,69,premium,940,credit_card,tier_1,2025-10-11,good,False,low,False,4.4.0,build_C3,system,True,2025-12-19 15:32:00,auto_retry,940.0
evt_SYN000105,sub_SYN00064,2026-01-15 19:02:00,15,12,insufficient_fund,940.0,1,0.0,96,premium,940,credit_card,tier_1,2025-10-11,degraded,False,low,False,4.3.1,build_B7,light,True,2026-01-20 10:33:00,auto_retry,940.0
evt_SYN000106,sub_SYN00065,2026-03-06 10:20:00,6,3,insufficient_fund,490.0,0,,523,mid,490,upi_autopay,tier_1,2024-09-29,good,False,medium,False,5.0.0,build_A1,light,True,2026-03-06 12:14:00,customer_self_serve,490.0
evt_SYN000107,sub_SYN00065,2026-04-02 21:32:00,2,0,insufficient_fund,490.0,1,1.0,550,mid,490,upi_autopay,tier_1,2024-09-29,degraded,False,high,True,5.0.0,build_B7,light,True,2026-04-11 10:48:00,auto_retry,490.0
evt_SYN000111,sub_SYN00067,2026-05-09 19:39:00,9,6,insufficient_fund,175.0,0,,136,mobile,175,credit_card,tier_1,2025-12-24,good,False,low,False,4.3.1,build_B7,system,False,,none,0.0
evt_SYN000112,sub_SYN00068,2025-12-31 17:12:00,31,0,insufficient_fund,303.0,0,,51,mid,303,debit_card,tier_2,2025-11-10,good,False,low,False,4.2.0,build_C3,light,True,2025-12-31 18:24:00,auto_retry,303.0
evt_SYN000113,sub_SYN00069,2026-03-27 12:52:00,27,2,insufficient_fund,417.0,0,,30,mid,417,debit_card,tier_1,2026-02-25,good,False,low,False,5.0.0,build_E2,light,True,2026-03-27 21:10:00,auto_retry,417.0
evt_SYN000114,sub_SYN00070,2025-04-26 23:22:00,26,2,insufficient_fund,366.0,0,,243,mid,366,credit_card,tier_1,2024-08-26,good,False,medium,False,4.4.0,build_D9,dark,True,2025-04-27 22:09:00,auto_retry,366.0
evt_SYN000116,sub_SYN00072,2026-06-07 04:32:00,7,4,insufficient_fund,384.0,0,,15,mid,384,credit_card,tier_3,2026-05-23,degraded,False,low,False,4.3.1,build_B7,system,True,2026-06-07 16:29:00,customer_self_serve,384.0
evt_SYN000117,sub_SYN00072,2026-06-27 19:18:00,27,1,insufficient_fund,384.0,1,1.0,35,mid,384,credit_card,tier_3,2026-05-23,poor,False,low,False,4.2.0,build_A1,system,True,2026-07-07 18:02:00,customer_self_serve,384.0
evt_SYN000118,sub_SYN00072,2026-08-11 21:32:00,11,8,insufficient_fund,384.0,2,1.0,80,mid,384,credit_card,tier_3,2026-05-23,degraded,False,low,False,5.1.2,build_E2,light,False,,none,0.0
evt_SYN000120,sub_SYN00074,2026-02-23 21:05:00,23,3,insufficient_fund,91.0,0,,470,mobile,91,upi_autopay,tier_3,2024-11-10,degraded,False,low,False,4.4.0,build_A1,dark,True,2026-02-24 02:08:00,auto_retry,81.32
evt_SYN000121,sub_SYN00074,2026-08-14 12:10:00,14,11,insufficient_fund,91.0,1,0.0,642,mobile,91,upi_autopay,tier_3,2024-11-10,degraded,False,low,False,5.0.0,build_D9,dark,True,2026-08-15 21:16:00,auto_retry,91.0
evt_SYN000123,sub_SYN00076,2026-01-07 10:58:00,7,4,insufficient_fund,896.0,0,,294,premium,896,upi_autopay,tier_1,2025-03-19,degraded,False,medium,False,4.2.0,build_B7,system,True,2026-01-08 05:02:00,auto_retry,896.0
evt_SYN000124,sub_SYN00077,2025-12-27 10:51:00,27,2,insufficient_fund,878.0,0,,95,premium,878,credit_card,tier_2,2025-09-23,good,False,high,False,4.3.1,build_C3,dark,True,2025-12-27 16:43:00,auto_retry,878.0
evt_SYN000125,sub_SYN00077,2026-01-23 07:17:00,23,6,insufficient_fund,878.0,1,0.0,122,premium,878,credit_card,tier_2,2025-09-23,poor,False,low,False,4.2.0,build_D9,light,False,,none,0.0
evt_SYN000126,sub_SYN00078,2026-05-08 05:18:00,8,5,insufficient_fund,4556.0,0,,25,saas,4556,debit_card,tier_2,2026-04-13,good,False,low,True,5.0.0,build_B7,system,True,2026-05-11 14:35:00,customer_self_serve,4556.0
evt_SYN000127,sub_SYN00078,2026-06-09 09:25:00,9,6,insufficient_fund,4556.0,1,1.0,57,saas,4556,debit_card,tier_2,2026-04-13,good,False,medium,True,4.2.0,build_B7,dark,True,2026-06-19 09:33:00,auto_retry,4556.0
evt_SYN000130,sub_SYN00080,2026-03-08 01:22:00,8,5,insufficient_fund,672.0,0,,50,premium,672,upi_autopay,tier_1,2026-01-17,good,False,low,False,4.2.0,build_C3,light,True,2026-03-09 01:23:00,auto_retry,672.0
evt_SYN000134,sub_SYN00083,2026-05-19 01:10:00,19,10,insufficient_fund,159.0,0,,46,mobile,159,netbanking,tier_2,2026-04-03,good,False,low,True,4.3.1,build_B7,system,False,,none,0.0
evt_SYN000136,sub_SYN00085,2025-05-26 13:50:00,26,3,insufficient_fund,3748.0,0,,190,saas,3748,upi_autopay,tier_1,2024-11-17,poor,False,low,False,5.0.0,build_C3,light,True,2025-05-26 23:58:00,auto_retry,3748.0
evt_SYN000137,sub_SYN00085,2025-10-18 11:17:00,18,11,insufficient_fund,3748.0,1,0.0,335,saas,3748,upi_autopay,tier_1,2024-11-17,good,False,medium,False,4.3.1,build_C3,light,True,2025-10-21 16:37:00,auto_retry,3290.49
evt_SYN000138,sub_SYN00086,2025-10-26 21:11:00,26,3,insufficient_fund,142.0,0,,127,mobile,142,debit_card,tier_1,2025-06-21,good,False,low,False,5.1.2,build_C3,system,True,2025-10-29 16:02:00,auto_retry,142.0
evt_SYN000140,sub_SYN00088,2026-03-17 13:32:00,17,12,insufficient_fund,181.0,0,,169,mobile,181,debit_card,tier_2,2025-09-29,degraded,False,low,False,5.1.2,build_B7,system,True,2026-03-17 15:31:00,auto_retry,181.0
evt_SYN000141,sub_SYN00089,2025-10-14 00:42:00,14,11,insufficient_fund,83.0,0,,281,mobile,83,upi_autopay,tier_3,2025-01-06,good,False,medium,False,4.3.1,build_A1,system,True,2025-10-14 22:34:00,customer_self_serve,83.0
evt_SYN000142,sub_SYN00090,2026-04-27 07:16:00,27,1,insufficient_fund,161.0,0,,12,mobile,161,credit_card,tier_3,2026-04-15,degraded,False,low,False,5.0.0,build_A1,dark,True,2026-04-28 04:31:00,auto_retry,161.0
evt_SYN000143,sub_SYN00090,2026-08-02 08:29:00,2,0,insufficient_fund,161.0,1,0.0,109,mobile,161,credit_card,tier_3,2026-04-15,good,False,low,False,5.0.0,build_C3,light,True,2026-08-04 17:25:00,auto_retry,161.0
evt_SYN000144,sub_SYN00091,2026-05-20 12:04:00,20,9,insufficient_fund,85.0,0,,70,mobile,85,debit_card,tier_3,2026-03-11,good,False,low,False,4.2.0,build_E2,dark,True,2026-05-21 20:50:00,auto_retry,85.0
evt_SYN000145,sub_SYN00091,2026-06-14 05:22:00,14,11,insufficient_fund,85.0,1,0.0,95,mobile,85,debit_card,tier_3,2026-03-11,good,True,medium,False,4.3.1,build_E2,light,False,,none,0.0
evt_SYN000147,sub_SYN00093,2026-02-11 19:34:00,11,8,insufficient_fund,325.0,0,,315,mid,325,credit_card,tier_3,2025-04-02,good,False,low,False,5.1.2,build_A1,light,True,2026-02-14 08:44:00,auto_retry,325.0
evt_SYN000148,sub_SYN00093,2026-04-16 03:07:00,16,12,insufficient_fund,325.0,1,0.0,379,mid,325,credit_card,tier_3,2025-04-02,good,False,high,False,5.0.0,build_A1,system,True,2026-04-16 21:00:00,auto_retry,325.0
evt_SYN000149,sub_SYN00094,2024-08-11 10:29:00,11,8,insufficient_fund,710.0,0,,22,premium,710,credit_card,tier_2,2024-07-20,good,False,low,False,4.3.1,build_A1,system,True,2024-08-11 17:44:00,customer_self_serve,710.0
evt_SYN000153,sub_SYN00096,2026-06-04 22:11:00,4,1,insufficient_fund,130.0,0,,49,mobile,130,debit_card,tier_1,2026-04-16,good,False,low,False,4.2.0,build_D9,system,True,2026-06-06 05:17:00,auto_retry,130.0
evt_SYN000154,sub_SYN00097,2026-04-18 04:58:00,18,10,insufficient_fund,85.0,0,,333,mobile,85,credit_card,tier_1,2025-05-20,good,False,medium,False,5.1.2,build_D9,light,False,,none,0.0
evt_SYN000155,sub_SYN00098,2025-05-18 23:15:00,18,11,insufficient_fund,656.0,0,,68,premium,656,credit_card,tier_1,2025-03-11,good,False,low,False,5.0.0,build_E2,light,True,2025-05-23 10:47:00,auto_retry,656.0
evt_SYN000156,sub_SYN00099,2026-04-11 21:10:00,11,8,insufficient_fund,125.0,0,,47,mobile,125,debit_card,tier_1,2026-02-23,good,False,medium,False,5.1.2,build_A1,dark,False,,none,0.0
evt_SYN000157,sub_SYN00100,2025-05-25 09:46:00,25,4,insufficient_fund,3143.0,0,,16,saas,3143,debit_card,tier_3,2025-05-09,good,False,high,False,5.0.0,build_A1,dark,False,,none,0.0
evt_SYN000158,sub_SYN00101,2026-04-30 15:44:00,30,0,insufficient_fund,169.0,0,,107,mobile,169,netbanking,tier_1,2026-01-13,good,False,medium,False,5.0.0,build_E2,system,True,2026-05-02 02:35:00,auto_retry,169.0
evt_SYN000159,sub_SYN00101,2026-05-28 15:14:00,28,1,insufficient_fund,169.0,1,0.0,135,mobile,169,netbanking,tier_1,2026-01-13,good,False,medium,False,4.2.0,build_C3,system,True,2026-05-30 07:57:00,auto_retry,169.0
evt_SYN000160,sub_SYN00101,2026-07-03 07:35:00,3,0,insufficient_fund,169.0,2,0.0,171,mobile,169,netbanking,tier_1,2026-01-13,good,False,low,False,4.2.0,build_B7,light,True,2026-07-08 23:12:00,auto_retry,169.0
evt_SYN000161,sub_SYN00102,2026-05-08 03:50:00,8,5,insufficient_fund,409.0,0,,568,mid,409,netbanking,tier_3,2024-10-17,good,False,medium,False,5.0.0,build_D9,light,True,2026-05-08 17:26:00,customer_self_serve,409.0
evt_SYN000168,sub_SYN00106,2026-03-04 13:54:00,4,1,insufficient_fund,1947.0,0,,597,saas,1947,upi_autopay,tier_1,2024-07-15,good,False,medium,False,4.3.1,build_C3,dark,True,2026-03-05 14:58:00,auto_retry,1947.0
evt_SYN000172,sub_SYN00110,2026-05-30 20:42:00,30,0,insufficient_fund,153.0,0,,58,mobile,153,upi_autopay,tier_1,2026-04-02,poor,False,low,True,4.4.0,build_D9,light,True,2026-05-30 23:54:00,auto_retry,153.0
evt_SYN000180,sub_SYN00116,2025-10-02 00:50:00,2,0,insufficient_fund,136.0,0,,29,mobile,136,credit_card,tier_1,2025-09-03,poor,False,low,False,4.2.0,build_A1,light,True,2025-10-02 18:32:00,customer_self_serve,136.0
evt_SYN000181,sub_SYN00116,2025-10-15 19:14:00,15,12,insufficient_fund,136.0,1,1.0,42,mobile,136,credit_card,tier_1,2025-09-03,good,False,low,False,4.2.0,build_B7,dark,False,,none,0.0
evt_SYN000182,sub_SYN00117,2026-04-09 10:35:00,9,6,insufficient_fund,433.0,0,,40,mid,433,debit_card,tier_2,2026-02-28,good,False,low,False,5.0.0,build_D9,light,True,2026-04-15 06:39:00,auto_retry,433.0
evt_SYN000183,sub_SYN00117,2026-05-05 17:44:00,5,2,insufficient_fund,433.0,1,0.0,66,mid,433,debit_card,tier_2,2026-02-28,good,False,low,False,4.3.1,build_E2,dark,True,2026-05-07 23:22:00,auto_retry,433.0
evt_SYN000185,sub_SYN00119,2026-06-14 12:14:00,14,11,insufficient_fund,135.0,0,,14,mobile,135,debit_card,tier_1,2026-05-31,good,False,medium,False,4.4.0,build_B7,light,False,,none,0.0
evt_SYN000186,sub_SYN00119,2026-07-19 03:29:00,19,10,insufficient_fund,135.0,1,0.0,49,mobile,135,debit_card,tier_1,2026-05-31,good,False,low,False,4.4.0,build_C3,system,True,2026-07-21 14:34:00,customer_self_serve,135.0
evt_SYN000187,sub_SYN00119,2026-08-19 06:37:00,19,10,insufficient_fund,135.0,2,0.5,80,mobile,135,debit_card,tier_1,2026-05-31,good,False,low,False,5.1.2,build_D9,dark,True,2026-08-19 14:10:00,customer_self_serve,135.0
evt_SYN000188,sub_SYN00120,2026-05-20 21:53:00,20,9,insufficient_fund,106.0,0,,28,mobile,106,credit_card,tier_1,2026-04-22,good,False,low,False,4.3.1,build_D9,light,True,2026-05-24 13:57:00,auto_retry,94.54
evt_SYN000189,sub_SYN00120,2026-06-20 10:01:00,20,8,insufficient_fund,106.0,1,0.0,59,mobile,106,credit_card,tier_1,2026-04-22,good,False,low,False,4.3.1,build_C3,system,True,2026-06-20 19:42:00,customer_self_serve,100.64
evt_SYN000190,sub_SYN00120,2026-07-30 05:19:00,30,0,insufficient_fund,106.0,2,0.5,99,mobile,106,credit_card,tier_1,2026-04-22,good,False,high,False,5.0.0,build_D9,dark,True,2026-08-04 20:16:00,auto_retry,106.0
evt_SYN000195,sub_SYN00123,2025-10-19 13:15:00,19,10,insufficient_fund,100.0,0,,15,mobile,100,upi_autopay,tier_2,2025-10-04,poor,False,medium,False,5.1.2,build_D9,dark,True,2025-10-20 05:25:00,auto_retry,100.0
evt_SYN000196,sub_SYN00124,2026-06-05 03:22:00,5,2,insufficient_fund,497.0,0,,51,mid,497,credit_card,tier_1,2026-04-15,good,False,high,False,5.0.0,build_B7,system,True,2026-06-05 20:35:00,auto_retry,497.0
evt_SYN000197,sub_SYN00125,2026-03-11 08:06:00,11,8,insufficient_fund,735.0,0,,141,premium,735,debit_card,tier_1,2025-10-21,good,False,medium,True,5.0.0,build_D9,system,False,,none,0.0
evt_SYN000198,sub_SYN00126,2026-03-09 19:35:00,9,6,insufficient_fund,401.0,0,,88,mid,401,upi_autopay,tier_2,2025-12-11,good,False,low,False,5.0.0,build_D9,system,False,,none,0.0
evt_SYN000199,sub_SYN00127,2026-06-16 12:58:00,16,12,insufficient_fund,196.0,0,,19,mobile,196,credit_card,tier_1,2026-05-28,good,False,low,False,4.4.0,build_D9,system,True,2026-06-18 09:39:00,auto_retry,196.0
evt_SYN000205,sub_SYN00132,2025-11-20 21:14:00,20,8,insufficient_fund,361.0,0,,315,mid,361,credit_card,tier_1,2025-01-09,good,False,low,False,4.3.1,build_A1,system,True,2025-11-27 11:41:00,auto_retry,361.0
evt_SYN000206,sub_SYN00132,2025-12-15 16:54:00,15,12,insufficient_fund,361.0,1,0.0,340,mid,361,credit_card,tier_1,2025-01-09,good,False,low,False,5.1.2,build_A1,dark,True,2025-12-16 00:45:00,auto_retry,361.0
evt_SYN000210,sub_SYN00136,2025-03-31 03:20:00,31,0,insufficient_fund,353.0,0,,243,mid,353,credit_card,tier_3,2024-07-31,degraded,False,low,False,4.3.1,build_B7,system,False,,none,0.0
evt_SYN000212,sub_SYN00138,2026-03-20 17:55:00,20,9,insufficient_fund,184.0,0,,56,mobile,184,credit_card,tier_2,2026-01-23,poor,False,low,False,5.1.2,build_E2,system,False,,none,0.0
evt_SYN000213,sub_SYN00138,2026-04-07 20:01:00,7,4,insufficient_fund,184.0,1,0.0,74,mobile,184,credit_card,tier_2,2026-01-23,good,False,low,False,4.3.1,build_E2,dark,True,2026-04-08 12:36:00,customer_self_serve,184.0
evt_SYN000214,sub_SYN00139,2026-01-11 03:36:00,11,8,insufficient_fund,705.0,0,,171,premium,705,credit_card,tier_1,2025-07-24,good,False,low,False,5.1.2,build_D9,light,True,2026-01-11 06:51:00,auto_retry,705.0
evt_SYN000216,sub_SYN00141,2026-03-11 08:38:00,11,8,insufficient_fund,170.0,0,,28,mobile,170,credit_card,tier_1,2026-02-11,good,False,low,False,4.2.0,build_B7,system,True,2026-03-11 10:17:00,customer_self_serve,170.0
evt_SYN000217,sub_SYN00142,2026-05-29 23:49:00,29,0,insufficient_fund,456.0,0,,65,mid,456,debit_card,tier_3,2026-03-25,degraded,False,low,False,5.0.0,build_D9,dark,True,2026-06-11 00:13:00,customer_self_serve,456.0
evt_SYN000220,sub_SYN00144,2025-07-15 01:23:00,15,12,insufficient_fund,111.0,0,,108,mobile,111,credit_card,tier_3,2025-03-29,good,False,high,False,4.2.0,build_B7,light,True,2025-07-15 03:49:00,auto_retry,111.0
evt_SYN000221,sub_SYN00145,2025-07-07 14:28:00,7,4,insufficient_fund,437.0,0,,127,mid,437,netbanking,tier_2,2025-03-02,good,False,low,False,4.4.0,build_D9,system,True,2025-07-10 02:47:00,auto_retry,437.0
evt_SYN000222,sub_SYN00146,2026-06-12 11:31:00,12,9,insufficient_fund,127.0,0,,553,mobile,127,netbanking,tier_2,2024-12-06,degraded,False,medium,False,5.1.2,build_B7,dark,False,,none,0.0
evt_SYN000223,sub_SYN00147,2025-12-04 18:15:00,4,1,insufficient_fund,905.0,0,,50,premium,905,credit_card,tier_2,2025-10-15,good,False,low,False,4.4.0,build_E2,dark,True,2025-12-05 22:26:00,auto_retry,905.0
evt_SYN000224,sub_SYN00147,2026-01-12 00:00:00,12,9,insufficient_fund,905.0,1,0.0,89,premium,905,credit_card,tier_2,2025-10-15,good,False,low,False,5.1.2,build_C3,dark,True,2026-01-14 17:14:00,auto_retry,905.0
evt_SYN000225,sub_SYN00147,2026-02-21 20:55:00,21,5,insufficient_fund,905.0,2,0.0,129,premium,905,credit_card,tier_2,2025-10-15,poor,False,low,False,5.0.0,build_C3,light,False,,none,0.0
evt_SYN000226,sub_SYN00148,2026-06-17 05:28:00,17,11,insufficient_fund,3934.0,0,,659,saas,3934,credit_card,tier_3,2024-08-27,good,False,low,False,5.0.0,build_E2,dark,True,2026-06-18 18:58:00,customer_self_serve,3934.0
evt_SYN000227,sub_SYN00149,2026-03-09 00:25:00,9,6,insufficient_fund,935.0,0,,430,premium,935,debit_card,tier_1,2025-01-03,good,False,low,False,4.2.0,build_B7,light,True,2026-03-09 18:16:00,customer_self_serve,935.0
evt_SYN000228,sub_SYN00150,2025-12-18 22:29:00,18,11,insufficient_fund,171.0,0,,399,mobile,171,upi_autopay,tier_1,2024-11-14,degraded,False,medium,False,4.2.0,build_D9,dark,False,,none,0.0
evt_SYN000229,sub_SYN00150,2025-12-31 19:03:00,31,0,insufficient_fund,171.0,1,0.0,412,mobile,171,upi_autopay,tier_1,2024-11-14,degraded,False,low,True,4.3.1,build_D9,dark,True,2026-01-02 03:33:00,auto_retry,171.0
evt_SYN000230,sub_SYN00150,2026-02-04 04:40:00,4,1,insufficient_fund,171.0,2,0.0,447,mobile,171,upi_autopay,tier_1,2024-11-14,good,False,low,False,4.2.0,build_E2,dark,False,,none,0.0
evt_SYN000235,sub_SYN00152,2026-04-18 11:01:00,18,10,insufficient_fund,103.0,0,,207,mobile,103,credit_card,tier_1,2025-09-23,degraded,False,medium,False,4.3.1,build_E2,dark,True,2026-04-19 05:53:00,auto_retry,103.0
evt_SYN000236,sub_SYN00153,2026-06-12 01:53:00,12,9,insufficient_fund,192.0,0,,210,mobile,192,credit_card,tier_1,2025-11-14,good,False,low,False,5.0.0,build_B7,system,True,2026-06-15 07:25:00,customer_self_serve,192.0
evt_SYN000237,sub_SYN00154,2026-05-13 16:20:00,13,10,insufficient_fund,4375.0,0,,277,saas,4375,debit_card,tier_1,2025-08-09,good,False,low,True,5.0.0,build_A1,system,False,,none,0.0
evt_SYN000238,sub_SYN00155,2026-06-09 11:37:00,9,6,insufficient_fund,341.0,0,,76,mid,341,upi_autopay,tier_1,2026-03-25,good,False,low,False,4.2.0,build_E2,system,False,,none,0.0
evt_SYN000239,sub_SYN00155,2026-07-11 20:41:00,11,8,insufficient_fund,341.0,1,0.0,108,mid,341,upi_autopay,tier_1,2026-03-25,good,False,medium,False,4.2.0,build_E2,light,False,,none,0.0
evt_SYN000240,sub_SYN00156,2026-04-06 12:42:00,6,3,insufficient_fund,145.0,0,,260,mobile,145,upi_autopay,tier_1,2025-07-20,good,False,medium,False,4.4.0,build_B7,dark,True,2026-04-07 00:13:00,auto_retry,135.11
evt_SYN000241,sub_SYN00157,2026-06-19 06:40:00,19,9,insufficient_fund,828.0,0,,49,premium,828,credit_card,tier_1,2026-05-01,poor,False,low,False,4.3.1,build_A1,dark,False,,none,0.0
evt_SYN000242,sub_SYN00158,2026-06-14 21:01:00,14,11,insufficient_fund,352.0,0,,16,mid,352,debit_card,tier_3,2026-05-29,good,False,medium,False,5.0.0,build_C3,dark,True,2026-06-19 10:46:00,auto_retry,352.0
evt_SYN000246,sub_SYN00160,2026-02-17 14:13:00,17,9,insufficient_fund,97.0,0,,379,mobile,97,upi_autopay,tier_3,2025-02-03,poor,False,high,False,5.1.2,build_E2,light,True,2026-02-20 14:32:00,auto_retry,97.0
evt_SYN000251,sub_SYN00164,2025-11-25 14:40:00,25,3,insufficient_fund,2116.0,0,,437,saas,2116,debit_card,tier_2,2024-09-14,good,False,low,False,5.0.0,build_C3,light,False,,none,0.0
evt_SYN000252,sub_SYN00164,2025-12-20 18:22:00,20,9,insufficient_fund,2116.0,1,0.0,462,saas,2116,debit_card,tier_2,2024-09-14,good,False,medium,False,5.0.0,build_B7,light,True,2025-12-22 15:48:00,customer_self_serve,2116.0
evt_SYN000253,sub_SYN00165,2026-05-28 13:12:00,28,1,insufficient_fund,946.0,0,,453,premium,946,debit_card,tier_2,2025-03-01,good,False,low,False,4.4.0,build_D9,light,True,2026-05-30 04:38:00,auto_retry,946.0
evt_SYN000254,sub_SYN00166,2026-03-08 15:48:00,8,5,insufficient_fund,873.0,0,,337,premium,873,upi_autopay,tier_1,2025-04-05,degraded,False,medium,False,5.0.0,build_A1,dark,False,,none,0.0
evt_SYN000255,sub_SYN00166,2026-03-18 12:12:00,18,11,insufficient_fund,873.0,1,0.0,347,premium,873,upi_autopay,tier_1,2025-04-05,good,False,low,False,5.1.2,build_C3,system,False,,none,0.0
evt_SYN000256,sub_SYN00166,2026-04-27 10:20:00,27,1,insufficient_fund,873.0,2,0.0,387,premium,873,upi_autopay,tier_1,2025-04-05,good,False,low,False,5.1.2,build_D9,light,True,2026-04-28 07:30:00,auto_retry,873.0
evt_SYN000257,sub_SYN00166,2026-06-02 21:31:00,2,0,insufficient_fund,873.0,3,0.0,423,premium,873,upi_autopay,tier_1,2025-04-05,degraded,False,low,False,5.0.0,build_B7,system,True,2026-06-09 15:15:00,auto_retry,873.0
evt_SYN000258,sub_SYN00167,2026-01-06 02:36:00,6,3,insufficient_fund,167.0,0,,177,mobile,167,credit_card,tier_1,2025-07-13,good,False,low,False,5.1.2,build_E2,system,False,,none,0.0
evt_SYN000259,sub_SYN00167,2026-02-19 07:02:00,19,7,insufficient_fund,167.0,1,0.0,221,mobile,167,credit_card,tier_1,2025-07-13,good,False,low,True,4.2.0,build_D9,light,True,2026-03-05 07:02:00,auto_retry,167.0
evt_SYN000260,sub_SYN00167,2026-03-14 06:57:00,14,11,insufficient_fund,167.0,2,0.0,244,mobile,167,credit_card,tier_1,2025-07-13,good,False,high,False,4.2.0,build_E2,system,False,,none,0.0
evt_SYN000261,sub_SYN00168,2026-01-11 19:59:00,11,8,insufficient_fund,196.0,0,,101,mobile,196,upi_autopay,tier_1,2025-10-02,good,False,high,False,4.2.0,build_A1,dark,True,2026-01-12 03:10:00,auto_retry,196.0
evt_SYN000262,sub_SYN00169,2025-07-11 10:40:00,11,8,insufficient_fund,652.0,0,,164,premium,652,credit_card,tier_2,2025-01-28,good,False,low,False,4.3.1,build_C3,system,True,2025-07-15 04:20:00,customer_self_serve,652.0
evt_SYN000264,sub_SYN00171,2026-03-04 18:02:00,4,1,insufficient_fund,378.0,0,,209,mid,378,credit_card,tier_2,2025-08-07,good,False,medium,False,4.3.1,build_A1,light,False,,none,0.0
evt_SYN000265,sub_SYN00171,2026-04-05 15:27:00,5,2,insufficient_fund,378.0,1,0.0,241,mid,378,credit_card,tier_2,2025-08-07,good,False,low,False,5.0.0,build_E2,system,True,2026-04-07 13:21:00,auto_retry,378.0
evt_SYN000266,sub_SYN00171,2026-05-07 19:42:00,7,4,insufficient_fund,378.0,2,0.0,273,mid,378,credit_card,tier_2,2025-08-07,degraded,False,medium,False,4.2.0,build_C3,system,False,,none,0.0
evt_SYN000267,sub_SYN00172,2025-11-04 21:55:00,4,1,insufficient_fund,846.0,0,,66,premium,846,credit_card,tier_2,2025-08-30,poor,False,medium,False,4.3.1,build_B7,system,False,,none,0.0
evt_SYN000268,sub_SYN00173,2025-08-29 01:19:00,29,0,insufficient_fund,173.0,0,,24,mobile,173,credit_card,tier_3,2025-08-05,degraded,False,medium,True,5.1.2,build_C3,system,False,,none,0.0
evt_SYN000269,sub_SYN00174,2025-10-11 21:34:00,11,8,insufficient_fund,924.0,0,,65,premium,924,upi_autopay,tier_2,2025-08-07,good,False,medium,False,5.1.2,build_E2,light,False,,none,0.0
evt_SYN000270,sub_SYN00175,2025-10-07 22:38:00,7,4,insufficient_fund,1900.0,0,,457,saas,1900,credit_card,tier_1,2024-07-07,good,False,low,False,4.3.1,build_C3,light,True,2025-10-08 10:21:00,auto_retry,1900.0
evt_SYN000271,sub_SYN00176,2025-04-30 11:19:00,30,0,insufficient_fund,833.0,0,,98,premium,833,credit_card,tier_3,2025-01-22,good,False,medium,False,4.4.0,build_E2,system,True,2025-04-30 15:22:00,auto_retry,833.0
evt_SYN000272,sub_SYN00177,2026-06-19 17:47:00,19,9,insufficient_fund,417.0,0,,270,mid,417,credit_card,tier_1,2025-09-22,good,False,low,False,4.4.0,build_D9,dark,False,,none,0.0
evt_SYN000273,sub_SYN00178,2025-09-23 04:02:00,23,5,insufficient_fund,990.0,0,,10,premium,990,credit_card,tier_1,2025-09-13,good,False,low,False,4.4.0,build_C3,dark,False,,none,0.0
evt_SYN000274,sub_SYN00178,2025-11-06 22:48:00,6,3,insufficient_fund,990.0,1,0.0,54,premium,990,credit_card,tier_1,2025-09-13,degraded,True,low,False,4.2.0,build_B7,dark,True,2025-11-08 14:11:00,auto_retry,990.0
evt_SYN000275,sub_SYN00178,2025-11-30 19:57:00,30,0,insufficient_fund,990.0,2,0.0,78,premium,990,credit_card,tier_1,2025-09-13,good,False,low,True,5.1.2,build_B7,dark,False,,none,0.0
evt_SYN000276,sub_SYN00178,2025-12-25 17:00:00,25,4,insufficient_fund,990.0,3,0.0,103,premium,990,credit_card,tier_1,2025-09-13,degraded,False,high,False,5.0.0,build_B7,system,False,,none,0.0
evt_SYN000277,sub_SYN00179,2026-05-01 23:34:00,1,0,insufficient_fund,498.0,0,,271,mid,498,upi_autopay,tier_2,2025-08-03,degraded,False,medium,False,4.4.0,build_E2,light,True,2026-05-14 09:01:00,auto_retry,498.0
evt_SYN000278,sub_SYN00179,2026-05-28 06:35:00,28,1,insufficient_fund,498.0,1,0.0,298,mid,498,upi_autopay,tier_2,2025-08-03,good,False,medium,False,4.2.0,build_E2,system,False,,none,0.0
evt_SYN000287,sub_SYN00183,2026-01-14 15:32:00,14,11,insufficient_fund,153.0,0,,325,mobile,153,upi_autopay,tier_1,2025-02-23,poor,False,low,False,5.0.0,build_C3,light,True,2026-01-15 00:58:00,auto_retry,153.0
evt_SYN000291,sub_SYN00185,2026-05-10 16:43:00,10,7,insufficient_fund,89.0,0,,488,mobile,89,credit_card,tier_1,2025-01-07,good,True,low,False,4.2.0,build_C3,dark,True,2026-05-13 04:51:00,customer_self_serve,89.0
evt_SYN000292,sub_SYN00185,2026-06-04 00:40:00,4,1,insufficient_fund,89.0,1,1.0,513,mobile,89,credit_card,tier_1,2025-01-07,degraded,False,medium,False,4.2.0,build_A1,system,True,2026-06-08 16:22:00,auto_retry,89.0
evt_SYN000293,sub_SYN00186,2025-12-04 14:23:00,4,1,insufficient_fund,303.0,0,,325,mid,303,credit_card,tier_2,2025-01-13,good,False,medium,False,5.1.2,build_C3,system,True,2025-12-06 01:30:00,auto_retry,303.0
evt_SYN000294,sub_SYN00187,2026-02-27 00:01:00,27,0,insufficient_fund,325.0,0,,90,mid,325,debit_card,tier_3,2025-11-29,good,False,medium,False,5.1.2,build_D9,system,True,2026-02-27 04:19:00,auto_retry,325.0
evt_SYN000295,sub_SYN00188,2025-08-15 07:11:00,15,12,insufficient_fund,441.0,0,,147,mid,441,upi_autopay,tier_1,2025-03-21,poor,False,medium,False,4.2.0,build_D9,system,False,,none,0.0
evt_SYN000296,sub_SYN00188,2025-09-10 01:29:00,10,7,insufficient_fund,441.0,1,0.0,173,mid,441,upi_autopay,tier_1,2025-03-21,degraded,False,low,False,4.3.1,build_C3,system,True,2025-09-14 20:07:00,auto_retry,441.0
evt_SYN000297,sub_SYN00189,2026-05-28 09:34:00,28,1,insufficient_fund,456.0,0,,424,mid,456,upi_autopay,tier_1,2025-03-30,good,False,low,False,4.2.0,build_C3,light,True,2026-06-01 08:59:00,customer_self_serve,456.0
evt_SYN000298,sub_SYN00190,2025-04-25 20:02:00,25,3,insufficient_fund,665.0,0,,186,premium,665,debit_card,tier_1,2024-10-21,good,False,low,False,5.0.0,build_E2,light,False,,none,0.0
evt_SYN000301,sub_SYN00193,2025-10-10 02:29:00,10,7,insufficient_fund,837.0,0,,107,premium,837,upi_autopay,tier_2,2025-06-25,good,False,low,False,5.0.0,build_B7,light,True,2025-10-23 20:22:00,customer_self_serve,837.0
evt_SYN000302,sub_SYN00193,2025-11-15 08:37:00,15,12,insufficient_fund,837.0,1,1.0,143,premium,837,upi_autopay,tier_2,2025-06-25,poor,False,medium,False,4.2.0,build_B7,dark,False,,none,0.0
evt_SYN000303,sub_SYN00194,2026-05-24 01:40:00,24,5,insufficient_fund,453.0,0,,23,mid,453,debit_card,tier_2,2026-05-01,degraded,False,low,False,4.4.0,build_B7,light,True,2026-05-24 22:29:00,customer_self_serve,453.0
evt_SYN000304,sub_SYN00195,2026-06-16 12:13:00,16,12,insufficient_fund,320.0,0,,306,mid,320,upi_autopay,tier_1,2025-08-14,good,False,medium,False,4.2.0,build_C3,system,True,2026-06-18 01:14:00,customer_self_serve,320.0
evt_SYN000305,sub_SYN00196,2026-05-10 22:58:00,10,7,insufficient_fund,136.0,0,,530,mobile,136,debit_card,tier_2,2024-11-26,degraded,False,low,False,5.1.2,build_E2,light,True,2026-05-22 16:29:00,auto_retry,136.0
evt_SYN000306,sub_SYN00197,2026-06-04 20:07:00,4,1,insufficient_fund,861.0,0,,108,premium,861,debit_card,tier_1,2026-02-16,degraded,True,low,False,5.0.0,build_D9,system,False,,none,0.0
evt_SYN000307,sub_SYN00197,2026-06-29 00:36:00,29,0,insufficient_fund,861.0,1,0.0,133,premium,861,debit_card,tier_1,2026-02-16,good,False,medium,True,4.4.0,build_A1,dark,True,2026-06-30 01:30:00,customer_self_serve,861.0
evt_SYN000309,sub_SYN00199,2025-08-21 06:36:00,21,8,insufficient_fund,987.0,0,,409,premium,987,upi_autopay,tier_3,2024-07-08,good,False,medium,False,5.0.0,build_D9,dark,True,2025-08-21 09:33:00,auto_retry,987.0
evt_SYN000310,sub_SYN00199,2026-02-04 11:59:00,4,1,insufficient_fund,987.0,1,0.0,576,premium,987,upi_autopay,tier_3,2024-07-08,good,False,low,False,5.0.0,build_C3,system,True,2026-02-07 01:47:00,auto_retry,987.0
evt_SYN000311,sub_SYN00200,2026-05-07 15:21:00,7,4,insufficient_fund,1206.0,0,,330,saas,1206,netbanking,tier_2,2025-06-11,poor,False,low,False,4.4.0,build_D9,system,True,2026-05-15 11:58:00,customer_self_serve,1206.0
evt_SYN000312,sub_SYN00200,2026-06-01 08:00:00,1,0,insufficient_fund,1206.0,1,1.0,355,saas,1206,netbanking,tier_2,2025-06-11,good,False,low,False,4.2.0,build_E2,light,True,2026-06-04 17:47:00,customer_self_serve,1206.0
evt_SYN000313,sub_SYN00200,2026-06-21 02:05:00,21,7,insufficient_fund,1206.0,2,1.0,375,saas,1206,netbanking,tier_2,2025-06-11,good,False,low,False,4.2.0,build_D9,system,True,2026-07-01 00:16:00,customer_self_serve,1206.0
evt_SYN000314,sub_SYN00201,2025-12-04 22:09:00,4,1,insufficient_fund,2688.0,0,,170,saas,2688,debit_card,tier_3,2025-06-17,good,False,low,False,5.1.2,build_C3,light,True,2025-12-18 22:09:00,customer_self_serve,2688.0
evt_SYN000315,sub_SYN00202,2025-11-16 07:59:00,16,12,insufficient_fund,361.0,0,,195,mid,361,credit_card,tier_3,2025-05-05,good,False,low,False,5.0.0,build_E2,light,True,2025-11-21 03:42:00,auto_retry,361.0
evt_SYN000316,sub_SYN00202,2025-12-10 21:43:00,10,7,insufficient_fund,361.0,1,0.0,219,mid,361,credit_card,tier_3,2025-05-05,good,False,low,False,4.2.0,build_C3,system,True,2025-12-18 19:36:00,auto_retry,361.0
evt_SYN000317,sub_SYN00202,2026-01-16 07:33:00,16,13,insufficient_fund,361.0,2,0.0,256,mid,361,credit_card,tier_3,2025-05-05,good,False,low,False,4.4.0,build_D9,dark,False,,none,0.0
evt_SYN000318,sub_SYN00203,2026-03-22 11:04:00,22,7,insufficient_fund,397.0,0,,60,mid,397,debit_card,tier_2,2026-01-21,good,False,low,False,5.0.0,build_C3,dark,True,2026-03-22 16:59:00,customer_self_serve,397.0
evt_SYN000319,sub_SYN00204,2026-05-14 23:12:00,14,11,insufficient_fund,356.0,0,,86,mid,356,credit_card,tier_3,2026-02-17,good,False,medium,False,5.0.0,build_E2,system,False,,none,0.0
evt_SYN000322,sub_SYN00207,2026-02-16 08:40:00,16,10,insufficient_fund,314.0,0,,98,mid,314,debit_card,tier_1,2025-11-10,good,False,low,False,4.4.0,build_E2,dark,False,,none,0.0
evt_SYN000332,sub_SYN00212,2026-04-21 08:23:00,21,7,insufficient_fund,2380.0,0,,227,saas,2380,debit_card,tier_2,2025-09-06,good,False,high,False,5.1.2,build_A1,light,True,2026-04-22 07:55:00,customer_self_serve,2380.0
evt_SYN000335,sub_SYN00214,2026-01-16 22:45:00,16,13,insufficient_fund,188.0,0,,38,mobile,188,debit_card,tier_1,2025-12-09,good,False,low,False,4.4.0,build_D9,system,False,,none,0.0
evt_SYN000336,sub_SYN00215,2026-03-17 23:47:00,17,12,insufficient_fund,745.0,0,,33,premium,745,credit_card,tier_2,2026-02-12,good,False,low,False,5.0.0,build_D9,system,True,2026-03-19 07:56:00,auto_retry,745.0
evt_SYN000337,sub_SYN00216,2026-03-27 19:16:00,27,2,insufficient_fund,159.0,0,,308,mobile,159,credit_card,tier_1,2025-05-23,degraded,False,medium,False,5.1.2,build_C3,light,True,2026-03-30 00:54:00,auto_retry,159.0
evt_SYN000338,sub_SYN00217,2025-03-29 13:30:00,29,0,insufficient_fund,368.0,0,,58,mid,368,debit_card,tier_1,2025-01-30,good,False,low,False,5.0.0,build_A1,system,True,2025-03-29 19:37:00,customer_self_serve,368.0
evt_SYN000342,sub_SYN00221,2026-04-12 15:44:00,12,9,insufficient_fund,189.0,0,,102,mobile,189,debit_card,tier_3,2025-12-31,good,False,medium,False,5.1.2,build_C3,light,True,2026-04-15 05:04:00,auto_retry,189.0
evt_SYN000346,sub_SYN00223,2026-06-13 03:56:00,13,10,insufficient_fund,308.0,0,,115,mid,308,debit_card,tier_2,2026-02-18,good,False,medium,False,4.2.0,build_B7,dark,False,,none,0.0
evt_SYN000348,sub_SYN00225,2026-04-05 14:24:00,5,2,insufficient_fund,157.0,0,,23,mobile,157,credit_card,tier_3,2026-03-13,degraded,False,low,False,5.1.2,build_C3,dark,False,,none,0.0
evt_SYN000349,sub_SYN00226,2025-08-19 09:08:00,19,10,insufficient_fund,182.0,0,,54,mobile,182,upi_autopay,tier_2,2025-06-26,good,False,medium,True,4.3.1,build_C3,system,True,2025-08-19 22:26:00,customer_self_serve,182.0
evt_SYN000352,sub_SYN00228,2025-10-09 22:32:00,9,6,insufficient_fund,106.0,0,,82,mobile,106,debit_card,tier_2,2025-07-19,good,False,medium,True,5.1.2,build_E2,light,True,2025-10-23 06:06:00,customer_self_serve,106.0
evt_SYN000353,sub_SYN00228,2025-11-07 08:11:00,7,4,insufficient_fund,106.0,1,1.0,111,mobile,106,debit_card,tier_2,2025-07-19,good,False,medium,False,5.1.2,build_E2,dark,True,2025-11-07 21:42:00,auto_retry,106.0
evt_SYN000354,sub_SYN00228,2025-12-04 20:17:00,4,1,insufficient_fund,106.0,2,0.5,138,mobile,106,debit_card,tier_2,2025-07-19,good,False,high,False,4.2.0,build_D9,dark,False,,none,0.0
evt_SYN000359,sub_SYN00232,2025-04-01 00:07:00,1,0,insufficient_fund,987.0,0,,147,premium,987,credit_card,tier_2,2024-11-05,good,False,low,False,4.2.0,build_D9,dark,False,,none,0.0
evt_SYN000360,sub_SYN00233,2026-03-03 13:57:00,3,0,insufficient_fund,178.0,0,,68,mobile,178,credit_card,tier_1,2025-12-25,good,False,medium,False,4.3.1,build_B7,dark,True,2026-03-04 15:11:00,customer_self_serve,178.0
evt_SYN000361,sub_SYN00233,2026-04-07 00:00:00,7,4,insufficient_fund,178.0,1,1.0,103,mobile,178,credit_card,tier_1,2025-12-25,degraded,False,medium,False,4.4.0,build_A1,system,True,2026-04-13 05:54:00,auto_retry,178.0
evt_SYN000362,sub_SYN00233,2026-05-09 23:04:00,9,6,insufficient_fund,178.0,2,0.5,135,mobile,178,credit_card,tier_1,2025-12-25,good,False,low,False,5.0.0,build_D9,light,True,2026-05-13 00:12:00,auto_retry,178.0
evt_SYN000368,sub_SYN00236,2025-10-10 19:25:00,10,7,insufficient_fund,867.0,0,,61,premium,867,upi_autopay,tier_3,2025-08-10,degraded,False,medium,False,4.3.1,build_B7,dark,False,,none,0.0
evt_SYN000372,sub_SYN00238,2026-03-16 22:50:00,16,13,insufficient_fund,316.0,0,,510,mid,316,credit_card,tier_1,2024-10-22,good,False,high,False,5.0.0,build_B7,light,False,,none,0.0
evt_SYN000373,sub_SYN00239,2025-11-10 14:02:00,10,7,insufficient_fund,823.0,0,,194,premium,823,debit_card,tier_1,2025-04-30,poor,False,low,False,5.0.0,build_A1,light,True,2025-11-10 21:25:00,auto_retry,823.0
evt_SYN000374,sub_SYN00240,2025-04-19 13:16:00,19,9,insufficient_fund,195.0,0,,41,mobile,195,credit_card,tier_3,2025-03-09,poor,False,high,False,4.3.1,build_A1,light,False,,none,0.0
evt_SYN000375,sub_SYN00240,2025-05-01 04:37:00,1,0,insufficient_fund,195.0,1,0.0,53,mobile,195,credit_card,tier_3,2025-03-09,good,False,low,True,4.3.1,build_A1,system,False,,none,0.0
evt_SYN000376,sub_SYN00240,2025-06-05 20:55:00,5,2,insufficient_fund,195.0,2,0.0,88,mobile,195,credit_card,tier_3,2025-03-09,good,False,low,False,5.1.2,build_A1,dark,True,2025-06-08 07:26:00,customer_self_serve,195.0
evt_SYN000380,sub_SYN00242,2026-06-15 14:51:00,15,12,insufficient_fund,130.0,0,,41,mobile,130,upi_autopay,tier_3,2026-05-05,good,False,medium,False,5.0.0,build_A1,dark,True,2026-06-16 00:35:00,auto_retry,130.0
evt_SYN000381,sub_SYN00243,2025-12-01 19:18:00,1,0,insufficient_fund,1670.0,0,,373,saas,1670,credit_card,tier_1,2024-11-23,good,False,medium,False,5.0.0,build_D9,light,True,2025-12-05 20:56:00,auto_retry,1670.0
evt_SYN000385,sub_SYN00245,2026-06-05 06:14:00,5,2,insufficient_fund,400.0,0,,68,mid,400,credit_card,tier_2,2026-03-29,good,False,low,False,5.1.2,build_E2,system,True,2026-06-08 14:32:00,customer_self_serve,400.0
evt_SYN000386,sub_SYN00245,2026-07-03 17:15:00,3,0,insufficient_fund,400.0,1,1.0,96,mid,400,credit_card,tier_2,2026-03-29,good,False,low,False,4.2.0,build_C3,system,True,2026-07-07 02:27:00,auto_retry,400.0
evt_SYN000387,sub_SYN00245,2026-07-20 21:53:00,20,9,insufficient_fund,400.0,2,0.5,113,mid,400,credit_card,tier_2,2026-03-29,good,False,low,False,5.1.2,build_E2,system,True,2026-07-28 08:18:00,auto_retry,400.0
evt_SYN000388,sub_SYN00245,2026-08-19 01:10:00,19,10,insufficient_fund,400.0,3,0.3333333333333333,143,mid,400,credit_card,tier_2,2026-03-29,degraded,False,low,False,4.4.0,build_D9,light,True,2026-08-26 18:18:00,auto_retry,400.0
evt_SYN000390,sub_SYN00247,2025-01-08 22:42:00,8,5,insufficient_fund,425.0,0,,166,mid,425,debit_card,tier_3,2024-07-26,good,False,medium,True,5.0.0,build_E2,light,True,2025-01-11 05:21:00,auto_retry,425.0
evt_SYN000391,sub_SYN00248,2025-09-11 18:26:00,11,8,insufficient_fund,370.0,0,,169,mid,370,upi_autopay,tier_3,2025-03-26,good,False,low,False,5.0.0,build_E2,system,True,2025-09-12 02:37:00,customer_self_serve,370.0
evt_SYN000393,sub_SYN00250,2026-04-24 22:15:00,24,4,insufficient_fund,334.0,0,,546,mid,334,credit_card,tier_3,2024-10-25,good,False,low,False,5.1.2,build_D9,dark,True,2026-04-29 08:34:00,auto_retry,292.08
evt_SYN000394,sub_SYN00251,2026-06-04 13:19:00,4,1,insufficient_fund,101.0,0,,147,mobile,101,debit_card,tier_2,2026-01-08,good,False,low,False,4.4.0,build_A1,light,True,2026-06-06 09:14:00,auto_retry,101.0
evt_SYN000395,sub_SYN00251,2026-06-15 07:04:00,15,12,insufficient_fund,101.0,1,0.0,158,mobile,101,debit_card,tier_2,2026-01-08,poor,False,low,False,5.0.0,build_C3,light,False,,none,0.0
evt_SYN000397,sub_SYN00253,2026-04-19 03:54:00,19,9,insufficient_fund,759.0,0,,207,premium,759,debit_card,tier_2,2025-09-24,degraded,False,medium,False,5.1.2,build_B7,system,True,2026-04-20 11:37:00,customer_self_serve,759.0
evt_SYN000398,sub_SYN00254,2025-03-11 02:26:00,11,8,insufficient_fund,114.0,0,,192,mobile,114,netbanking,tier_1,2024-08-31,good,False,low,False,4.4.0,build_C3,system,True,2025-03-11 12:55:00,auto_retry,114.0
evt_SYN000399,sub_SYN00255,2025-11-05 00:52:00,5,2,insufficient_fund,415.0,0,,436,mid,415,debit_card,tier_3,2024-08-26,good,False,high,False,4.4.0,build_E2,light,False,,none,0.0
evt_SYN000400,sub_SYN00255,2025-12-14 04:15:00,14,11,insufficient_fund,415.0,1,0.0,475,mid,415,debit_card,tier_3,2024-08-26,good,False,low,False,4.3.1,build_C3,dark,True,2025-12-18 00:00:00,auto_retry,415.0
evt_SYN000412,sub_SYN00263,2025-03-25 23:15:00,25,4,insufficient_fund,133.0,0,,61,mobile,133,debit_card,tier_2,2025-01-23,good,False,low,False,5.1.2,build_C3,light,True,2025-03-29 17:27:00,auto_retry,133.0
evt_SYN000415,sub_SYN00266,2026-04-22 02:01:00,22,6,insufficient_fund,1739.0,0,,13,saas,1739,upi_autopay,tier_1,2026-04-09,good,False,low,False,5.1.2,build_D9,dark,True,2026-04-23 11:09:00,auto_retry,1739.0
evt_SYN000416,sub_SYN00267,2025-07-26 04:40:00,26,3,insufficient_fund,97.0,0,,251,mobile,97,debit_card,tier_2,2024-11-17,good,False,low,False,5.1.2,build_E2,dark,True,2025-07-28 16:08:00,auto_retry,97.0
evt_SYN000417,sub_SYN00267,2026-02-06 06:25:00,6,3,insufficient_fund,97.0,1,0.0,446,mobile,97,debit_card,tier_2,2024-11-17,degraded,False,low,True,4.4.0,build_C3,dark,True,2026-02-07 20:10:00,auto_retry,97.0
evt_SYN000419,sub_SYN00269,2026-05-28 11:14:00,28,1,insufficient_fund,708.0,0,,16,premium,708,upi_autopay,tier_1,2026-05-12,good,False,low,False,5.0.0,build_C3,system,True,2026-05-29 06:42:00,auto_retry,708.0
evt_SYN000420,sub_SYN00270,2026-05-11 17:34:00,11,8,insufficient_fund,462.0,0,,302,mid,462,debit_card,tier_3,2025-07-13,degraded,False,low,False,4.3.1,build_B7,system,True,2026-05-13 04:51:00,auto_retry,462.0
evt_SYN000421,sub_SYN00271,2026-03-31 03:04:00,31,0,insufficient_fund,672.0,0,,93,premium,672,debit_card,tier_2,2025-12-28,degraded,False,low,True,4.2.0,build_A1,system,True,2026-03-31 08:46:00,auto_retry,672.0
evt_SYN000431,sub_SYN00278,2025-11-30 19:31:00,30,0,insufficient_fund,102.0,0,,342,mobile,102,credit_card,tier_1,2024-12-23,degraded,False,low,False,4.3.1,build_A1,light,False,,none,0.0
evt_SYN000432,sub_SYN00278,2026-01-05 14:31:00,5,2,insufficient_fund,102.0,1,0.0,378,mobile,102,credit_card,tier_1,2024-12-23,degraded,False,low,False,4.2.0,build_B7,light,True,2026-01-12 10:01:00,auto_retry,102.0
evt_SYN000433,sub_SYN00278,2026-01-24 14:38:00,24,5,insufficient_fund,102.0,2,0.0,397,mobile,102,credit_card,tier_1,2024-12-23,good,False,low,False,4.2.0,build_B7,system,False,,none,0.0
evt_SYN000438,sub_SYN00281,2026-04-04 19:29:00,4,1,insufficient_fund,893.0,0,,130,premium,893,netbanking,tier_1,2025-11-25,good,False,low,False,4.2.0,build_C3,light,True,2026-04-07 12:03:00,auto_retry,893.0
evt_SYN000443,sub_SYN00285,2026-05-27 23:29:00,27,2,insufficient_fund,717.0,0,,388,premium,717,upi_autopay,tier_2,2025-05-04,good,False,low,False,5.0.0,build_D9,system,True,2026-05-30 03:43:00,auto_retry,717.0
evt_SYN000444,sub_SYN00286,2025-10-14 14:35:00,14,11,insufficient_fund,173.0,0,,124,mobile,173,credit_card,tier_2,2025-06-12,good,False,low,False,5.1.2,build_C3,dark,True,2025-10-16 18:28:00,customer_self_serve,173.0
evt_SYN000445,sub_SYN00287,2025-08-24 16:31:00,24,5,insufficient_fund,341.0,0,,397,mid,341,upi_autopay,tier_1,2024-07-23,good,False,medium,True,4.3.1,build_E2,system,True,2025-08-28 07:05:00,customer_self_serve,341.0
evt_SYN000450,sub_SYN00290,2026-05-12 23:23:00,12,9,insufficient_fund,824.0,0,,484,premium,824,debit_card,tier_1,2025-01-13,degraded,False,medium,False,5.0.0,build_D9,system,False,,none,0.0
evt_SYN000451,sub_SYN00290,2026-06-02 11:22:00,2,0,insufficient_fund,824.0,1,0.0,505,premium,824,debit_card,tier_1,2025-01-13,degraded,False,low,False,5.1.2,build_B7,light,False,,none,0.0
evt_SYN000452,sub_SYN00290,2026-07-08 13:31:00,8,5,insufficient_fund,824.0,2,0.0,541,premium,824,debit_card,tier_1,2025-01-13,degraded,False,medium,False,5.0.0,build_E2,dark,False,,none,0.0
evt_SYN000453,sub_SYN00290,2026-08-19 18:18:00,19,10,insufficient_fund,824.0,3,0.0,583,premium,824,debit_card,tier_1,2025-01-13,degraded,False,low,False,5.0.0,build_D9,dark,False,,none,0.0
evt_SYN000454,sub_SYN00291,2026-03-22 17:56:00,22,7,insufficient_fund,188.0,0,,579,mobile,188,credit_card,tier_2,2024-08-20,good,True,low,False,4.4.0,build_E2,dark,True,2026-03-26 08:28:00,auto_retry,188.0
evt_SYN000455,sub_SYN00291,2026-06-05 19:23:00,5,2,insufficient_fund,188.0,1,0.0,654,mobile,188,credit_card,tier_2,2024-08-20,good,False,low,False,4.2.0,build_B7,dark,True,2026-06-08 15:16:00,customer_self_serve,188.0
evt_SYN000458,sub_SYN00294,2026-05-13 09:17:00,13,10,insufficient_fund,3573.0,0,,74,saas,3573,credit_card,tier_2,2026-02-28,good,False,low,False,5.0.0,build_C3,light,False,,none,0.0
evt_SYN000459,sub_SYN00294,2026-06-22 04:19:00,22,6,insufficient_fund,3573.0,1,0.0,114,saas,3573,credit_card,tier_2,2026-02-28,degraded,False,low,False,5.1.2,build_E2,light,True,2026-06-27 05:09:00,auto_retry,3573.0
evt_SYN000460,sub_SYN00295,2025-08-06 12:01:00,6,3,insufficient_fund,92.0,0,,259,mobile,92,credit_card,tier_3,2024-11-20,good,False,low,False,4.3.1,build_C3,dark,False,,none,0.0
evt_SYN000461,sub_SYN00296,2025-10-03 19:19:00,3,0,insufficient_fund,362.0,0,,323,mid,362,credit_card,tier_2,2024-11-14,good,False,low,False,4.2.0,build_E2,light,False,,none,0.0
evt_SYN000465,sub_SYN00298,2025-12-18 03:15:00,18,11,insufficient_fund,452.0,0,,31,mid,452,upi_autopay,tier_2,2025-11-17,good,False,low,False,5.1.2,build_C3,system,True,2025-12-20 18:08:00,customer_self_serve,452.0
evt_SYN000466,sub_SYN00298,2026-01-08 19:09:00,8,5,insufficient_fund,452.0,1,1.0,52,mid,452,upi_autopay,tier_2,2025-11-17,good,False,low,False,5.1.2,build_E2,system,False,,none,0.0
evt_SYN000467,sub_SYN00298,2026-02-13 10:53:00,13,10,insufficient_fund,452.0,2,0.5,88,mid,452,upi_autopay,tier_2,2025-11-17,poor,False,low,False,4.2.0,build_E2,light,False,,none,0.0
evt_SYN000468,sub_SYN00298,2026-03-26 14:27:00,26,3,insufficient_fund,452.0,3,0.3333333333333333,129,mid,452,upi_autopay,tier_2,2025-11-17,degraded,False,medium,False,5.0.0,build_A1,light,False,,none,0.0
evt_SYN000469,sub_SYN00299,2026-06-12 02:55:00,12,9,insufficient_fund,386.0,0,,687,mid,386,upi_autopay,tier_1,2024-07-25,good,False,medium,False,4.3.1,build_E2,system,True,2026-06-16 13:29:00,customer_self_serve,350.98
evt_SYN000470,sub_SYN00299,2026-07-04 18:00:00,4,1,insufficient_fund,386.0,1,1.0,709,mid,386,upi_autopay,tier_1,2024-07-25,good,False,low,False,5.0.0,build_B7,dark,True,2026-07-12 00:45:00,customer_self_serve,386.0
evt_SYN000471,sub_SYN00300,2026-05-20 22:00:00,20,9,insufficient_fund,463.0,0,,132,mid,463,debit_card,tier_3,2026-01-08,good,False,medium,False,5.0.0,build_B7,light,False,,none,0.0
evt_SYN000472,sub_SYN00300,2026-05-31 14:02:00,31,0,insufficient_fund,463.0,1,0.0,143,mid,463,debit_card,tier_3,2026-01-08,degraded,False,medium,True,4.4.0,build_A1,system,True,2026-06-05 04:09:00,auto_retry,463.0
evt_SYN000473,sub_SYN00300,2026-06-29 06:36:00,29,0,insufficient_fund,463.0,2,0.0,172,mid,463,debit_card,tier_3,2026-01-08,good,False,medium,False,5.1.2,build_E2,light,False,,none,0.0
evt_SYN000475,sub_SYN00302,2025-12-27 09:33:00,27,2,insufficient_fund,181.0,0,,210,mobile,181,credit_card,tier_1,2025-05-31,good,False,low,False,4.4.0,build_C3,dark,True,2025-12-31 16:43:00,auto_retry,181.0
evt_SYN000476,sub_SYN00303,2026-05-02 18:39:00,2,0,insufficient_fund,420.0,0,,84,mid,420,debit_card,tier_3,2026-02-07,good,False,high,False,5.0.0,build_B7,light,True,2026-05-03 01:32:00,auto_retry,420.0
evt_SYN000477,sub_SYN00303,2026-05-27 23:55:00,27,2,insufficient_fund,420.0,1,0.0,109,mid,420,debit_card,tier_3,2026-02-07,good,False,medium,False,5.1.2,build_D9,dark,True,2026-06-10 23:55:00,auto_retry,420.0
evt_SYN000478,sub_SYN00303,2026-06-26 02:18:00,26,2,insufficient_fund,420.0,2,0.0,139,mid,420,debit_card,tier_3,2026-02-07,good,False,low,False,4.2.0,build_D9,system,True,2026-06-26 10:18:00,auto_retry,420.0
evt_SYN000482,sub_SYN00305,2026-06-14 21:20:00,14,11,insufficient_fund,468.0,0,,76,mid,468,upi_autopay,tier_1,2026-03-30,poor,False,low,False,5.1.2,build_B7,light,True,2026-06-17 01:16:00,auto_retry,468.0
evt_SYN000483,sub_SYN00306,2025-12-12 23:02:00,12,9,insufficient_fund,88.0,0,,315,mobile,88,debit_card,tier_1,2025-01-31,good,False,low,False,5.1.2,build_A1,dark,True,2025-12-14 01:05:00,customer_self_serve,88.0
evt_SYN000486,sub_SYN00308,2026-02-11 05:11:00,11,8,insufficient_fund,312.0,0,,135,mid,312,debit_card,tier_2,2025-09-29,good,False,high,False,5.1.2,build_E2,dark,True,2026-02-13 18:24:00,auto_retry,312.0
evt_SYN000487,sub_SYN00309,2025-10-05 19:07:00,5,2,insufficient_fund,83.0,0,,258,mobile,83,debit_card,tier_1,2025-01-20,good,False,low,False,5.1.2,build_E2,dark,True,2025-10-08 08:34:00,auto_retry,83.0
evt_SYN000488,sub_SYN00310,2026-06-04 08:39:00,4,1,insufficient_fund,182.0,0,,113,mobile,182,debit_card,tier_3,2026-02-11,good,False,medium,False,5.0.0,build_A1,system,True,2026-06-06 01:44:00,auto_retry,182.0
evt_SYN000490,sub_SYN00312,2025-07-28 03:25:00,28,1,insufficient_fund,663.0,0,,359,premium,663,debit_card,tier_2,2024-08-03,good,False,low,False,4.2.0,build_E2,light,True,2025-07-30 11:51:00,customer_self_serve,663.0
evt_SYN000492,sub_SYN00314,2025-03-07 21:14:00,7,4,insufficient_fund,697.0,0,,34,premium,697,debit_card,tier_1,2025-02-01,poor,False,medium,False,4.2.0,build_E2,system,True,2025-03-09 12:24:00,customer_self_serve,686.94
evt_SYN000494,sub_SYN00316,2026-02-12 21:17:00,12,9,insufficient_fund,672.0,0,,264,premium,672,credit_card,tier_2,2025-05-24,good,False,low,False,4.3.1,build_B7,light,True,2026-02-14 09:32:00,customer_self_serve,644.45
evt_SYN000495,sub_SYN00316,2026-08-02 06:58:00,2,0,insufficient_fund,672.0,1,1.0,435,premium,672,credit_card,tier_2,2025-05-24,good,False,low,False,5.0.0,build_C3,dark,True,2026-08-02 23:51:00,auto_retry,672.0
evt_SYN000499,sub_SYN00318,2025-12-16 03:27:00,16,13,insufficient_fund,476.0,0,,176,mid,476,debit_card,tier_1,2025-06-23,poor,False,medium,False,4.3.1,build_A1,light,True,2025-12-16 09:51:00,customer_self_serve,476.0
evt_SYN000500,sub_SYN00319,2026-01-23 21:52:00,23,6,insufficient_fund,427.0,0,,292,mid,427,debit_card,tier_1,2025-04-06,good,False,medium,False,5.0.0,build_B7,light,False,,none,0.0
evt_SYN000501,sub_SYN00320,2026-04-01 18:00:00,1,0,insufficient_fund,4940.0,0,,101,saas,4940,upi_autopay,tier_1,2025-12-21,good,False,low,False,4.3.1,build_A1,light,False,,none,0.0
evt_SYN000504,sub_SYN00323,2026-06-10 01:17:00,10,7,insufficient_fund,354.0,0,,86,mid,354,upi_autopay,tier_3,2026-03-16,degraded,False,medium,False,5.0.0,build_A1,system,True,2026-06-10 16:06:00,customer_self_serve,354.0
evt_SYN000505,sub_SYN00323,2026-07-18 10:49:00,18,11,insufficient_fund,354.0,1,1.0,124,mid,354,upi_autopay,tier_3,2026-03-16,good,False,medium,False,4.3.1,build_A1,light,True,2026-07-20 03:14:00,auto_retry,354.0
evt_SYN000506,sub_SYN00323,2026-08-15 15:11:00,15,12,insufficient_fund,354.0,2,0.5,152,mid,354,upi_autopay,tier_3,2026-03-16,good,False,high,False,5.1.2,build_C3,dark,True,2026-08-21 09:46:00,auto_retry,336.61
evt_SYN000507,sub_SYN00324,2026-02-21 09:55:00,21,5,insufficient_fund,862.0,0,,319,premium,862,debit_card,tier_2,2025-04-08,good,False,medium,False,4.4.0,build_E2,dark,True,2026-03-03 08:35:00,customer_self_serve,862.0
evt_SYN000508,sub_SYN00324,2026-04-01 02:55:00,1,0,insufficient_fund,862.0,1,1.0,358,premium,862,debit_card,tier_2,2025-04-08,good,False,medium,False,4.4.0,build_A1,light,True,2026-04-04 02:22:00,auto_retry,862.0
evt_SYN000509,sub_SYN00324,2026-05-05 23:10:00,5,2,insufficient_fund,862.0,2,0.5,392,premium,862,debit_card,tier_2,2025-04-08,good,False,low,False,5.0.0,build_A1,dark,True,2026-05-09 09:14:00,customer_self_serve,862.0
evt_SYN000515,sub_SYN00327,2026-03-02 19:30:00,2,0,insufficient_fund,449.0,0,,315,mid,449,debit_card,tier_3,2025-04-21,good,False,medium,False,4.2.0,build_C3,dark,True,2026-03-08 03:26:00,customer_self_serve,449.0
evt_SYN000516,sub_SYN00327,2026-04-02 18:28:00,2,0,insufficient_fund,449.0,1,1.0,346,mid,449,debit_card,tier_3,2025-04-21,good,False,medium,True,4.2.0,build_D9,dark,True,2026-04-11 22:49:00,auto_retry,449.0
evt_SYN000517,sub_SYN00328,2025-11-22 08:00:00,22,6,insufficient_fund,2045.0,0,,92,saas,2045,upi_autopay,tier_2,2025-08-22,poor,False,medium,True,4.2.0,build_A1,dark,False,,none,0.0
evt_SYN000518,sub_SYN00328,2025-12-23 10:12:00,23,6,insufficient_fund,2045.0,1,0.0,123,saas,2045,upi_autopay,tier_2,2025-08-22,good,False,low,False,4.3.1,build_B7,dark,False,,none,0.0
evt_SYN000519,sub_SYN00329,2026-02-25 10:03:00,25,1,insufficient_fund,312.0,0,,79,mid,312,netbanking,tier_1,2025-12-08,good,False,medium,False,5.1.2,build_C3,system,True,2026-02-27 01:38:00,auto_retry,312.0
evt_SYN000520,sub_SYN00330,2025-12-22 09:52:00,22,7,insufficient_fund,389.0,0,,145,mid,389,debit_card,tier_3,2025-07-30,good,True,low,False,4.3.1,build_E2,dark,True,2026-01-05 09:52:00,auto_retry,389.0
evt_SYN000521,sub_SYN00331,2025-05-30 20:36:00,30,0,insufficient_fund,1321.0,0,,304,saas,1321,credit_card,tier_1,2024-07-30,good,False,low,False,5.0.0,build_D9,light,True,2025-05-31 07:34:00,auto_retry,1321.0
evt_SYN000522,sub_SYN00332,2026-02-27 00:30:00,27,0,insufficient_fund,352.0,0,,263,mid,352,upi_autopay,tier_1,2025-06-09,good,False,high,False,4.4.0,build_E2,dark,True,2026-03-06 19:39:00,auto_retry,352.0
evt_SYN000523,sub_SYN00332,2026-03-28 06:00:00,28,1,insufficient_fund,352.0,1,0.0,292,mid,352,upi_autopay,tier_1,2025-06-09,degraded,False,low,False,4.4.0,build_D9,light,True,2026-03-29 03:13:00,customer_self_serve,352.0
evt_SYN000526,sub_SYN00334,2025-08-11 19:38:00,11,8,insufficient_fund,181.0,0,,229,mobile,181,credit_card,tier_1,2024-12-25,good,False,low,False,4.4.0,build_A1,light,True,2025-08-15 17:34:00,auto_retry,181.0
evt_SYN000528,sub_SYN00336,2025-10-31 00:27:00,31,0,insufficient_fund,111.0,0,,87,mobile,111,credit_card,tier_2,2025-08-05,degraded,False,medium,False,4.4.0,build_A1,dark,True,2025-10-31 20:22:00,auto_retry,111.0
evt_SYN000532,sub_SYN00338,2026-06-20 02:55:00,20,8,insufficient_fund,810.0,0,,125,premium,810,credit_card,tier_1,2026-02-15,degraded,False,low,False,4.3.1,build_D9,system,True,2026-06-21 09:40:00,customer_self_serve,810.0
evt_SYN000533,sub_SYN00339,2025-07-14 10:47:00,14,11,insufficient_fund,853.0,0,,178,premium,853,credit_card,tier_2,2025-01-17,good,False,medium,False,4.2.0,build_E2,system,False,,none,0.0
evt_SYN000535,sub_SYN00341,2026-03-16 11:42:00,16,13,insufficient_fund,499.0,0,,557,mid,499,debit_card,tier_3,2024-09-05,good,False,low,False,4.2.0,build_D9,light,False,,none,0.0
evt_SYN000540,sub_SYN00344,2026-02-12 18:38:00,12,9,insufficient_fund,128.0,0,,90,mobile,128,debit_card,tier_2,2025-11-14,degraded,False,medium,False,4.3.1,build_A1,dark,True,2026-02-13 10:13:00,customer_self_serve,128.0
evt_SYN000541,sub_SYN00344,2026-03-28 22:42:00,28,1,insufficient_fund,128.0,1,1.0,134,mobile,128,debit_card,tier_2,2025-11-14,good,False,low,False,4.3.1,build_B7,dark,True,2026-03-30 18:49:00,auto_retry,128.0
evt_SYN000542,sub_SYN00344,2026-04-24 17:55:00,24,4,insufficient_fund,128.0,2,0.5,161,mobile,128,debit_card,tier_2,2025-11-14,good,False,high,False,5.1.2,build_C3,light,True,2026-04-29 17:10:00,auto_retry,128.0
evt_SYN000545,sub_SYN00346,2025-01-27 05:26:00,27,2,insufficient_fund,196.0,0,,179,mobile,196,credit_card,tier_2,2024-08-01,good,False,high,False,4.3.1,build_B7,dark,False,,none,0.0
evt_SYN000546,sub_SYN00347,2026-05-24 22:12:00,24,5,insufficient_fund,383.0,0,,501,mid,383,upi_autopay,tier_2,2025-01-08,good,False,low,False,4.3.1,build_D9,light,True,2026-05-25 17:18:00,auto_retry,383.0
evt_SYN000552,sub_SYN00351,2025-03-30 05:15:00,30,0,insufficient_fund,3489.0,0,,216,saas,3489,upi_autopay,tier_1,2024-08-26,good,True,high,False,4.3.1,build_D9,dark,True,2025-03-30 19:33:00,auto_retry,3401.3
evt_SYN000556,sub_SYN00353,2026-04-17 19:07:00,17,11,insufficient_fund,786.0,0,,259,premium,786,credit_card,tier_1,2025-08-01,poor,False,low,False,4.4.0,build_E2,light,True,2026-04-20 02:38:00,auto_retry,786.0
evt_SYN000557,sub_SYN00353,2026-05-16 03:03:00,16,13,insufficient_fund,786.0,1,0.0,288,premium,786,credit_card,tier_1,2025-08-01,good,False,low,False,5.1.2,build_A1,system,False,,none,0.0
evt_SYN000558,sub_SYN00353,2026-06-24 05:13:00,24,4,insufficient_fund,786.0,2,0.0,327,premium,786,credit_card,tier_1,2025-08-01,good,False,medium,False,4.2.0,build_B7,light,True,2026-06-26 15:15:00,auto_retry,786.0
evt_SYN000560,sub_SYN00355,2025-07-23 10:50:00,23,6,insufficient_fund,4535.0,0,,37,saas,4535,netbanking,tier_1,2025-06-16,good,True,low,False,5.1.2,build_A1,light,False,,none,0.0
evt_SYN000564,sub_SYN00357,2025-03-07 19:56:00,7,4,insufficient_fund,129.0,0,,209,mobile,129,debit_card,tier_2,2024-08-10,good,False,low,False,5.0.0,build_A1,light,True,2025-03-10 20:23:00,customer_self_serve,129.0
evt_SYN000565,sub_SYN00357,2025-03-21 08:41:00,21,8,insufficient_fund,129.0,1,1.0,223,mobile,129,debit_card,tier_2,2024-08-10,good,False,medium,False,4.4.0,build_D9,dark,False,,none,0.0
evt_SYN000566,sub_SYN00358,2025-10-25 05:18:00,25,4,insufficient_fund,91.0,0,,137,mobile,91,credit_card,tier_2,2025-06-10,degraded,False,high,False,5.1.2,build_C3,light,True,2025-10-27 20:43:00,auto_retry,91.0
evt_SYN000567,sub_SYN00359,2026-03-15 04:08:00,15,12,insufficient_fund,180.0,0,,253,mobile,180,credit_card,tier_2,2025-07-05,good,False,medium,False,4.3.1,build_B7,system,True,2026-03-17 05:28:00,customer_self_serve,180.0
evt_SYN000568,sub_SYN00360,2025-11-10 00:59:00,10,7,insufficient_fund,412.0,0,,41,mid,412,debit_card,tier_1,2025-09-30,good,False,low,False,5.0.0,build_D9,dark,False,,none,0.0
evt_SYN000570,sub_SYN00362,2025-07-27 16:27:00,27,2,insufficient_fund,4680.0,0,,56,saas,4680,credit_card,tier_2,2025-06-01,poor,False,low,False,4.3.1,build_B7,system,True,2025-07-30 10:27:00,customer_self_serve,4680.0
evt_SYN000571,sub_SYN00362,2025-10-25 18:56:00,25,4,insufficient_fund,4680.0,1,1.0,146,saas,4680,credit_card,tier_2,2025-06-01,degraded,False,low,False,4.4.0,build_D9,light,True,2025-10-30 10:22:00,auto_retry,4680.0
evt_SYN000572,sub_SYN00363,2026-05-07 03:07:00,7,4,insufficient_fund,385.0,0,,66,mid,385,upi_autopay,tier_2,2026-03-02,good,False,low,False,4.4.0,build_E2,light,True,2026-05-10 16:45:00,auto_retry,385.0
evt_SYN000573,sub_SYN00364,2025-08-30 06:12:00,30,0,insufficient_fund,488.0,0,,334,mid,488,upi_autopay,tier_1,2024-09-30,good,False,low,False,4.3.1,build_A1,light,True,2025-09-06 13:46:00,auto_retry,488.0
evt_SYN000577,sub_SYN00367,2026-03-13 12:26:00,13,10,insufficient_fund,107.0,0,,64,mobile,107,credit_card,tier_2,2026-01-08,poor,False,low,False,4.3.1,build_E2,system,True,2026-03-13 18:28:00,auto_retry,96.47
evt_SYN000578,sub_SYN00367,2026-04-12 14:13:00,12,9,insufficient_fund,107.0,1,0.0,94,mobile,107,credit_card,tier_2,2026-01-08,good,False,low,False,5.1.2,build_B7,system,False,,none,0.0
evt_SYN000579,sub_SYN00367,2026-05-12 17:25:00,12,9,insufficient_fund,107.0,2,0.0,124,mobile,107,credit_card,tier_2,2026-01-08,good,False,low,False,4.4.0,build_B7,light,False,,none,0.0
evt_SYN000591,sub_SYN00373,2025-02-10 19:13:00,10,7,insufficient_fund,2288.0,0,,17,saas,2288,debit_card,tier_1,2025-01-24,good,False,low,False,4.2.0,build_B7,system,True,2025-02-11 06:57:00,customer_self_serve,2288.0
evt_SYN000592,sub_SYN00374,2026-06-01 23:33:00,1,0,insufficient_fund,4374.0,0,,200,saas,4374,debit_card,tier_2,2025-11-13,good,False,high,False,4.2.0,build_E2,light,True,2026-06-02 10:53:00,auto_retry,3906.56
evt_SYN000596,sub_SYN00378,2026-01-18 12:21:00,18,11,insufficient_fund,349.0,0,,70,mid,349,debit_card,tier_2,2025-11-09,good,False,low,False,4.3.1,build_D9,dark,True,2026-01-18 13:41:00,customer_self_serve,349.0
evt_SYN000599,sub_SYN00381,2025-05-05 23:20:00,5,2,insufficient_fund,326.0,0,,219,mid,326,debit_card,tier_3,2024-09-28,good,False,medium,False,4.3.1,build_D9,system,False,,none,0.0
evt_SYN000600,sub_SYN00382,2025-10-28 01:04:00,28,1,insufficient_fund,372.0,0,,245,mid,372,debit_card,tier_3,2025-02-25,good,False,medium,False,5.0.0,build_B7,dark,True,2025-11-11 01:04:00,customer_self_serve,372.0
evt_SYN000601,sub_SYN00382,2025-11-08 08:11:00,8,5,insufficient_fund,372.0,1,1.0,256,mid,372,debit_card,tier_3,2025-02-25,good,False,low,False,5.1.2,build_A1,dark,True,2025-11-08 16:48:00,customer_self_serve,372.0
evt_SYN000602,sub_SYN00382,2025-11-29 18:27:00,29,0,insufficient_fund,372.0,2,1.0,277,mid,372,debit_card,tier_3,2025-02-25,good,False,medium,False,4.4.0,build_E2,system,True,2025-12-13 18:27:00,auto_retry,347.62
evt_SYN000607,sub_SYN00387,2026-04-06 00:58:00,6,3,insufficient_fund,96.0,0,,34,mobile,96,upi_autopay,tier_3,2026-03-03,good,False,medium,False,4.4.0,build_C3,system,False,,none,0.0
evt_SYN000609,sub_SYN00389,2026-01-24 22:41:00,24,5,insufficient_fund,378.0,0,,14,mid,378,netbanking,tier_1,2026-01-10,good,False,low,False,5.1.2,build_C3,dark,True,2026-01-29 22:24:00,customer_self_serve,324.43
evt_SYN000610,sub_SYN00389,2026-03-04 08:13:00,4,1,insufficient_fund,378.0,1,1.0,53,mid,378,netbanking,tier_1,2026-01-10,good,False,low,False,5.0.0,build_A1,light,False,,none,0.0
evt_SYN000611,sub_SYN00389,2026-04-12 14:56:00,12,9,insufficient_fund,378.0,2,0.5,92,mid,378,netbanking,tier_1,2026-01-10,good,False,medium,False,5.0.0,build_C3,light,False,,none,0.0
evt_SYN000612,sub_SYN00389,2026-04-22 02:54:00,22,6,insufficient_fund,378.0,3,0.3333333333333333,102,mid,378,netbanking,tier_1,2026-01-10,good,False,low,False,5.1.2,build_D9,light,True,2026-04-24 01:52:00,auto_retry,378.0
evt_SYN000614,sub_SYN00391,2026-05-01 15:37:00,1,0,insufficient_fund,841.0,0,,408,premium,841,credit_card,tier_2,2025-03-19,poor,False,medium,False,5.1.2,build_B7,light,True,2026-05-02 08:16:00,customer_self_serve,841.0
evt_SYN000615,sub_SYN00392,2025-11-11 02:37:00,11,8,insufficient_fund,497.0,0,,22,mid,497,debit_card,tier_3,2025-10-20,good,False,low,False,4.4.0,build_A1,system,True,2025-11-15 12:24:00,auto_retry,497.0
evt_SYN000616,sub_SYN00392,2025-12-08 04:56:00,8,5,insufficient_fund,497.0,1,0.0,49,mid,497,debit_card,tier_3,2025-10-20,good,False,high,False,4.2.0,build_B7,dark,True,2025-12-13 21:39:00,auto_retry,497.0
evt_SYN000620,sub_SYN00395,2025-06-08 13:51:00,8,5,insufficient_fund,87.0,0,,174,mobile,87,debit_card,tier_3,2024-12-16,good,False,low,False,4.2.0,build_E2,dark,True,2025-06-12 17:09:00,auto_retry,87.0
evt_SYN000624,sub_SYN00397,2026-04-01 19:20:00,1,0,insufficient_fund,135.0,0,,48,mobile,135,debit_card,tier_1,2026-02-12,good,False,low,False,4.3.1,build_D9,light,True,2026-04-02 10:02:00,auto_retry,135.0
evt_SYN000625,sub_SYN00398,2026-04-26 15:15:00,26,2,insufficient_fund,81.0,0,,354,mobile,81,upi_autopay,tier_2,2025-05-07,poor,False,low,False,4.4.0,build_B7,light,True,2026-04-27 04:46:00,auto_retry,81.0
evt_SYN000629,sub_SYN00402,2026-06-13 01:52:00,13,10,insufficient_fund,686.0,0,,14,premium,686,credit_card,tier_2,2026-05-30,good,False,high,False,4.3.1,build_B7,system,False,,none,0.0
evt_SYN000630,sub_SYN00402,2026-06-30 04:59:00,30,0,insufficient_fund,686.0,1,0.0,31,premium,686,credit_card,tier_2,2026-05-30,good,False,low,True,4.2.0,build_C3,light,False,,none,0.0
evt_SYN000631,sub_SYN00402,2026-07-26 01:49:00,26,3,insufficient_fund,686.0,2,0.0,57,premium,686,credit_card,tier_2,2026-05-30,good,False,high,False,5.0.0,build_A1,light,False,,none,0.0
evt_SYN000632,sub_SYN00402,2026-08-08 05:28:00,8,5,insufficient_fund,686.0,3,0.0,70,premium,686,credit_card,tier_2,2026-05-30,good,False,low,False,4.2.0,build_E2,system,True,2026-08-09 00:41:00,customer_self_serve,686.0
evt_SYN000633,sub_SYN00403,2025-07-25 16:02:00,25,4,insufficient_fund,88.0,0,,57,mobile,88,upi_autopay,tier_3,2025-05-29,poor,False,medium,False,4.3.1,build_E2,light,True,2025-07-25 22:59:00,customer_self_serve,76.96
evt_SYN000634,sub_SYN00404,2026-02-16 06:36:00,16,10,insufficient_fund,329.0,0,,32,mid,329,upi_autopay,tier_3,2026-01-15,poor,False,low,False,4.2.0,build_B7,dark,False,,none,0.0
evt_SYN000635,sub_SYN00405,2025-09-17 05:34:00,17,11,insufficient_fund,322.0,0,,250,mid,322,debit_card,tier_3,2025-01-10,good,False,low,False,4.4.0,build_C3,system,False,,none,0.0
evt_SYN000636,sub_SYN00405,2025-09-27 16:44:00,27,1,insufficient_fund,322.0,1,0.0,260,mid,322,debit_card,tier_3,2025-01-10,good,False,low,False,5.0.0,build_D9,system,False,,none,0.0
evt_SYN000637,sub_SYN00406,2025-11-04 18:14:00,4,1,insufficient_fund,426.0,0,,465,mid,426,upi_autopay,tier_2,2024-07-27,good,False,medium,False,5.1.2,build_C3,light,True,2025-11-09 02:53:00,auto_retry,426.0
evt_SYN000638,sub_SYN00407,2026-06-18 14:25:00,18,10,insufficient_fund,92.0,0,,164,mobile,92,credit_card,tier_1,2026-01-05,poor,False,medium,False,4.2.0,build_A1,system,False,,none,0.0
evt_SYN000639,sub_SYN00407,2026-07-29 22:07:00,29,0,insufficient_fund,92.0,1,0.0,205,mobile,92,credit_card,tier_1,2026-01-05,good,False,low,True,4.2.0,build_C3,dark,True,2026-08-02 11:11:00,auto_retry,92.0
evt_SYN000641,sub_SYN00409,2026-06-07 04:58:00,7,4,insufficient_fund,694.0,0,,155,premium,694,credit_card,tier_1,2026-01-03,degraded,False,high,False,5.1.2,build_C3,dark,False,,none,0.0
evt_SYN000642,sub_SYN00410,2026-06-19 22:37:00,19,9,insufficient_fund,130.0,0,,31,mobile,130,credit_card,tier_2,2026-05-19,good,False,medium,False,5.0.0,build_E2,dark,True,2026-06-22 16:48:00,auto_retry,130.0
evt_SYN000643,sub_SYN00411,2025-10-04 08:43:00,4,1,insufficient_fund,126.0,0,,291,mobile,126,debit_card,tier_1,2024-12-17,good,False,low,False,4.3.1,build_E2,light,True,2025-10-10 06:59:00,auto_retry,126.0
evt_SYN000644,sub_SYN00411,2025-11-09 01:24:00,9,6,insufficient_fund,126.0,1,0.0,327,mobile,126,debit_card,tier_1,2024-12-17,degraded,False,low,False,5.1.2,build_E2,light,True,2025-11-11 03:44:00,customer_self_serve,126.0
evt_SYN000645,sub_SYN00412,2026-06-07 15:42:00,7,4,insufficient_fund,3107.0,0,,310,saas,3107,debit_card,tier_2,2025-08-01,good,False,low,False,4.3.1,build_D9,light,True,2026-06-10 14:47:00,auto_retry,3107.0
evt_SYN000646,sub_SYN00412,2026-08-26 04:06:00,26,3,insufficient_fund,3107.0,1,0.0,390,saas,3107,debit_card,tier_2,2025-08-01,good,False,high,False,4.2.0,build_E2,system,True,2026-08-28 06:11:00,auto_retry,3107.0
evt_SYN000647,sub_SYN00413,2025-10-15 16:07:00,15,12,insufficient_fund,397.0,0,,434,mid,397,netbanking,tier_1,2024-08-07,good,False,low,False,4.3.1,build_B7,system,False,,none,0.0
evt_SYN000648,sub_SYN00413,2025-10-26 22:29:00,26,3,insufficient_fund,397.0,1,0.0,445,mid,397,netbanking,tier_1,2024-08-07,good,False,medium,False,4.4.0,build_D9,light,False,,none,0.0
evt_SYN000649,sub_SYN00413,2025-11-12 08:56:00,12,9,insufficient_fund,397.0,2,0.0,462,mid,397,netbanking,tier_1,2024-08-07,degraded,False,low,True,4.3.1,build_E2,dark,False,,none,0.0
evt_SYN000652,sub_SYN00416,2025-10-29 10:19:00,29,0,insufficient_fund,318.0,0,,100,mid,318,upi_autopay,tier_2,2025-07-21,good,False,medium,True,4.4.0,build_E2,system,True,2025-10-30 10:16:00,auto_retry,318.0
evt_SYN000653,sub_SYN00417,2026-02-08 11:11:00,8,5,insufficient_fund,760.0,0,,30,premium,760,upi_autopay,tier_2,2026-01-09,degraded,False,high,False,4.2.0,build_D9,dark,False,,none,0.0
evt_SYN000654,sub_SYN00417,2026-03-05 17:08:00,5,2,insufficient_fund,760.0,1,0.0,55,premium,760,upi_autopay,tier_2,2026-01-09,poor,False,medium,False,5.1.2,build_D9,dark,True,2026-03-06 05:49:00,auto_retry,760.0
evt_SYN000655,sub_SYN00417,2026-03-23 03:25:00,23,6,insufficient_fund,760.0,2,0.0,73,premium,760,upi_autopay,tier_2,2026-01-09,poor,False,medium,False,5.1.2,build_B7,system,True,2026-03-25 17:35:00,customer_self_serve,760.0
evt_SYN000656,sub_SYN00417,2026-05-01 15:11:00,1,0,insufficient_fund,760.0,3,0.3333333333333333,112,premium,760,upi_autopay,tier_2,2026-01-09,good,False,low,True,4.4.0,build_B7,light,False,,none,0.0
evt_SYN000658,sub_SYN00419,2025-06-17 04:41:00,17,11,insufficient_fund,3457.0,0,,135,saas,3457,debit_card,tier_3,2025-02-02,poor,False,low,False,5.1.2,build_D9,dark,False,,none,0.0
evt_SYN000659,sub_SYN00420,2025-12-07 09:49:00,7,4,insufficient_fund,322.0,0,,63,mid,322,debit_card,tier_3,2025-10-05,good,False,low,False,4.2.0,build_E2,light,False,,none,0.0
evt_SYN000660,sub_SYN00420,2026-01-11 13:21:00,11,8,insufficient_fund,322.0,1,0.0,98,mid,322,debit_card,tier_3,2025-10-05,poor,False,low,False,5.0.0,build_D9,light,True,2026-01-12 18:18:00,auto_retry,322.0
evt_SYN000661,sub_SYN00420,2026-02-11 03:59:00,11,8,insufficient_fund,322.0,2,0.0,129,mid,322,debit_card,tier_3,2025-10-05,good,False,low,False,4.3.1,build_D9,dark,True,2026-02-12 00:57:00,auto_retry,322.0
evt_SYN000662,sub_SYN00421,2025-11-22 14:09:00,22,6,insufficient_fund,154.0,0,,179,mobile,154,credit_card,tier_1,2025-05-27,good,False,low,False,4.4.0,build_C3,light,False,,none,0.0
evt_SYN000663,sub_SYN00422,2025-11-11 11:09:00,11,8,insufficient_fund,438.0,0,,267,mid,438,credit_card,tier_2,2025-02-17,degraded,False,low,False,5.1.2,build_A1,system,True,2025-11-12 15:31:00,auto_retry,438.0
evt_SYN000664,sub_SYN00423,2025-01-28 03:17:00,28,1,insufficient_fund,382.0,0,,60,mid,382,upi_autopay,tier_1,2024-11-29,good,False,medium,False,4.3.1,build_A1,system,False,,none,0.0
evt_SYN000670,sub_SYN00426,2026-03-25 02:11:00,25,4,insufficient_fund,356.0,0,,13,mid,356,credit_card,tier_1,2026-03-12,good,True,medium,False,5.1.2,build_A1,dark,True,2026-03-26 06:53:00,customer_self_serve,356.0
evt_SYN000676,sub_SYN00429,2026-05-02 06:22:00,2,0,insufficient_fund,485.0,0,,66,mid,485,credit_card,tier_3,2026-02-25,good,False,medium,False,4.2.0,build_E2,system,False,,none,0.0
evt_SYN000677,sub_SYN00429,2026-05-24 09:39:00,24,5,insufficient_fund,485.0,1,0.0,88,mid,485,credit_card,tier_3,2026-02-25,good,False,high,False,5.0.0,build_C3,dark,True,2026-05-30 02:48:00,customer_self_serve,485.0
evt_SYN000679,sub_SYN00431,2026-06-05 11:28:00,5,2,insufficient_fund,418.0,0,,314,mid,418,debit_card,tier_2,2025-07-26,good,False,low,False,5.0.0,build_C3,dark,True,2026-06-19 11:28:00,auto_retry,418.0
evt_SYN000680,sub_SYN00431,2026-06-28 07:13:00,28,0,insufficient_fund,418.0,1,0.0,337,mid,418,debit_card,tier_2,2025-07-26,good,False,low,False,4.4.0,build_C3,dark,False,,none,0.0
evt_SYN000681,sub_SYN00431,2026-08-05 21:59:00,5,2,insufficient_fund,418.0,2,0.0,375,mid,418,debit_card,tier_2,2025-07-26,good,False,low,False,4.2.0,build_D9,system,False,,none,0.0
evt_SYN000682,sub_SYN00432,2026-06-09 19:45:00,9,6,insufficient_fund,760.0,0,,85,premium,760,upi_autopay,tier_3,2026-03-16,good,False,medium,False,5.0.0,build_E2,dark,False,,none,0.0
evt_SYN000683,sub_SYN00432,2026-07-11 09:33:00,11,8,insufficient_fund,760.0,1,0.0,117,premium,760,upi_autopay,tier_3,2026-03-16,good,False,low,False,4.4.0,build_D9,light,True,2026-07-13 04:07:00,customer_self_serve,760.0
evt_SYN000684,sub_SYN00432,2026-08-10 11:08:00,10,7,insufficient_fund,760.0,2,0.5,147,premium,760,upi_autopay,tier_3,2026-03-16,good,False,high,False,4.3.1,build_D9,system,True,2026-08-12 11:31:00,customer_self_serve,760.0
evt_SYN000689,sub_SYN00435,2025-12-22 21:55:00,22,7,insufficient_fund,156.0,0,,111,mobile,156,credit_card,tier_2,2025-09-02,good,False,low,False,4.2.0,build_D9,dark,True,2025-12-22 23:07:00,customer_self_serve,156.0
evt_SYN000700,sub_SYN00442,2025-04-17 18:00:00,17,11,insufficient_fund,425.0,0,,177,mid,425,debit_card,tier_1,2024-10-22,poor,False,low,False,4.2.0,build_D9,dark,False,,none,0.0
evt_SYN000701,sub_SYN00442,2025-05-19 13:00:00,19,10,insufficient_fund,425.0,1,0.0,209,mid,425,debit_card,tier_1,2024-10-22,good,False,high,False,4.4.0,build_A1,light,True,2025-05-21 06:04:00,customer_self_serve,410.34
evt_SYN000703,sub_SYN00444,2026-04-09 21:01:00,9,6,insufficient_fund,948.0,0,,105,premium,948,debit_card,tier_3,2025-12-25,poor,False,low,False,4.2.0,build_C3,light,False,,none,0.0
evt_SYN000706,sub_SYN00446,2026-06-14 17:28:00,14,11,insufficient_fund,109.0,0,,497,mobile,109,debit_card,tier_2,2025-02-02,good,False,low,False,4.2.0,build_A1,system,False,,none,0.0
evt_SYN000707,sub_SYN00447,2025-12-09 10:59:00,9,6,insufficient_fund,3040.0,0,,155,saas,3040,upi_autopay,tier_2,2025-07-07,good,True,medium,False,5.0.0,build_E2,light,True,2025-12-09 15:08:00,auto_retry,3040.0
evt_SYN000708,sub_SYN00447,2026-01-11 03:17:00,11,8,insufficient_fund,3040.0,1,0.0,188,saas,3040,upi_autopay,tier_2,2025-07-07,good,False,medium,False,5.0.0,build_C3,system,True,2026-01-22 02:07:00,auto_retry,3040.0
evt_SYN000709,sub_SYN00448,2025-09-24 08:17:00,24,4,insufficient_fund,80.0,0,,229,mobile,80,upi_autopay,tier_1,2025-02-07,good,True,low,False,5.0.0,build_B7,dark,True,2025-09-25 03:26:00,auto_retry,80.0
evt_SYN000718,sub_SYN00452,2025-09-19 06:48:00,19,9,insufficient_fund,973.0,0,,89,premium,973,credit_card,tier_1,2025-06-22,good,False,medium,False,4.3.1,build_E2,light,False,,none,0.0
evt_SYN000719,sub_SYN00452,2025-10-11 20:04:00,11,8,insufficient_fund,973.0,1,0.0,111,premium,973,credit_card,tier_1,2025-06-22,good,False,low,False,4.4.0,build_A1,light,True,2025-10-15 10:02:00,auto_retry,973.0
evt_SYN000720,sub_SYN00453,2025-12-28 14:34:00,28,1,insufficient_fund,2758.0,0,,37,saas,2758,netbanking,tier_1,2025-11-21,good,False,high,False,4.3.1,build_A1,light,True,2025-12-30 12:09:00,customer_self_serve,2758.0
evt_SYN000722,sub_SYN00455,2025-09-30 09:14:00,30,0,insufficient_fund,4941.0,0,,279,saas,4941,credit_card,tier_2,2024-12-25,good,False,low,False,4.2.0,build_C3,dark,True,2025-10-03 06:52:00,customer_self_serve,4941.0
evt_SYN000723,sub_SYN00456,2026-05-31 18:31:00,31,0,insufficient_fund,447.0,0,,330,mid,447,upi_autopay,tier_3,2025-07-05,good,False,low,True,4.2.0,build_A1,light,False,,none,0.0
evt_SYN000724,sub_SYN00457,2025-05-19 22:49:00,19,10,insufficient_fund,90.0,0,,129,mobile,90,credit_card,tier_3,2025-01-10,good,False,low,False,4.2.0,build_E2,system,False,,none,0.0
evt_SYN000725,sub_SYN00458,2026-02-06 04:41:00,6,3,insufficient_fund,932.0,0,,243,premium,932,debit_card,tier_1,2025-06-08,good,False,low,False,4.3.1,build_D9,dark,True,2026-02-11 19:38:00,customer_self_serve,932.0
evt_SYN000726,sub_SYN00458,2026-02-16 14:13:00,16,10,insufficient_fund,932.0,1,1.0,253,premium,932,debit_card,tier_1,2025-06-08,degraded,False,low,False,4.3.1,build_C3,dark,True,2026-03-02 12:23:00,customer_self_serve,932.0
evt_SYN000729,sub_SYN00460,2026-06-11 00:31:00,11,8,insufficient_fund,484.0,0,,168,mid,484,credit_card,tier_2,2025-12-25,good,False,high,False,4.4.0,build_E2,dark,False,,none,0.0
evt_SYN000730,sub_SYN00460,2026-07-14 20:44:00,14,11,insufficient_fund,484.0,1,0.0,201,mid,484,credit_card,tier_2,2025-12-25,poor,False,medium,False,4.2.0,build_A1,light,False,,none,0.0
evt_SYN000731,sub_SYN00461,2025-05-11 17:55:00,11,8,insufficient_fund,331.0,0,,132,mid,331,credit_card,tier_2,2024-12-30,good,False,low,False,5.1.2,build_E2,dark,True,2025-05-11 23:54:00,auto_retry,331.0
evt_SYN000733,sub_SYN00463,2026-01-12 13:05:00,12,9,insufficient_fund,164.0,0,,47,mobile,164,credit_card,tier_1,2025-11-26,good,False,low,False,4.2.0,build_E2,light,True,2026-01-14 23:16:00,auto_retry,164.0
evt_SYN000734,sub_SYN00464,2026-05-13 14:47:00,13,10,insufficient_fund,663.0,0,,371,premium,663,credit_card,tier_2,2025-05-07,good,False,high,True,4.4.0,build_C3,light,False,,none,0.0
evt_SYN000735,sub_SYN00464,2026-06-11 13:54:00,11,8,insufficient_fund,663.0,1,0.0,400,premium,663,credit_card,tier_2,2025-05-07,good,False,low,False,4.3.1,build_C3,system,True,2026-06-19 16:37:00,customer_self_serve,663.0
evt_SYN000736,sub_SYN00464,2026-07-20 17:00:00,20,9,insufficient_fund,663.0,2,0.5,439,premium,663,credit_card,tier_2,2025-05-07,poor,False,high,False,4.4.0,build_E2,light,True,2026-07-21 09:42:00,auto_retry,614.17
evt_SYN000739,sub_SYN00466,2026-06-12 09:02:00,12,9,insufficient_fund,774.0,0,,186,premium,774,debit_card,tier_2,2025-12-08,good,False,medium,False,5.0.0,build_A1,dark,True,2026-06-12 13:50:00,auto_retry,774.0
evt_SYN000740,sub_SYN00466,2026-07-10 21:43:00,10,7,insufficient_fund,774.0,1,0.0,214,premium,774,debit_card,tier_2,2025-12-08,good,False,low,False,4.2.0,build_C3,dark,True,2026-07-24 21:43:00,auto_retry,774.0
evt_SYN000741,sub_SYN00466,2026-08-16 21:42:00,16,13,insufficient_fund,774.0,2,0.0,251,premium,774,debit_card,tier_2,2025-12-08,degraded,False,low,False,4.3.1,build_C3,light,True,2026-08-25 05:06:00,auto_retry,774.0
evt_SYN000746,sub_SYN00470,2026-03-01 08:49:00,1,0,insufficient_fund,175.0,0,,190,mobile,175,debit_card,tier_1,2025-08-23,good,False,medium,True,5.0.0,build_E2,system,True,2026-03-01 16:50:00,auto_retry,175.0
evt_SYN000747,sub_SYN00471,2025-11-15 00:18:00,15,12,insufficient_fund,1249.0,0,,228,saas,1249,credit_card,tier_1,2025-04-01,degraded,False,low,False,4.3.1,build_D9,dark,True,2025-11-18 02:04:00,customer_self_serve,1249.0
evt_SYN000749,sub_SYN00473,2026-01-19 08:13:00,19,10,insufficient_fund,436.0,0,,265,mid,436,upi_autopay,tier_1,2025-04-29,good,False,medium,False,5.0.0,build_A1,light,True,2026-01-20 00:41:00,auto_retry,436.0
evt_SYN000752,sub_SYN00476,2026-04-02 09:00:00,2,0,insufficient_fund,480.0,0,,494,mid,480,debit_card,tier_3,2024-11-24,good,False,medium,True,4.3.1,build_C3,dark,True,2026-04-04 09:48:00,auto_retry,480.0
evt_SYN000753,sub_SYN00477,2026-04-29 22:05:00,29,0,insufficient_fund,2040.0,0,,264,saas,2040,credit_card,tier_3,2025-08-08,good,False,low,True,4.2.0,build_A1,light,True,2026-05-03 04:35:00,auto_retry,2040.0
evt_SYN000754,sub_SYN00478,2026-03-04 00:01:00,4,1,insufficient_fund,818.0,0,,84,premium,818,upi_autopay,tier_3,2025-12-10,good,False,low,False,4.4.0,build_A1,system,False,,none,0.0
evt_SYN000755,sub_SYN00478,2026-04-06 03:04:00,6,3,insufficient_fund,818.0,1,0.0,117,premium,818,upi_autopay,tier_3,2025-12-10,good,False,medium,False,4.2.0,build_D9,dark,False,,none,0.0
evt_SYN000757,sub_SYN00480,2025-04-11 16:44:00,11,8,insufficient_fund,892.0,0,,115,premium,892,netbanking,tier_1,2024-12-17,poor,False,medium,False,5.0.0,build_A1,dark,True,2025-04-14 23:53:00,auto_retry,892.0
evt_SYN000758,sub_SYN00481,2026-01-08 06:50:00,8,5,insufficient_fund,318.0,0,,182,mid,318,credit_card,tier_2,2025-07-10,good,False,low,False,4.2.0,build_B7,light,True,2026-01-09 00:06:00,customer_self_serve,318.0
evt_SYN000760,sub_SYN00483,2025-08-06 11:50:00,6,3,insufficient_fund,175.0,0,,216,mobile,175,credit_card,tier_2,2025-01-02,good,False,low,False,4.3.1,build_C3,system,True,2025-08-07 16:17:00,auto_retry,175.0
evt_SYN000763,sub_SYN00486,2026-06-16 06:37:00,16,12,insufficient_fund,188.0,0,,194,mobile,188,debit_card,tier_2,2025-12-04,good,False,low,False,5.1.2,build_B7,system,True,2026-06-16 08:41:00,auto_retry,188.0
evt_SYN000765,sub_SYN00488,2026-05-31 13:40:00,31,0,insufficient_fund,2836.0,0,,14,saas,2836,netbanking,tier_1,2026-05-17,good,False,low,False,5.0.0,build_A1,dark,True,2026-06-07 01:22:00,auto_retry,2836.0
evt_SYN000766,sub_SYN00489,2026-04-01 07:27:00,1,0,insufficient_fund,111.0,0,,633,mobile,111,credit_card,tier_2,2024-07-07,good,False,low,False,4.3.1,build_D9,dark,True,2026-04-01 09:51:00,auto_retry,111.0
evt_SYN000767,sub_SYN00489,2026-05-04 08:36:00,4,1,insufficient_fund,111.0,1,0.0,666,mobile,111,credit_card,tier_2,2024-07-07,good,False,low,False,4.4.0,build_E2,light,True,2026-05-05 05:18:00,auto_retry,111.0
evt_SYN000768,sub_SYN00490,2025-12-27 06:14:00,27,2,insufficient_fund,122.0,0,,27,mobile,122,credit_card,tier_2,2025-11-30,good,False,low,False,4.4.0,build_B7,system,False,,none,0.0
evt_SYN000769,sub_SYN00490,2026-01-16 16:13:00,16,13,insufficient_fund,122.0,1,0.0,47,mobile,122,credit_card,tier_2,2025-11-30,good,False,medium,False,5.1.2,build_E2,dark,True,2026-01-28 00:43:00,auto_retry,109.95
evt_SYN000770,sub_SYN00490,2026-02-19 01:07:00,19,7,insufficient_fund,122.0,2,0.0,81,mobile,122,credit_card,tier_2,2025-11-30,good,False,low,False,5.0.0,build_B7,light,True,2026-02-22 11:43:00,customer_self_serve,122.0
evt_SYN000771,sub_SYN00491,2025-12-29 10:36:00,29,0,insufficient_fund,430.0,0,,312,mid,430,upi_autopay,tier_1,2025-02-20,good,False,low,False,5.1.2,build_D9,dark,True,2026-01-01 22:40:00,customer_self_serve,430.0
evt_SYN000772,sub_SYN00491,2026-01-30 05:13:00,30,0,insufficient_fund,430.0,1,1.0,344,mid,430,upi_autopay,tier_1,2025-02-20,good,False,low,False,4.2.0,build_A1,light,True,2026-02-05 02:30:00,auto_retry,430.0
evt_SYN000775,sub_SYN00493,2026-05-16 19:10:00,16,13,insufficient_fund,149.0,0,,97,mobile,149,debit_card,tier_2,2026-02-08,good,False,low,False,4.2.0,build_A1,light,True,2026-05-18 14:27:00,customer_self_serve,149.0
evt_SYN000776,sub_SYN00494,2025-02-11 02:39:00,11,8,insufficient_fund,364.0,0,,119,mid,364,debit_card,tier_1,2024-10-15,good,False,low,False,4.2.0,build_C3,dark,False,,none,0.0
evt_SYN000777,sub_SYN00494,2025-02-21 16:22:00,21,5,insufficient_fund,364.0,1,0.0,129,mid,364,debit_card,tier_1,2024-10-15,good,False,medium,False,4.2.0,build_B7,system,False,,none,0.0
evt_SYN000778,sub_SYN00494,2025-03-11 03:46:00,11,8,insufficient_fund,364.0,2,0.0,147,mid,364,debit_card,tier_1,2024-10-15,poor,False,low,False,4.2.0,build_A1,dark,True,2025-03-25 03:46:00,auto_retry,364.0
evt_SYN000780,sub_SYN00496,2025-08-06 08:03:00,6,3,insufficient_fund,158.0,0,,11,mobile,158,credit_card,tier_2,2025-07-26,poor,False,low,False,4.3.1,build_E2,dark,False,,none,0.0
evt_SYN000781,sub_SYN00497,2026-04-03 18:11:00,3,0,insufficient_fund,109.0,0,,272,mobile,109,debit_card,tier_2,2025-07-05,good,False,high,False,4.4.0,build_D9,dark,True,2026-04-06 23:42:00,auto_retry,109.0
evt_SYN000782,sub_SYN00497,2026-05-03 03:00:00,3,0,insufficient_fund,109.0,1,0.0,302,mobile,109,debit_card,tier_2,2025-07-05,good,False,medium,False,4.2.0,build_C3,light,False,,none,0.0
evt_SYN000783,sub_SYN00498,2025-11-26 23:05:00,26,2,insufficient_fund,713.0,0,,75,premium,713,debit_card,tier_1,2025-09-12,good,False,low,False,5.1.2,build_E2,system,True,2025-11-29 09:55:00,auto_retry,649.08
evt_SYN000784,sub_SYN00499,2026-03-17 20:54:00,17,12,insufficient_fund,346.0,0,,335,mid,346,debit_card,tier_3,2025-04-16,good,False,low,False,4.2.0,build_D9,system,False,,none,0.0
evt_SYN000785,sub_SYN00499,2026-04-18 06:23:00,18,10,insufficient_fund,346.0,1,0.0,367,mid,346,debit_card,tier_3,2025-04-16,poor,False,low,False,5.0.0,build_C3,dark,False,,none,0.0
evt_SYN000786,sub_SYN00499,2026-05-17 17:19:00,17,12,insufficient_fund,346.0,2,0.0,396,mid,346,debit_card,tier_3,2025-04-16,good,False,medium,False,5.1.2,build_A1,system,True,2026-05-18 06:40:00,auto_retry,346.0
evt_SYN000787,sub_SYN00500,2025-01-21 06:51:00,21,8,insufficient_fund,885.0,0,,145,premium,885,credit_card,tier_1,2024-08-29,good,False,medium,False,5.0.0,build_B7,system,False,,none,0.0
evt_SYN000788,sub_SYN00500,2025-02-22 20:15:00,22,4,insufficient_fund,885.0,1,0.0,177,premium,885,credit_card,tier_1,2024-08-29,good,False,medium,False,4.2.0,build_A1,light,True,2025-03-08 20:15:00,auto_retry,885.0
evt_SYN000789,sub_SYN00501,2025-12-31 21:35:00,31,0,insufficient_fund,312.0,0,,77,mid,312,upi_autopay,tier_2,2025-10-15,good,False,medium,False,5.1.2,build_C3,dark,True,2026-01-08 13:47:00,auto_retry,275.22
evt_SYN000790,sub_SYN00501,2026-02-11 10:25:00,11,8,insufficient_fund,312.0,1,0.0,119,mid,312,upi_autopay,tier_2,2025-10-15,good,False,medium,False,5.0.0,build_C3,system,False,,none,0.0
evt_SYN000791,sub_SYN00501,2026-03-02 02:32:00,2,0,insufficient_fund,312.0,2,0.0,138,mid,312,upi_autopay,tier_2,2025-10-15,good,False,low,False,5.1.2,build_C3,dark,True,2026-03-06 23:34:00,auto_retry,312.0
evt_SYN000792,sub_SYN00502,2025-08-14 01:50:00,14,11,insufficient_fund,2058.0,0,,115,saas,2058,upi_autopay,tier_1,2025-04-21,degraded,False,medium,True,4.4.0,build_E2,system,False,,none,0.0
evt_SYN000795,sub_SYN00504,2025-03-15 18:22:00,15,12,insufficient_fund,190.0,0,,99,mobile,190,credit_card,tier_2,2024-12-06,degraded,False,low,False,4.2.0,build_C3,dark,False,,none,0.0
evt_SYN000796,sub_SYN00504,2025-04-12 03:04:00,12,9,insufficient_fund,190.0,1,0.0,127,mobile,190,credit_card,tier_2,2024-12-06,good,False,low,False,4.4.0,build_C3,light,True,2025-04-15 15:29:00,auto_retry,190.0
evt_SYN000797,sub_SYN00505,2026-05-27 22:24:00,27,2,insufficient_fund,718.0,0,,24,premium,718,debit_card,tier_2,2026-05-03,good,False,low,False,5.0.0,build_A1,light,True,2026-06-02 23:17:00,auto_retry,718.0
evt_SYN000798,sub_SYN00505,2026-06-14 18:30:00,14,11,insufficient_fund,718.0,1,0.0,42,premium,718,debit_card,tier_2,2026-05-03,good,False,low,False,4.2.0,build_C3,dark,True,2026-06-15 06:30:00,customer_self_serve,718.0
evt_SYN000799,sub_SYN00505,2026-07-05 13:12:00,5,2,insufficient_fund,718.0,2,0.5,63,premium,718,debit_card,tier_2,2026-05-03,good,False,medium,False,5.1.2,build_A1,system,False,,none,0.0
evt_SYN000800,sub_SYN00505,2026-07-25 06:48:00,25,4,insufficient_fund,718.0,3,0.3333333333333333,83,premium,718,debit_card,tier_2,2026-05-03,degraded,False,medium,False,5.1.2,build_A1,dark,True,2026-08-03 06:01:00,customer_self_serve,718.0
evt_SYN000803,sub_SYN00507,2026-05-10 15:27:00,10,7,insufficient_fund,109.0,0,,11,mobile,109,upi_autopay,tier_3,2026-04-29,good,False,low,False,4.2.0,build_E2,system,True,2026-05-11 00:46:00,auto_retry,109.0
evt_SYN000804,sub_SYN00507,2026-05-22 10:03:00,22,7,insufficient_fund,109.0,1,0.0,23,mobile,109,upi_autopay,tier_3,2026-04-29,degraded,False,medium,False,5.1.2,build_B7,system,False,,none,0.0
evt_SYN000805,sub_SYN00507,2026-06-30 02:58:00,30,0,insufficient_fund,109.0,2,0.0,62,mobile,109,upi_autopay,tier_3,2026-04-29,good,True,low,False,5.1.2,build_C3,light,False,,none,0.0
evt_SYN000806,sub_SYN00507,2026-08-09 06:40:00,9,6,insufficient_fund,109.0,3,0.0,102,mobile,109,upi_autopay,tier_3,2026-04-29,good,False,low,False,5.1.2,build_D9,system,True,2026-08-14 17:28:00,auto_retry,109.0
evt_SYN000807,sub_SYN00508,2025-06-23 04:43:00,23,5,insufficient_fund,161.0,0,,70,mobile,161,upi_autopay,tier_2,2025-04-14,good,False,medium,False,4.4.0,build_D9,dark,True,2025-06-25 10:25:00,auto_retry,161.0
evt_SYN000809,sub_SYN00510,2026-05-10 01:18:00,10,7,insufficient_fund,171.0,0,,529,mobile,171,credit_card,tier_3,2024-11-27,good,False,low,False,4.4.0,build_D9,dark,True,2026-05-13 02:59:00,customer_self_serve,171.0
evt_SYN000810,sub_SYN00511,2026-05-24 08:09:00,24,5,insufficient_fund,80.0,0,,96,mobile,80,debit_card,tier_2,2026-02-17,good,False,high,False,4.4.0,build_B7,system,True,2026-06-07 08:09:00,auto_retry,80.0
evt_SYN000811,sub_SYN00511,2026-06-06 05:24:00,6,3,insufficient_fund,80.0,1,0.0,109,mobile,80,debit_card,tier_2,2026-02-17,poor,False,medium,False,4.3.1,build_C3,dark,True,2026-06-14 22:59:00,auto_retry,80.0
evt_SYN000812,sub_SYN00511,2026-07-17 02:20:00,17,12,insufficient_fund,80.0,2,0.0,150,mobile,80,debit_card,tier_2,2026-02-17,poor,False,low,False,4.2.0,build_E2,light,True,2026-07-18 20:21:00,customer_self_serve,80.0
evt_SYN000813,sub_SYN00512,2026-03-03 02:36:00,3,0,insufficient_fund,173.0,0,,36,mobile,173,credit_card,tier_3,2026-01-26,good,False,low,False,4.2.0,build_B7,light,True,2026-03-03 13:39:00,auto_retry,155.53
evt_SYN000815,sub_SYN00514,2026-04-13 06:58:00,13,10,insufficient_fund,340.0,0,,56,mid,340,credit_card,tier_3,2026-02-16,good,False,low,False,5.1.2,build_E2,dark,True,2026-04-13 17:53:00,auto_retry,340.0
evt_SYN000817,sub_SYN00516,2025-11-06 06:07:00,6,3,insufficient_fund,156.0,0,,306,mobile,156,debit_card,tier_2,2025-01-04,good,False,low,False,4.4.0,build_A1,light,True,2025-11-06 07:27:00,auto_retry,156.0
evt_SYN000819,sub_SYN00518,2026-06-09 12:16:00,9,6,insufficient_fund,451.0,0,,156,mid,451,debit_card,tier_2,2026-01-04,poor,False,medium,False,4.2.0,build_A1,dark,True,2026-06-11 00:15:00,customer_self_serve,451.0
evt_SYN000820,sub_SYN00519,2025-12-31 08:54:00,31,0,insufficient_fund,367.0,0,,61,mid,367,debit_card,tier_2,2025-10-31,good,False,low,True,5.1.2,build_A1,system,True,2026-01-03 23:48:00,auto_retry,367.0
evt_SYN000821,sub_SYN00519,2026-02-07 04:21:00,7,4,insufficient_fund,367.0,1,0.0,99,mid,367,debit_card,tier_2,2025-10-31,poor,True,low,False,5.0.0,build_B7,light,False,,none,0.0
evt_SYN000822,sub_SYN00519,2026-02-20 03:55:00,20,6,insufficient_fund,367.0,2,0.0,112,mid,367,debit_card,tier_2,2025-10-31,good,False,low,False,4.3.1,build_A1,system,True,2026-02-24 10:24:00,customer_self_serve,367.0
evt_SYN000823,sub_SYN00520,2026-05-08 13:35:00,8,5,insufficient_fund,312.0,0,,655,mid,312,netbanking,tier_2,2024-07-22,degraded,False,low,False,4.2.0,build_B7,system,True,2026-05-10 20:03:00,customer_self_serve,312.0
evt_SYN000824,sub_SYN00520,2026-05-20 03:11:00,20,9,insufficient_fund,312.0,1,1.0,667,mid,312,netbanking,tier_2,2024-07-22,good,False,low,False,4.4.0,build_C3,system,False,,none,0.0
evt_SYN000825,sub_SYN00520,2026-06-30 19:55:00,30,0,insufficient_fund,312.0,2,0.5,708,mid,312,netbanking,tier_2,2024-07-22,degraded,False,medium,False,4.2.0,build_B7,dark,True,2026-07-02 15:24:00,auto_retry,312.0
evt_SYN000826,sub_SYN00521,2025-12-03 13:51:00,3,0,insufficient_fund,108.0,0,,135,mobile,108,upi_autopay,tier_3,2025-07-21,good,False,medium,False,4.3.1,build_C3,light,True,2025-12-06 04:13:00,customer_self_serve,108.0
evt_SYN000828,sub_SYN00523,2026-02-12 14:19:00,12,9,insufficient_fund,188.0,0,,45,mobile,188,debit_card,tier_1,2025-12-29,good,False,medium,False,4.3.1,build_C3,light,True,2026-02-13 08:04:00,auto_retry,188.0
evt_SYN000829,sub_SYN00523,2026-03-14 08:16:00,14,11,insufficient_fund,188.0,1,0.0,75,mobile,188,debit_card,tier_1,2025-12-29,good,False,low,False,4.3.1,build_A1,system,False,,none,0.0
evt_SYN000830,sub_SYN00523,2026-04-14 09:42:00,14,11,insufficient_fund,188.0,2,0.0,106,mobile,188,debit_card,tier_1,2025-12-29,poor,False,low,False,5.0.0,build_A1,light,True,2026-04-17 22:06:00,auto_retry,188.0
evt_SYN000831,sub_SYN00524,2026-06-01 06:01:00,1,0,insufficient_fund,319.0,0,,240,mid,319,debit_card,tier_2,2025-10-04,poor,False,low,False,4.2.0,build_B7,system,True,2026-06-01 16:58:00,auto_retry,319.0
evt_SYN000833,sub_SYN00526,2026-01-21 00:50:00,21,8,insufficient_fund,715.0,0,,81,premium,715,debit_card,tier_1,2025-11-01,degraded,False,low,False,4.3.1,build_D9,dark,False,,none,0.0
evt_SYN000834,sub_SYN00527,2026-06-03 05:00:00,3,0,insufficient_fund,353.0,0,,21,mid,353,credit_card,tier_1,2026-05-13,good,False,medium,False,4.3.1,build_E2,dark,False,,none,0.0
evt_SYN000835,sub_SYN00528,2025-12-13 19:40:00,13,10,insufficient_fund,301.0,0,,190,mid,301,debit_card,tier_3,2025-06-06,good,False,medium,False,5.0.0,build_E2,dark,False,,none,0.0
evt_SYN000836,sub_SYN00528,2025-12-31 08:59:00,31,0,insufficient_fund,301.0,1,0.0,208,mid,301,debit_card,tier_3,2025-06-06,good,False,low,True,5.1.2,build_D9,light,True,2026-01-03 05:07:00,auto_retry,301.0
evt_SYN000837,sub_SYN00528,2026-01-12 06:04:00,12,9,insufficient_fund,301.0,2,0.0,220,mid,301,debit_card,tier_3,2025-06-06,good,False,low,False,4.4.0,build_E2,dark,False,,none,0.0
evt_SYN000844,sub_SYN00532,2025-02-23 13:52:00,23,3,insufficient_fund,116.0,0,,31,mobile,116,credit_card,tier_2,2025-01-23,good,False,medium,False,5.1.2,build_D9,light,True,2025-02-24 09:25:00,auto_retry,109.47
evt_SYN000845,sub_SYN00533,2026-05-10 12:40:00,10,7,insufficient_fund,453.0,0,,14,mid,453,debit_card,tier_1,2026-04-26,good,False,medium,False,5.1.2,build_A1,light,True,2026-05-16 13:17:00,auto_retry,453.0
evt_SYN000846,sub_SYN00534,2026-03-19 06:14:00,19,10,insufficient_fund,139.0,0,,241,mobile,139,debit_card,tier_2,2025-07-21,good,False,low,False,5.0.0,build_E2,system,True,2026-03-19 17:32:00,auto_retry,139.0
evt_SYN000852,sub_SYN00538,2025-09-15 05:55:00,15,12,insufficient_fund,305.0,0,,95,mid,305,upi_autopay,tier_1,2025-06-12,good,False,low,False,4.4.0,build_B7,light,True,2025-09-17 08:20:00,auto_retry,305.0
evt_SYN000853,sub_SYN00539,2026-01-24 03:24:00,24,5,insufficient_fund,974.0,0,,393,premium,974,upi_autopay,tier_1,2024-12-27,good,False,medium,False,5.0.0,build_C3,system,False,,none,0.0
evt_SYN000854,sub_SYN00539,2026-02-12 17:59:00,12,9,insufficient_fund,974.0,1,0.0,412,premium,974,upi_autopay,tier_1,2024-12-27,good,False,high,False,4.2.0,build_B7,dark,True,2026-02-19 13:05:00,customer_self_serve,974.0
evt_SYN000856,sub_SYN00541,2026-01-06 03:05:00,6,3,insufficient_fund,714.0,0,,27,premium,714,credit_card,tier_2,2025-12-10,good,False,low,False,4.2.0,build_E2,light,True,2026-01-13 08:51:00,auto_retry,714.0
evt_SYN000857,sub_SYN00541,2026-02-02 12:49:00,2,0,insufficient_fund,714.0,1,0.0,54,premium,714,credit_card,tier_2,2025-12-10,degraded,False,low,True,5.1.2,build_C3,system,True,2026-02-03 18:43:00,auto_retry,714.0
evt_SYN000858,sub_SYN00542,2026-05-18 10:04:00,18,11,insufficient_fund,330.0,0,,633,mid,330,credit_card,tier_3,2024-08-23,good,False,medium,False,4.2.0,build_B7,system,True,2026-05-21 19:17:00,customer_self_serve,330.0
evt_SYN000859,sub_SYN00542,2026-06-24 03:29:00,24,4,insufficient_fund,330.0,1,1.0,670,mid,330,credit_card,tier_3,2024-08-23,good,False,low,False,4.3.1,build_D9,light,True,2026-07-07 03:15:00,auto_retry,330.0
evt_SYN000860,sub_SYN00542,2026-07-28 03:02:00,28,1,insufficient_fund,330.0,2,0.5,704,mid,330,credit_card,tier_3,2024-08-23,good,False,low,False,4.2.0,build_D9,dark,False,,none,0.0
evt_SYN000861,sub_SYN00543,2025-07-26 01:13:00,26,3,insufficient_fund,3868.0,0,,53,saas,3868,debit_card,tier_1,2025-06-03,good,False,low,False,4.2.0,build_B7,dark,False,,none,0.0
evt_SYN000863,sub_SYN00545,2025-04-28 17:36:00,28,0,insufficient_fund,87.0,0,,194,mobile,87,netbanking,tier_2,2024-10-16,poor,False,medium,False,5.1.2,build_E2,light,True,2025-04-29 19:30:00,auto_retry,87.0
evt_SYN000864,sub_SYN00546,2026-05-22 12:05:00,22,7,insufficient_fund,492.0,0,,15,mid,492,credit_card,tier_2,2026-05-07,good,False,medium,False,4.2.0,build_B7,light,True,2026-05-22 13:17:00,auto_retry,423.87
evt_SYN000865,sub_SYN00547,2026-02-13 04:42:00,13,10,insufficient_fund,309.0,0,,284,mid,309,upi_autopay,tier_3,2025-05-05,good,False,medium,False,4.2.0,build_A1,dark,True,2026-02-16 19:41:00,customer_self_serve,309.0
evt_SYN000866,sub_SYN00547,2026-07-18 23:07:00,18,11,insufficient_fund,309.0,1,1.0,439,mid,309,upi_autopay,tier_3,2025-05-05,degraded,False,high,False,5.0.0,build_A1,light,True,2026-07-22 12:03:00,auto_retry,309.0
evt_SYN000867,sub_SYN00548,2025-07-03 09:47:00,3,0,insufficient_fund,84.0,0,,173,mobile,84,credit_card,tier_1,2025-01-11,degraded,False,high,True,5.1.2,build_D9,light,True,2025-07-17 09:47:00,auto_retry,84.0
evt_SYN000868,sub_SYN00548,2025-07-18 18:03:00,18,11,insufficient_fund,84.0,1,0.0,188,mobile,84,credit_card,tier_1,2025-01-11,good,False,high,False,5.0.0,build_E2,dark,True,2025-07-20 22:07:00,auto_retry,84.0
evt_SYN000869,sub_SYN00548,2025-08-01 04:36:00,1,0,insufficient_fund,84.0,2,0.0,202,mobile,84,credit_card,tier_1,2025-01-11,good,False,medium,True,4.2.0,build_D9,dark,True,2025-08-01 05:48:00,customer_self_serve,84.0
evt_SYN000870,sub_SYN00549,2026-02-20 19:20:00,20,6,insufficient_fund,193.0,0,,95,mobile,193,netbanking,tier_3,2025-11-17,good,False,low,False,4.3.1,build_D9,system,False,,none,0.0
evt_SYN000872,sub_SYN00551,2026-02-12 21:05:00,12,9,insufficient_fund,122.0,0,,60,mobile,122,debit_card,tier_2,2025-12-14,good,False,medium,False,5.0.0,build_C3,dark,True,2026-02-13 06:51:00,customer_self_serve,122.0
evt_SYN000873,sub_SYN00552,2025-11-04 14:30:00,4,1,insufficient_fund,315.0,0,,379,mid,315,debit_card,tier_1,2024-10-21,degraded,False,low,False,4.3.1,build_A1,dark,True,2025-11-06 01:17:00,customer_self_serve,296.57
evt_SYN000875,sub_SYN00554,2026-05-17 10:34:00,17,12,insufficient_fund,176.0,0,,97,mobile,176,upi_autopay,tier_1,2026-02-09,good,False,low,False,5.0.0,build_A1,system,True,2026-05-19 14:57:00,auto_retry,176.0
evt_SYN000876,sub_SYN00555,2026-03-05 21:19:00,5,2,insufficient_fund,326.0,0,,179,mid,326,credit_card,tier_2,2025-09-07,good,False,low,False,4.3.1,build_B7,dark,True,2026-03-06 11:29:00,auto_retry,326.0
evt_SYN000879,sub_SYN00557,2026-03-07 11:53:00,7,4,insufficient_fund,439.0,0,,16,mid,439,debit_card,tier_3,2026-02-19,good,False,low,False,4.2.0,build_A1,dark,True,2026-03-13 22:09:00,auto_retry,439.0
evt_SYN000883,sub_SYN00560,2025-10-23 02:09:00,23,6,insufficient_fund,1515.0,0,,96,saas,1515,credit_card,tier_2,2025-07-19,good,False,low,False,5.1.2,build_E2,system,True,2025-10-23 08:41:00,auto_retry,1515.0
evt_SYN000884,sub_SYN00561,2026-05-25 21:16:00,25,4,insufficient_fund,136.0,0,,240,mobile,136,credit_card,tier_2,2025-09-27,good,False,low,False,4.2.0,build_C3,light,True,2026-05-28 19:35:00,auto_retry,136.0
evt_SYN000885,sub_SYN00562,2026-06-06 07:13:00,6,3,insufficient_fund,320.0,0,,88,mid,320,credit_card,tier_3,2026-03-10,good,False,medium,False,5.0.0,build_C3,system,True,2026-06-11 19:39:00,customer_self_serve,307.15
evt_SYN000886,sub_SYN00562,2026-07-08 13:35:00,8,5,insufficient_fund,320.0,1,1.0,120,mid,320,credit_card,tier_3,2026-03-10,poor,False,low,False,4.4.0,build_C3,system,True,2026-07-10 03:12:00,customer_self_serve,320.0
evt_SYN000887,sub_SYN00562,2026-08-13 03:31:00,13,10,insufficient_fund,320.0,2,1.0,156,mid,320,credit_card,tier_3,2026-03-10,good,False,low,False,4.2.0,build_A1,light,False,,none,0.0
evt_SYN000888,sub_SYN00563,2025-01-26 08:29:00,26,3,insufficient_fund,143.0,0,,171,mobile,143,credit_card,tier_1,2024-08-08,good,False,high,False,5.0.0,build_E2,light,True,2025-01-27 21:45:00,auto_retry,143.0
evt_SYN000889,sub_SYN00563,2025-03-02 07:08:00,2,0,insufficient_fund,143.0,1,0.0,206,mobile,143,credit_card,tier_1,2024-08-08,good,False,low,False,4.2.0,build_A1,system,False,,none,0.0
evt_SYN000890,sub_SYN00563,2025-03-25 04:02:00,25,4,insufficient_fund,143.0,2,0.0,229,mobile,143,credit_card,tier_1,2024-08-08,good,False,low,False,5.1.2,build_D9,dark,False,,none,0.0
evt_SYN000891,sub_SYN00564,2026-05-01 06:07:00,1,0,insufficient_fund,419.0,0,,276,mid,419,netbanking,tier_3,2025-07-29,good,False,medium,True,4.4.0,build_C3,light,True,2026-05-01 13:35:00,auto_retry,419.0
evt_SYN000892,sub_SYN00564,2026-05-30 06:38:00,30,0,insufficient_fund,419.0,1,0.0,305,mid,419,netbanking,tier_3,2025-07-29,good,False,low,False,5.1.2,build_C3,light,True,2026-06-01 20:31:00,auto_retry,419.0
evt_SYN000894,sub_SYN00566,2026-01-25 10:21:00,25,4,insufficient_fund,443.0,0,,276,mid,443,debit_card,tier_3,2025-04-24,degraded,False,low,False,4.4.0,build_C3,system,True,2026-01-25 17:57:00,auto_retry,443.0
evt_SYN000895,sub_SYN00566,2026-02-25 05:02:00,25,1,insufficient_fund,443.0,1,0.0,307,mid,443,debit_card,tier_3,2025-04-24,good,False,low,False,4.2.0,build_B7,light,False,,none,0.0
evt_SYN000896,sub_SYN00566,2026-04-06 21:53:00,6,3,insufficient_fund,443.0,2,0.0,347,mid,443,debit_card,tier_3,2025-04-24,poor,False,low,False,5.1.2,build_B7,dark,True,2026-04-20 21:53:00,customer_self_serve,443.0
evt_SYN000897,sub_SYN00567,2025-11-03 03:45:00,3,0,insufficient_fund,4052.0,0,,142,saas,4052,debit_card,tier_2,2025-06-14,good,False,low,False,4.4.0,build_D9,dark,True,2025-11-07 18:32:00,auto_retry,3444.59
evt_SYN000902,sub_SYN00570,2026-06-02 22:36:00,2,0,insufficient_fund,752.0,0,,491,premium,752,credit_card,tier_2,2025-01-27,degraded,True,medium,False,5.0.0,build_D9,system,False,,none,0.0
evt_SYN000903,sub_SYN00571,2026-02-20 10:41:00,20,6,insufficient_fund,305.0,0,,272,mid,305,credit_card,tier_1,2025-05-24,good,False,low,False,4.3.1,build_A1,dark,False,,none,0.0
evt_SYN000904,sub_SYN00571,2026-03-17 00:05:00,17,12,insufficient_fund,305.0,1,0.0,297,mid,305,credit_card,tier_1,2025-05-24,degraded,False,medium,False,4.3.1,build_D9,system,False,,none,0.0
evt_SYN000905,sub_SYN00571,2026-04-24 12:49:00,24,4,insufficient_fund,305.0,2,0.0,335,mid,305,credit_card,tier_1,2025-05-24,good,False,medium,False,4.2.0,build_A1,dark,True,2026-05-06 01:06:00,auto_retry,305.0
evt_SYN000906,sub_SYN00572,2025-07-19 20:21:00,19,10,insufficient_fund,187.0,0,,135,mobile,187,debit_card,tier_1,2025-03-06,degraded,False,high,False,5.1.2,build_B7,light,True,2025-07-22 19:19:00,customer_self_serve,187.0
evt_SYN000914,sub_SYN00575,2025-12-15 19:40:00,15,12,insufficient_fund,344.0,0,,270,mid,344,credit_card,tier_1,2025-03-20,good,False,medium,False,5.1.2,build_B7,system,True,2025-12-16 03:52:00,auto_retry,344.0
evt_SYN000915,sub_SYN00575,2026-01-12 10:40:00,12,9,insufficient_fund,344.0,1,0.0,298,mid,344,credit_card,tier_1,2025-03-20,good,False,low,False,4.4.0,build_E2,system,True,2026-01-15 01:01:00,auto_retry,344.0
evt_SYN000916,sub_SYN00576,2025-12-19 06:20:00,19,10,insufficient_fund,1793.0,0,,147,saas,1793,debit_card,tier_3,2025-07-25,good,False,high,False,5.1.2,build_B7,system,True,2025-12-31 04:37:00,auto_retry,1793.0
evt_SYN000923,sub_SYN00579,2025-11-09 07:22:00,9,6,insufficient_fund,80.0,0,,468,mobile,80,upi_autopay,tier_1,2024-07-29,degraded,False,low,False,4.3.1,build_E2,dark,False,,none,0.0
evt_SYN000924,sub_SYN00580,2025-08-25 00:02:00,25,4,insufficient_fund,369.0,0,,295,mid,369,credit_card,tier_2,2024-11-03,degraded,False,low,False,4.2.0,build_E2,system,True,2025-08-25 09:21:00,customer_self_serve,369.0
evt_SYN000927,sub_SYN00582,2026-01-14 21:27:00,14,11,insufficient_fund,421.0,0,,387,mid,421,debit_card,tier_1,2024-12-23,good,False,high,False,5.0.0,build_D9,dark,True,2026-01-15 06:17:00,auto_retry,421.0
evt_SYN000930,sub_SYN00585,2026-05-08 13:04:00,8,5,insufficient_fund,168.0,0,,157,mobile,168,debit_card,tier_3,2025-12-02,good,False,medium,False,4.4.0,build_A1,system,True,2026-05-13 00:42:00,auto_retry,168.0
evt_SYN000931,sub_SYN00586,2026-06-13 06:14:00,13,10,insufficient_fund,412.0,0,,15,mid,412,upi_autopay,tier_1,2026-05-29,good,False,medium,False,4.2.0,build_E2,light,True,2026-06-13 15:15:00,auto_retry,412.0
evt_SYN000933,sub_SYN00588,2025-04-25 18:22:00,25,3,insufficient_fund,947.0,0,,203,premium,947,netbanking,tier_2,2024-10-04,degraded,False,low,False,4.2.0,build_D9,dark,True,2025-04-26 21:02:00,auto_retry,947.0
evt_SYN000937,sub_SYN00592,2026-03-18 20:44:00,18,11,insufficient_fund,380.0,0,,230,mid,380,credit_card,tier_3,2025-07-31,good,False,medium,False,5.1.2,build_A1,light,True,2026-03-19 16:03:00,auto_retry,380.0
evt_SYN000938,sub_SYN00592,2026-08-01 20:25:00,1,0,insufficient_fund,380.0,1,0.0,366,mid,380,credit_card,tier_3,2025-07-31,good,False,low,False,5.0.0,build_D9,light,True,2026-08-02 14:28:00,auto_retry,356.56
evt_SYN000940,sub_SYN00594,2025-02-28 04:14:00,28,0,insufficient_fund,4948.0,0,,242,saas,4948,netbanking,tier_1,2024-07-01,degraded,False,high,False,4.3.1,build_D9,light,False,,none,0.0
evt_SYN000941,sub_SYN00594,2025-09-06 06:28:00,6,3,insufficient_fund,4948.0,1,0.0,432,saas,4948,netbanking,tier_1,2024-07-01,good,False,low,False,4.2.0,build_E2,light,True,2025-09-08 09:57:00,auto_retry,4948.0
evt_SYN000942,sub_SYN00595,2026-02-21 15:38:00,21,5,insufficient_fund,172.0,0,,145,mobile,172,debit_card,tier_3,2025-09-29,degraded,False,medium,False,4.3.1,build_A1,dark,False,,none,0.0
evt_SYN000944,sub_SYN00597,2026-05-24 06:23:00,24,5,insufficient_fund,479.0,0,,180,mid,479,debit_card,tier_3,2025-11-25,good,False,low,False,4.3.1,build_D9,system,True,2026-06-05 10:51:00,auto_retry,479.0
evt_SYN000945,sub_SYN00597,2026-06-24 22:12:00,24,4,insufficient_fund,479.0,1,0.0,211,mid,479,debit_card,tier_3,2025-11-25,good,False,low,False,4.4.0,build_D9,light,True,2026-07-04 15:19:00,customer_self_serve,479.0
evt_SYN000946,sub_SYN00598,2026-06-17 17:25:00,17,11,insufficient_fund,127.0,0,,82,mobile,127,upi_autopay,tier_3,2026-03-27,good,False,low,False,5.1.2,build_E2,light,False,,none,0.0
evt_SYN000947,sub_SYN00599,2026-04-14 12:27:00,14,11,insufficient_fund,88.0,0,,228,mobile,88,upi_autopay,tier_1,2025-08-29,good,False,high,False,5.1.2,build_A1,light,True,2026-04-26 18:01:00,auto_retry,88.0
evt_SYN000949,sub_SYN00601,2026-05-17 23:14:00,17,12,insufficient_fund,181.0,0,,66,mobile,181,credit_card,tier_1,2026-03-12,good,False,medium,False,4.4.0,build_A1,dark,True,2026-05-18 05:02:00,customer_self_serve,181.0
evt_SYN000950,sub_SYN00601,2026-06-01 12:20:00,1,0,insufficient_fund,181.0,1,1.0,81,mobile,181,credit_card,tier_1,2026-03-12,good,False,medium,True,4.2.0,build_B7,dark,False,,none,0.0
evt_SYN000951,sub_SYN00601,2026-06-28 21:05:00,28,0,insufficient_fund,181.0,2,0.5,108,mobile,181,credit_card,tier_1,2026-03-12,degraded,False,low,False,5.1.2,build_A1,light,True,2026-06-30 04:15:00,customer_self_serve,159.54
evt_SYN000952,sub_SYN00601,2026-07-31 17:40:00,31,0,insufficient_fund,181.0,3,0.6666666666666666,141,mobile,181,credit_card,tier_1,2026-03-12,good,False,low,False,5.1.2,build_E2,dark,True,2026-08-01 03:31:00,customer_self_serve,181.0
evt_SYN000953,sub_SYN00602,2026-06-01 23:42:00,1,0,insufficient_fund,999.0,0,,191,premium,999,credit_card,tier_2,2025-11-22,good,False,low,False,4.4.0,build_C3,dark,False,,none,0.0
evt_SYN000957,sub_SYN00605,2026-04-17 05:20:00,17,11,insufficient_fund,676.0,0,,29,premium,676,debit_card,tier_1,2026-03-19,degraded,False,low,False,4.2.0,build_E2,system,True,2026-04-29 13:22:00,customer_self_serve,676.0
evt_SYN000958,sub_SYN00605,2026-05-22 14:27:00,22,7,insufficient_fund,676.0,1,1.0,64,premium,676,debit_card,tier_1,2026-03-19,good,False,low,False,4.2.0,build_E2,dark,True,2026-05-26 18:36:00,customer_self_serve,676.0
evt_SYN000959,sub_SYN00605,2026-06-06 02:43:00,6,3,insufficient_fund,676.0,2,1.0,79,premium,676,debit_card,tier_1,2026-03-19,good,False,medium,False,4.2.0,build_D9,light,True,2026-06-10 05:52:00,customer_self_serve,676.0
evt_SYN000960,sub_SYN00605,2026-07-20 12:49:00,20,9,insufficient_fund,676.0,3,1.0,123,premium,676,debit_card,tier_1,2026-03-19,good,True,low,False,5.0.0,build_D9,dark,False,,none,0.0
evt_SYN000961,sub_SYN00606,2025-08-05 18:13:00,5,2,insufficient_fund,862.0,0,,307,premium,862,credit_card,tier_1,2024-10-02,poor,False,low,False,5.1.2,build_E2,light,True,2025-08-06 10:56:00,customer_self_serve,862.0
evt_SYN000962,sub_SYN00606,2025-09-08 05:02:00,8,5,insufficient_fund,862.0,1,1.0,341,premium,862,credit_card,tier_1,2024-10-02,poor,False,high,False,4.3.1,build_B7,dark,True,2025-09-21 15:42:00,auto_retry,862.0
evt_SYN000973,sub_SYN00613,2026-06-04 23:43:00,4,1,insufficient_fund,332.0,0,,82,mid,332,netbanking,tier_3,2026-03-14,degraded,False,low,False,5.0.0,build_D9,dark,False,,none,0.0
evt_SYN000974,sub_SYN00614,2025-04-28 18:29:00,28,0,insufficient_fund,100.0,0,,291,mobile,100,credit_card,tier_2,2024-07-11,good,False,low,False,5.0.0,build_D9,dark,True,2025-04-29 19:04:00,auto_retry,97.08
evt_SYN000975,sub_SYN00615,2026-06-03 19:42:00,3,0,insufficient_fund,3892.0,0,,90,saas,3892,netbanking,tier_2,2026-03-05,good,False,medium,False,4.2.0,build_A1,light,True,2026-06-06 09:45:00,auto_retry,3480.21
evt_SYN000976,sub_SYN00615,2026-07-05 15:00:00,5,2,insufficient_fund,3892.0,1,0.0,122,saas,3892,netbanking,tier_2,2026-03-05,good,False,low,False,4.3.1,build_E2,light,True,2026-07-15 01:29:00,auto_retry,3349.75
evt_SYN000980,sub_SYN00617,2025-01-17 02:12:00,17,12,insufficient_fund,100.0,0,,97,mobile,100,upi_autopay,tier_1,2024-10-12,good,False,low,True,5.0.0,build_B7,dark,False,,none,0.0
evt_SYN000982,sub_SYN00619,2026-05-08 09:48:00,8,5,insufficient_fund,81.0,0,,163,mobile,81,debit_card,tier_3,2025-11-26,good,False,low,False,4.3.1,build_A1,light,True,2026-05-09 14:05:00,auto_retry,81.0
evt_SYN000987,sub_SYN00621,2026-01-20 22:42:00,20,9,insufficient_fund,120.0,0,,60,mobile,120,credit_card,tier_1,2025-11-21,good,False,low,False,4.2.0,build_B7,light,True,2026-01-22 09:10:00,customer_self_serve,120.0
evt_SYN000988,sub_SYN00621,2026-06-05 14:14:00,5,2,insufficient_fund,120.0,1,1.0,196,mobile,120,credit_card,tier_1,2025-11-21,good,True,low,False,4.2.0,build_E2,system,True,2026-06-07 03:01:00,auto_retry,120.0
evt_SYN000989,sub_SYN00622,2026-06-15 15:27:00,15,12,insufficient_fund,109.0,0,,17,mobile,109,debit_card,tier_2,2026-05-29,poor,False,medium,False,4.2.0,build_E2,dark,False,,none,0.0
evt_SYN000990,sub_SYN00623,2025-11-13 06:46:00,13,10,insufficient_fund,80.0,0,,100,mobile,80,debit_card,tier_3,2025-08-05,good,False,medium,False,4.2.0,build_E2,light,True,2025-11-16 19:45:00,auto_retry,80.0
evt_SYN000991,sub_SYN00624,2026-06-13 16:23:00,13,10,insufficient_fund,423.0,0,,21,mid,423,debit_card,tier_2,2026-05-23,good,False,medium,False,4.4.0,build_A1,light,False,,none,0.0
evt_SYN000992,sub_SYN00625,2026-04-04 18:12:00,4,1,insufficient_fund,339.0,0,,579,mid,339,credit_card,tier_2,2024-09-02,good,False,low,False,4.3.1,build_B7,light,True,2026-04-06 23:21:00,auto_retry,339.0
evt_SYN000993,sub_SYN00626,2026-03-27 05:45:00,27,2,insufficient_fund,198.0,0,,384,mobile,198,debit_card,tier_3,2025-03-08,degraded,False,medium,False,4.4.0,build_D9,dark,False,,none,0.0
evt_SYN000994,sub_SYN00626,2026-05-01 09:16:00,1,0,insufficient_fund,198.0,1,0.0,419,mobile,198,debit_card,tier_3,2025-03-08,poor,False,medium,False,4.3.1,build_D9,light,False,,none,0.0
evt_SYN000995,sub_SYN00626,2026-06-06 22:57:00,6,3,insufficient_fund,198.0,2,0.0,455,mobile,198,debit_card,tier_3,2025-03-08,good,False,medium,False,5.0.0,build_B7,system,False,,none,0.0
evt_SYN000996,sub_SYN00626,2026-07-20 01:36:00,20,9,insufficient_fund,198.0,3,0.0,499,mobile,198,debit_card,tier_3,2025-03-08,good,False,low,False,5.1.2,build_B7,dark,False,,none,0.0
evt_SYN000997,sub_SYN00627,2025-06-24 20:50:00,24,4,insufficient_fund,142.0,0,,67,mobile,142,credit_card,tier_2,2025-04-18,degraded,False,low,False,5.1.2,build_A1,light,False,,none,0.0
evt_SYN000998,sub_SYN00628,2026-04-16 17:41:00,16,12,insufficient_fund,123.0,0,,96,mobile,123,netbanking,tier_2,2026-01-10,good,False,low,False,4.2.0,build_E2,light,True,2026-04-20 00:26:00,auto_retry,123.0
evt_SYN000999,sub_SYN00628,2026-05-12 13:57:00,12,9,insufficient_fund,123.0,1,0.0,122,mobile,123,netbanking,tier_2,2026-01-10,good,False,low,False,5.1.2,build_B7,system,False,,none,0.0
evt_SYN001000,sub_SYN00628,2026-06-11 11:30:00,11,8,insufficient_fund,123.0,2,0.0,152,mobile,123,netbanking,tier_2,2026-01-10,poor,False,low,False,4.3.1,build_D9,light,True,2026-06-15 19:46:00,auto_retry,123.0
evt_SYN001003,sub_SYN00630,2025-03-14 12:32:00,14,11,insufficient_fund,159.0,0,,31,mobile,159,credit_card,tier_1,2025-02-11,poor,False,low,False,4.2.0,build_C3,dark,False,,none,0.0
evt_SYN001004,sub_SYN00631,2026-06-02 09:28:00,2,0,insufficient_fund,862.0,0,,44,premium,862,credit_card,tier_3,2026-04-19,degraded,False,low,True,4.4.0,build_D9,system,True,2026-06-13 01:24:00,auto_retry,862.0
evt_SYN001005,sub_SYN00631,2026-07-06 02:54:00,6,3,insufficient_fund,862.0,1,0.0,78,premium,862,credit_card,tier_3,2026-04-19,good,False,low,True,4.2.0,build_A1,dark,True,2026-07-20 02:54:00,customer_self_serve,862.0
evt_SYN001007,sub_SYN00633,2025-06-22 06:07:00,22,6,insufficient_fund,3596.0,0,,62,saas,3596,debit_card,tier_1,2025-04-21,good,False,low,False,4.3.1,build_E2,system,True,2025-06-25 06:29:00,auto_retry,3596.0
evt_SYN001008,sub_SYN00634,2025-10-28 00:58:00,28,1,insufficient_fund,344.0,0,,339,mid,344,upi_autopay,tier_2,2024-11-23,poor,False,high,False,4.2.0,build_D9,dark,True,2025-10-28 23:49:00,auto_retry,344.0
evt_SYN001009,sub_SYN00635,2026-05-17 03:48:00,17,12,insufficient_fund,389.0,0,,170,mid,389,debit_card,tier_1,2025-11-28,degraded,False,medium,False,4.4.0,build_E2,system,False,,none,0.0
evt_SYN001010,sub_SYN00636,2026-05-03 12:03:00,3,0,insufficient_fund,138.0,0,,57,mobile,138,credit_card,tier_3,2026-03-07,good,False,high,False,4.2.0,build_E2,dark,True,2026-05-07 13:26:00,auto_retry,138.0
evt_SYN001011,sub_SYN00636,2026-05-30 15:19:00,30,0,insufficient_fund,138.0,1,0.0,84,mobile,138,credit_card,tier_3,2026-03-07,good,False,high,False,5.1.2,build_E2,system,True,2026-06-03 02:28:00,auto_retry,117.51
evt_SYN001012,sub_SYN00636,2026-07-01 23:25:00,1,0,insufficient_fund,138.0,2,0.0,116,mobile,138,credit_card,tier_3,2026-03-07,poor,False,low,True,5.0.0,build_E2,dark,True,2026-07-04 11:29:00,customer_self_serve,138.0
evt_SYN001015,sub_SYN00638,2025-12-11 06:24:00,11,8,insufficient_fund,763.0,0,,384,premium,763,credit_card,tier_3,2024-11-22,degraded,False,low,False,5.1.2,build_C3,light,False,,none,0.0
evt_SYN001016,sub_SYN00638,2026-01-12 05:05:00,12,9,insufficient_fund,763.0,1,0.0,416,premium,763,credit_card,tier_3,2024-11-22,good,False,low,False,4.4.0,build_E2,light,False,,none,0.0
evt_SYN001017,sub_SYN00639,2025-12-25 15:15:00,25,4,insufficient_fund,668.0,0,,113,premium,668,upi_autopay,tier_2,2025-09-03,good,False,low,False,5.0.0,build_D9,system,True,2025-12-27 21:52:00,customer_self_serve,668.0
evt_SYN001018,sub_SYN00639,2026-01-11 00:41:00,11,8,insufficient_fund,668.0,1,1.0,130,premium,668,upi_autopay,tier_2,2025-09-03,degraded,False,high,True,4.3.1,build_D9,system,False,,none,0.0
evt_SYN001019,sub_SYN00640,2026-06-10 10:14:00,10,7,insufficient_fund,877.0,0,,26,premium,877,debit_card,tier_1,2026-05-15,good,False,medium,False,5.0.0,build_E2,system,True,2026-06-11 01:26:00,auto_retry,877.0
evt_SYN001020,sub_SYN00640,2026-07-05 02:06:00,5,2,insufficient_fund,877.0,1,0.0,51,premium,877,debit_card,tier_1,2026-05-15,degraded,False,medium,False,4.3.1,build_E2,dark,True,2026-07-11 16:08:00,auto_retry,877.0
evt_SYN001021,sub_SYN00641,2025-12-09 11:30:00,9,6,insufficient_fund,441.0,0,,399,mid,441,debit_card,tier_1,2024-11-05,good,False,low,False,5.0.0,build_C3,dark,False,,none,0.0
evt_SYN001022,sub_SYN00641,2026-01-19 18:45:00,19,10,insufficient_fund,441.0,1,0.0,440,mid,441,debit_card,tier_1,2024-11-05,good,False,medium,False,4.3.1,build_C3,light,False,,none,0.0
evt_SYN001023,sub_SYN00641,2026-03-03 07:39:00,3,0,insufficient_fund,441.0,2,0.0,483,mid,441,debit_card,tier_1,2024-11-05,good,False,medium,False,5.0.0,build_B7,light,False,,none,0.0
evt_SYN001024,sub_SYN00641,2026-04-14 03:10:00,14,11,insufficient_fund,441.0,3,0.0,525,mid,441,debit_card,tier_1,2024-11-05,good,False,high,False,4.4.0,build_E2,dark,False,,none,0.0
evt_SYN001025,sub_SYN00642,2026-05-01 05:42:00,1,0,insufficient_fund,857.0,0,,114,premium,857,credit_card,tier_3,2026-01-07,good,False,low,False,5.1.2,build_E2,dark,True,2026-05-01 18:40:00,auto_retry,857.0
evt_SYN001029,sub_SYN00645,2026-04-29 11:41:00,29,0,insufficient_fund,1373.0,0,,37,saas,1373,upi_autopay,tier_2,2026-03-23,good,False,medium,False,4.3.1,build_B7,system,False,,none,0.0
evt_SYN001030,sub_SYN00645,2026-05-10 01:39:00,10,7,insufficient_fund,1373.0,1,0.0,48,saas,1373,upi_autopay,tier_2,2026-03-23,good,False,low,False,4.3.1,build_D9,light,True,2026-05-24 01:39:00,auto_retry,1373.0
evt_SYN001031,sub_SYN00646,2026-05-27 22:37:00,27,2,insufficient_fund,80.0,0,,46,mobile,80,upi_autopay,tier_1,2026-04-11,good,True,low,False,5.1.2,build_A1,dark,True,2026-05-28 23:17:00,customer_self_serve,80.0
evt_SYN001034,sub_SYN00648,2026-06-08 04:56:00,8,5,insufficient_fund,978.0,0,,649,premium,978,upi_autopay,tier_1,2024-08-28,good,False,medium,False,5.1.2,build_B7,system,False,,none,0.0
evt_SYN001035,sub_SYN00648,2026-07-11 19:31:00,11,8,insufficient_fund,978.0,1,0.0,682,premium,978,upi_autopay,tier_1,2024-08-28,degraded,False,low,False,4.3.1,build_E2,system,True,2026-07-15 20:32:00,auto_retry,978.0
evt_SYN001036,sub_SYN00649,2026-06-10 12:52:00,10,7,insufficient_fund,99.0,0,,227,mobile,99,credit_card,tier_3,2025-10-26,good,False,low,False,4.2.0,build_D9,light,True,2026-06-11 07:46:00,auto_retry,89.92
evt_SYN001038,sub_SYN00651,2026-01-26 00:44:00,26,3,insufficient_fund,149.0,0,,567,mobile,149,credit_card,tier_1,2024-07-08,good,False,low,False,5.1.2,build_E2,light,True,2026-01-30 00:35:00,customer_self_serve,149.0
evt_SYN001039,sub_SYN00651,2026-03-05 03:28:00,5,2,insufficient_fund,149.0,1,1.0,605,mobile,149,credit_card,tier_1,2024-07-08,good,False,medium,False,4.3.1,build_D9,system,True,2026-03-07 03:48:00,customer_self_serve,149.0
evt_SYN001040,sub_SYN00651,2026-04-05 07:55:00,5,2,insufficient_fund,149.0,2,1.0,636,mobile,149,credit_card,tier_1,2024-07-08,degraded,False,medium,False,4.2.0,build_C3,light,True,2026-04-15 01:57:00,customer_self_serve,149.0
evt_SYN001041,sub_SYN00652,2026-04-10 12:31:00,10,7,insufficient_fund,870.0,0,,417,premium,870,debit_card,tier_1,2025-02-17,good,False,low,False,5.0.0,build_D9,system,True,2026-04-14 20:11:00,auto_retry,870.0
evt_SYN001042,sub_SYN00652,2026-05-03 23:09:00,3,0,insufficient_fund,870.0,1,0.0,440,premium,870,debit_card,tier_1,2025-02-17,good,False,low,False,5.0.0,build_E2,system,True,2026-05-06 06:43:00,auto_retry,870.0
evt_SYN001043,sub_SYN00653,2026-04-15 04:24:00,15,12,insufficient_fund,825.0,0,,321,premium,825,credit_card,tier_1,2025-05-29,good,False,medium,False,4.4.0,build_C3,dark,True,2026-04-17 14:25:00,auto_retry,753.15
evt_SYN001047,sub_SYN00655,2025-11-29 21:53:00,29,0,insufficient_fund,971.0,0,,80,premium,971,credit_card,tier_1,2025-09-10,good,False,low,True,5.0.0,build_E2,system,False,,none,0.0
evt_SYN001051,sub_SYN00657,2025-12-09 09:46:00,9,6,insufficient_fund,174.0,0,,498,mobile,174,debit_card,tier_1,2024-07-29,good,False,low,False,5.1.2,build_A1,light,False,,none,0.0
evt_SYN001052,sub_SYN00657,2026-06-07 02:13:00,7,4,insufficient_fund,174.0,1,0.0,678,mobile,174,debit_card,tier_1,2024-07-29,good,False,low,False,4.4.0,build_E2,light,True,2026-06-07 19:51:00,auto_retry,174.0
evt_SYN001053,sub_SYN00658,2025-04-21 15:14:00,21,7,insufficient_fund,407.0,0,,146,mid,407,debit_card,tier_3,2024-11-26,degraded,False,low,False,4.2.0,build_E2,system,True,2025-04-25 21:28:00,auto_retry,407.0
evt_SYN001054,sub_SYN00658,2025-05-20 03:35:00,20,9,insufficient_fund,407.0,1,0.0,175,mid,407,debit_card,tier_3,2024-11-26,good,True,medium,False,5.1.2,build_A1,dark,False,,none,0.0
evt_SYN001055,sub_SYN00659,2025-09-18 11:33:00,18,10,insufficient_fund,109.0,0,,41,mobile,109,credit_card,tier_1,2025-08-08,poor,False,low,False,5.0.0,build_A1,light,True,2025-09-27 19:14:00,auto_retry,109.0
evt_SYN001056,sub_SYN00660,2025-11-29 00:19:00,29,0,insufficient_fund,383.0,0,,49,mid,383,netbanking,tier_1,2025-10-11,good,False,low,True,5.0.0,build_D9,system,True,2025-11-29 17:12:00,auto_retry,383.0
evt_SYN001059,sub_SYN00662,2026-04-19 03:29:00,19,9,insufficient_fund,364.0,0,,53,mid,364,credit_card,tier_3,2026-02-25,good,False,low,False,4.2.0,build_A1,dark,True,2026-05-01 17:04:00,auto_retry,364.0
evt_SYN001063,sub_SYN00666,2025-01-28 11:52:00,28,1,insufficient_fund,926.0,0,,76,premium,926,debit_card,tier_1,2024-11-13,good,True,low,False,4.3.1,build_D9,light,False,,none,0.0
evt_SYN001064,sub_SYN00666,2025-02-18 09:41:00,18,8,insufficient_fund,926.0,1,0.0,97,premium,926,debit_card,tier_1,2024-11-13,good,False,high,False,4.2.0,build_D9,light,True,2025-03-03 18:40:00,auto_retry,901.05
evt_SYN001065,sub_SYN00666,2025-03-30 02:02:00,30,0,insufficient_fund,926.0,2,0.0,137,premium,926,debit_card,tier_1,2024-11-13,degraded,False,low,False,5.0.0,build_D9,light,True,2025-04-03 17:15:00,auto_retry,926.0
evt_SYN001066,sub_SYN00667,2026-06-01 19:47:00,1,0,insufficient_fund,490.0,0,,334,mid,490,upi_autopay,tier_1,2025-07-02,good,False,low,False,5.1.2,build_D9,light,False,,none,0.0
evt_SYN001067,sub_SYN00668,2026-02-09 03:53:00,9,6,insufficient_fund,88.0,0,,23,mobile,88,credit_card,tier_1,2026-01-17,good,False,medium,False,5.1.2,build_E2,dark,True,2026-02-10 10:00:00,auto_retry,88.0
evt_SYN001068,sub_SYN00669,2025-02-24 10:25:00,24,2,insufficient_fund,477.0,0,,130,mid,477,credit_card,tier_2,2024-10-17,good,False,low,False,4.2.0,build_D9,light,True,2025-02-24 21:10:00,auto_retry,477.0
evt_SYN001069,sub_SYN00669,2025-05-18 00:52:00,18,11,insufficient_fund,477.0,1,0.0,213,mid,477,credit_card,tier_2,2024-10-17,degraded,False,medium,False,5.1.2,build_E2,dark,True,2025-05-22 01:26:00,auto_retry,477.0
evt_SYN001070,sub_SYN00670,2026-02-23 04:54:00,23,3,insufficient_fund,301.0,0,,160,mid,301,upi_autopay,tier_1,2025-09-16,good,False,low,False,4.4.0,build_E2,system,True,2026-02-23 06:39:00,auto_retry,301.0
evt_SYN001072,sub_SYN00672,2025-12-15 21:39:00,15,12,insufficient_fund,427.0,0,,190,mid,427,upi_autopay,tier_1,2025-06-08,good,False,low,False,4.2.0,build_E2,light,False,,none,0.0
evt_SYN001077,sub_SYN00675,2026-04-01 23:11:00,1,0,insufficient_fund,307.0,0,,36,mid,307,credit_card,tier_3,2026-02-24,good,False,medium,False,5.0.0,build_C3,system,True,2026-04-06 00:24:00,customer_self_serve,307.0
evt_SYN001078,sub_SYN00676,2025-08-11 02:43:00,11,8,insufficient_fund,367.0,0,,11,mid,367,credit_card,tier_1,2025-07-31,good,False,low,False,4.3.1,build_B7,light,False,,none,0.0
evt_SYN001079,sub_SYN00677,2025-11-17 02:55:00,17,11,insufficient_fund,998.0,0,,429,premium,998,credit_card,tier_2,2024-09-14,degraded,False,low,False,5.0.0,build_A1,dark,True,2025-11-17 15:20:00,customer_self_serve,998.0
evt_SYN001080,sub_SYN00677,2026-04-05 01:55:00,5,2,insufficient_fund,998.0,1,1.0,568,premium,998,credit_card,tier_2,2024-09-14,poor,False,low,False,5.1.2,build_B7,system,True,2026-04-05 17:52:00,auto_retry,998.0
evt_SYN001081,sub_SYN00678,2026-06-11 02:06:00,11,8,insufficient_fund,157.0,0,,36,mobile,157,debit_card,tier_1,2026-05-06,good,False,medium,False,5.1.2,build_E2,light,True,2026-06-12 07:51:00,auto_retry,157.0
evt_SYN001082,sub_SYN00679,2026-01-16 03:17:00,16,13,insufficient_fund,1402.0,0,,185,saas,1402,debit_card,tier_1,2025-07-15,degraded,False,high,False,5.1.2,build_E2,system,True,2026-01-16 11:32:00,customer_self_serve,1402.0
evt_SYN001083,sub_SYN00680,2026-03-11 20:14:00,11,8,insufficient_fund,855.0,0,,381,premium,855,upi_autopay,tier_2,2025-02-23,good,False,low,False,4.3.1,build_B7,light,True,2026-03-17 11:27:00,auto_retry,855.0
evt_SYN001084,sub_SYN00680,2026-05-22 09:03:00,22,7,insufficient_fund,855.0,1,0.0,453,premium,855,upi_autopay,tier_2,2025-02-23,good,False,low,False,4.2.0,build_C3,dark,False,,none,0.0
evt_SYN001087,sub_SYN00682,2026-03-13 04:05:00,13,10,insufficient_fund,822.0,0,,336,premium,822,credit_card,tier_1,2025-04-11,good,False,high,False,4.3.1,build_A1,dark,True,2026-03-15 08:03:00,auto_retry,822.0
evt_SYN001088,sub_SYN00683,2025-06-13 22:01:00,13,10,insufficient_fund,83.0,0,,225,mobile,83,upi_autopay,tier_2,2024-10-31,good,False,low,False,4.4.0,build_C3,dark,True,2025-06-14 00:22:00,customer_self_serve,83.0
evt_SYN001089,sub_SYN00684,2026-04-10 06:48:00,10,7,insufficient_fund,408.0,0,,104,mid,408,credit_card,tier_1,2025-12-27,good,False,low,False,4.3.1,build_A1,light,True,2026-04-13 05:54:00,auto_retry,408.0
evt_SYN001090,sub_SYN00684,2026-05-14 04:09:00,14,11,insufficient_fund,408.0,1,0.0,138,mid,408,credit_card,tier_1,2025-12-27,good,False,low,False,5.0.0,build_E2,system,True,2026-05-16 01:20:00,customer_self_serve,408.0
evt_SYN001092,sub_SYN00686,2025-12-01 18:00:00,1,0,insufficient_fund,658.0,0,,478,premium,658,credit_card,tier_1,2024-08-10,good,False,low,False,4.3.1,build_D9,system,True,2025-12-06 18:15:00,customer_self_serve,658.0
evt_SYN001093,sub_SYN00687,2026-06-09 04:52:00,9,6,insufficient_fund,460.0,0,,629,mid,460,debit_card,tier_3,2024-09-18,good,False,low,False,5.1.2,build_B7,dark,False,,none,0.0
evt_SYN001103,sub_SYN00692,2026-02-20 04:04:00,20,6,insufficient_fund,716.0,0,,524,premium,716,credit_card,tier_1,2024-09-14,degraded,False,low,False,4.4.0,build_E2,system,True,2026-02-21 13:26:00,auto_retry,716.0
evt_SYN001104,sub_SYN00693,2025-10-14 19:00:00,14,11,insufficient_fund,185.0,0,,343,mobile,185,upi_autopay,tier_2,2024-11-05,good,False,low,False,4.2.0,build_C3,dark,True,2025-10-15 20:44:00,auto_retry,185.0
evt_SYN001105,sub_SYN00694,2026-01-15 23:49:00,15,12,insufficient_fund,373.0,0,,183,mid,373,upi_autopay,tier_2,2025-07-16,poor,False,low,False,4.4.0,build_E2,light,False,,none,0.0
evt_SYN001108,sub_SYN00696,2026-06-08 03:34:00,8,5,insufficient_fund,166.0,0,,248,mobile,166,debit_card,tier_1,2025-10-03,good,True,medium,False,4.2.0,build_B7,light,True,2026-06-08 14:48:00,auto_retry,166.0
evt_SYN001109,sub_SYN00696,2026-07-14 12:51:00,14,11,insufficient_fund,166.0,1,0.0,284,mobile,166,debit_card,tier_1,2025-10-03,good,False,medium,False,4.2.0,build_C3,dark,False,,none,0.0
evt_SYN001115,sub_SYN00700,2026-05-09 21:01:00,9,6,insufficient_fund,189.0,0,,141,mobile,189,credit_card,tier_3,2025-12-19,good,False,low,False,4.2.0,build_A1,system,True,2026-05-10 08:17:00,customer_self_serve,189.0
evt_SYN001117,sub_SYN00702,2025-07-15 03:48:00,15,12,insufficient_fund,817.0,0,,365,premium,817,credit_card,tier_2,2024-07-15,good,False,low,False,5.1.2,build_D9,dark,True,2025-07-15 12:00:00,customer_self_serve,756.29
evt_SYN001118,sub_SYN00703,2026-05-06 03:47:00,6,3,insufficient_fund,86.0,0,,60,mobile,86,debit_card,tier_2,2026-03-07,good,False,high,False,4.2.0,build_A1,system,True,2026-05-07 20:32:00,customer_self_serve,86.0
evt_SYN001119,sub_SYN00703,2026-06-18 13:36:00,18,10,insufficient_fund,86.0,1,1.0,103,mobile,86,debit_card,tier_2,2026-03-07,good,False,low,False,4.3.1,build_C3,light,True,2026-06-21 03:33:00,auto_retry,86.0
evt_SYN001120,sub_SYN00703,2026-07-05 19:48:00,5,2,insufficient_fund,86.0,2,0.5,120,mobile,86,debit_card,tier_2,2026-03-07,degraded,False,low,True,4.3.1,build_B7,light,False,,none,0.0
evt_SYN001122,sub_SYN00705,2025-07-21 14:28:00,21,8,insufficient_fund,477.0,0,,31,mid,477,credit_card,tier_1,2025-06-20,good,False,low,False,4.2.0,build_B7,dark,True,2025-07-26 00:54:00,customer_self_serve,477.0
evt_SYN001123,sub_SYN00705,2025-08-20 00:32:00,20,9,insufficient_fund,477.0,1,1.0,61,mid,477,credit_card,tier_1,2025-06-20,good,False,low,False,4.4.0,build_B7,dark,True,2025-08-20 15:00:00,auto_retry,477.0
evt_SYN001124,sub_SYN00706,2026-03-03 22:06:00,3,0,insufficient_fund,802.0,0,,27,premium,802,credit_card,tier_1,2026-02-04,good,False,low,False,5.1.2,build_A1,system,False,,none,0.0
evt_SYN001125,sub_SYN00706,2026-03-26 03:52:00,26,3,insufficient_fund,802.0,1,0.0,50,premium,802,credit_card,tier_1,2026-02-04,good,False,low,False,4.3.1,build_E2,dark,False,,none,0.0
evt_SYN001126,sub_SYN00707,2025-11-25 06:17:00,25,3,insufficient_fund,386.0,0,,185,mid,386,netbanking,tier_2,2025-05-24,good,False,low,False,4.4.0,build_B7,light,False,,none,0.0
evt_SYN001127,sub_SYN00707,2025-12-16 17:22:00,16,13,insufficient_fund,386.0,1,0.0,206,mid,386,netbanking,tier_2,2025-05-24,good,False,low,False,4.4.0,build_E2,system,True,2025-12-20 09:55:00,auto_retry,386.0
evt_SYN001128,sub_SYN00707,2026-01-02 22:44:00,2,0,insufficient_fund,386.0,2,0.0,223,mid,386,netbanking,tier_2,2025-05-24,good,False,medium,True,5.0.0,build_B7,dark,True,2026-01-11 04:55:00,customer_self_serve,386.0
evt_SYN001129,sub_SYN00708,2025-10-07 15:36:00,7,4,insufficient_fund,149.0,0,,188,mobile,149,credit_card,tier_1,2025-04-02,poor,False,medium,False,4.3.1,build_E2,system,True,2025-10-08 04:42:00,auto_retry,149.0
evt_SYN001130,sub_SYN00709,2026-03-28 02:39:00,28,1,insufficient_fund,130.0,0,,46,mobile,130,credit_card,tier_2,2026-02-10,poor,False,low,False,4.2.0,build_C3,dark,False,,none,0.0
evt_SYN001131,sub_SYN00710,2026-03-28 16:06:00,28,1,insufficient_fund,1611.0,0,,44,saas,1611,debit_card,tier_3,2026-02-12,degraded,False,high,False,5.1.2,build_A1,light,True,2026-04-02 02:50:00,customer_self_serve,1611.0
evt_SYN001132,sub_SYN00711,2026-03-01 02:02:00,1,0,insufficient_fund,423.0,0,,508,mid,423,credit_card,tier_2,2024-10-09,good,False,low,False,5.0.0,build_E2,system,True,2026-03-02 15:47:00,customer_self_serve,423.0
evt_SYN001133,sub_SYN00711,2026-04-03 19:24:00,3,0,insufficient_fund,423.0,1,1.0,541,mid,423,credit_card,tier_2,2024-10-09,good,False,medium,False,4.2.0,build_C3,system,True,2026-04-05 09:07:00,auto_retry,423.0
evt_SYN001134,sub_SYN00712,2026-02-17 03:01:00,17,9,insufficient_fund,958.0,0,,114,premium,958,netbanking,tier_3,2025-10-26,good,False,medium,False,5.0.0,build_A1,light,False,,none,0.0
evt_SYN001135,sub_SYN00712,2026-03-27 20:00:00,27,2,insufficient_fund,958.0,1,0.0,152,premium,958,netbanking,tier_3,2025-10-26,good,False,medium,False,4.3.1,build_B7,light,True,2026-03-27 21:12:00,auto_retry,958.0
evt_SYN001136,sub_SYN00712,2026-04-30 20:05:00,30,0,insufficient_fund,958.0,2,0.0,186,premium,958,netbanking,tier_3,2025-10-26,good,False,medium,True,4.2.0,build_A1,light,False,,none,0.0
evt_SYN001137,sub_SYN00712,2026-06-14 17:21:00,14,11,insufficient_fund,958.0,3,0.0,231,premium,958,netbanking,tier_3,2025-10-26,poor,False,high,True,5.1.2,build_A1,dark,False,,none,0.0
evt_SYN001138,sub_SYN00713,2025-04-28 22:10:00,28,0,insufficient_fund,315.0,0,,43,mid,315,netbanking,tier_2,2025-03-16,good,False,low,False,4.2.0,build_A1,light,True,2025-05-09 19:36:00,customer_self_serve,315.0
evt_SYN001139,sub_SYN00714,2026-05-13 08:12:00,13,10,insufficient_fund,1153.0,0,,420,saas,1153,debit_card,tier_3,2025-03-19,good,False,low,False,4.2.0,build_D9,light,False,,none,0.0
evt_SYN001140,sub_SYN00714,2026-06-20 03:41:00,20,8,insufficient_fund,1153.0,1,0.0,458,saas,1153,debit_card,tier_3,2025-03-19,good,False,low,False,5.1.2,build_C3,dark,True,2026-06-22 00:37:00,auto_retry,1153.0
evt_SYN001141,sub_SYN00714,2026-07-06 03:47:00,6,3,insufficient_fund,1153.0,2,0.0,474,saas,1153,debit_card,tier_3,2025-03-19,good,False,medium,False,4.2.0,build_B7,dark,False,,none,0.0
evt_SYN001143,sub_SYN00716,2026-05-11 00:39:00,11,8,insufficient_fund,154.0,0,,497,mobile,154,debit_card,tier_2,2024-12-30,good,False,low,False,4.2.0,build_D9,dark,False,,none,0.0
evt_SYN001144,sub_SYN00716,2026-06-10 03:20:00,10,7,insufficient_fund,154.0,1,0.0,527,mobile,154,debit_card,tier_2,2024-12-30,good,False,medium,False,4.2.0,build_B7,system,True,2026-06-22 14:03:00,customer_self_serve,154.0
evt_SYN001146,sub_SYN00718,2025-10-13 05:41:00,13,10,insufficient_fund,3101.0,0,,207,saas,3101,credit_card,tier_3,2025-03-20,good,False,high,False,4.3.1,build_D9,system,False,,none,0.0
evt_SYN001148,sub_SYN00720,2026-03-19 08:14:00,19,10,insufficient_fund,467.0,0,,202,mid,467,credit_card,tier_2,2025-08-29,good,False,medium,False,4.3.1,build_C3,dark,True,2026-03-21 01:11:00,auto_retry,467.0
evt_SYN001149,sub_SYN00721,2026-02-19 01:06:00,19,7,insufficient_fund,303.0,0,,164,mid,303,debit_card,tier_2,2025-09-08,poor,False,medium,False,5.1.2,build_B7,dark,True,2026-02-19 03:10:00,customer_self_serve,303.0
evt_SYN001150,sub_SYN00722,2026-03-01 14:01:00,1,0,insufficient_fund,377.0,0,,201,mid,377,credit_card,tier_3,2025-08-12,good,False,low,False,5.1.2,build_A1,system,False,,none,0.0
evt_SYN001157,sub_SYN00729,2026-03-02 06:09:00,2,0,insufficient_fund,313.0,0,,314,mid,313,credit_card,tier_2,2025-04-22,good,False,medium,False,4.4.0,build_A1,system,True,2026-03-05 04:58:00,auto_retry,313.0
evt_SYN001158,sub_SYN00729,2026-03-26 09:48:00,26,3,insufficient_fund,313.0,1,0.0,338,mid,313,credit_card,tier_2,2025-04-22,degraded,False,medium,False,5.1.2,build_A1,light,True,2026-03-29 01:55:00,auto_retry,313.0
evt_SYN001161,sub_SYN00732,2025-07-18 05:21:00,18,11,insufficient_fund,171.0,0,,280,mobile,171,debit_card,tier_2,2024-10-11,good,False,low,False,4.2.0,build_A1,system,False,,none,0.0
evt_SYN001163,sub_SYN00734,2026-04-05 23:42:00,5,2,insufficient_fund,811.0,0,,12,premium,811,upi_autopay,tier_1,2026-03-24,good,False,low,False,5.0.0,build_C3,system,True,2026-04-08 15:06:00,auto_retry,811.0
evt_SYN001164,sub_SYN00735,2026-04-12 19:35:00,12,9,insufficient_fund,863.0,0,,634,premium,863,debit_card,tier_3,2024-07-17,degraded,False,medium,True,5.0.0,build_D9,dark,False,,none,0.0
evt_SYN001165,sub_SYN00736,2026-06-12 19:40:00,12,9,insufficient_fund,96.0,0,,22,mobile,96,credit_card,tier_1,2026-05-21,good,False,low,False,4.3.1,build_A1,system,True,2026-06-14 19:19:00,customer_self_serve,96.0
evt_SYN001166,sub_SYN00737,2026-02-26 20:25:00,26,0,insufficient_fund,189.0,0,,323,mobile,189,credit_card,tier_2,2025-04-09,poor,False,medium,False,5.1.2,build_B7,light,True,2026-02-28 14:03:00,auto_retry,177.67
evt_SYN001168,sub_SYN00739,2026-04-25 02:16:00,25,3,insufficient_fund,378.0,0,,196,mid,378,debit_card,tier_1,2025-10-11,degraded,False,low,False,4.4.0,build_D9,dark,True,2026-04-27 07:18:00,auto_retry,378.0
evt_SYN001170,sub_SYN00741,2026-03-14 13:07:00,14,11,insufficient_fund,95.0,0,,175,mobile,95,credit_card,tier_1,2025-09-20,good,False,low,False,5.1.2,build_E2,light,True,2026-03-14 21:40:00,auto_retry,95.0
evt_SYN001174,sub_SYN00743,2026-06-19 02:46:00,19,9,insufficient_fund,171.0,0,,24,mobile,171,credit_card,tier_2,2026-05-26,degraded,False,low,True,4.2.0,build_D9,dark,True,2026-06-19 03:58:00,auto_retry,171.0
evt_SYN001177,sub_SYN00745,2026-04-23 16:40:00,23,5,insufficient_fund,122.0,0,,30,mobile,122,upi_autopay,tier_2,2026-03-24,degraded,False,low,False,4.4.0,build_B7,dark,True,2026-04-26 01:56:00,customer_self_serve,122.0
evt_SYN001178,sub_SYN00746,2025-10-01 20:41:00,1,0,insufficient_fund,123.0,0,,185,mobile,123,debit_card,tier_1,2025-03-30,degraded,False,low,True,4.4.0,build_C3,dark,True,2025-10-02 00:35:00,auto_retry,123.0
evt_SYN001179,sub_SYN00747,2025-09-16 13:37:00,16,12,insufficient_fund,316.0,0,,111,mid,316,credit_card,tier_3,2025-05-28,good,False,low,False,5.0.0,build_E2,dark,True,2025-09-18 08:14:00,auto_retry,316.0
evt_SYN001184,sub_SYN00749,2026-02-17 09:23:00,17,9,insufficient_fund,92.0,0,,381,mobile,92,upi_autopay,tier_1,2025-02-01,poor,False,low,True,4.3.1,build_A1,dark,False,,none,0.0
evt_SYN001185,sub_SYN00749,2026-03-31 06:18:00,31,0,insufficient_fund,92.0,1,0.0,423,mobile,92,upi_autopay,tier_1,2025-02-01,poor,False,low,False,5.0.0,build_A1,dark,False,,none,0.0
evt_SYN001187,sub_SYN00751,2026-03-15 15:56:00,15,12,insufficient_fund,802.0,0,,112,premium,802,credit_card,tier_2,2025-11-23,poor,False,medium,False,5.1.2,build_E2,light,True,2026-03-17 10:32:00,auto_retry,802.0
evt_SYN001188,sub_SYN00752,2025-01-01 04:38:00,1,0,insufficient_fund,304.0,0,,29,mid,304,credit_card,tier_2,2024-12-03,good,True,high,True,5.0.0,build_E2,dark,True,2025-01-01 18:50:00,customer_self_serve,304.0
evt_SYN001189,sub_SYN00753,2026-05-05 21:58:00,5,2,insufficient_fund,419.0,0,,610,mid,419,upi_autopay,tier_2,2024-09-02,good,False,low,False,4.2.0,build_C3,system,True,2026-05-06 17:53:00,auto_retry,419.0
evt_SYN001190,sub_SYN00754,2025-12-02 04:57:00,2,0,insufficient_fund,2921.0,0,,126,saas,2921,upi_autopay,tier_2,2025-07-29,poor,False,low,False,4.3.1,build_B7,system,True,2025-12-09 16:00:00,customer_self_serve,2921.0
evt_SYN001191,sub_SYN00754,2025-12-28 22:28:00,28,1,insufficient_fund,2921.0,1,1.0,152,saas,2921,upi_autopay,tier_2,2025-07-29,degraded,False,low,False,4.2.0,build_C3,light,True,2026-01-06 07:51:00,auto_retry,2921.0
evt_SYN001192,sub_SYN00754,2026-01-30 23:11:00,30,0,insufficient_fund,2921.0,2,0.5,185,saas,2921,upi_autopay,tier_2,2025-07-29,degraded,False,low,False,5.0.0,build_B7,light,True,2026-01-31 00:23:00,auto_retry,2921.0
evt_SYN001194,sub_SYN00756,2025-05-09 09:57:00,9,6,insufficient_fund,2447.0,0,,172,saas,2447,debit_card,tier_1,2024-11-18,degraded,False,low,False,4.2.0,build_A1,system,True,2025-05-10 03:42:00,auto_retry,2447.0
evt_SYN001196,sub_SYN00758,2026-02-25 03:26:00,25,1,insufficient_fund,113.0,0,,194,mobile,113,debit_card,tier_3,2025-08-15,good,False,high,False,5.1.2,build_A1,light,True,2026-02-25 10:57:00,auto_retry,113.0
evt_SYN001197,sub_SYN00759,2026-03-10 13:31:00,10,7,insufficient_fund,479.0,0,,88,mid,479,credit_card,tier_1,2025-12-12,good,False,low,False,4.2.0,build_B7,light,True,2026-03-12 09:13:00,auto_retry,479.0
evt_SYN001198,sub_SYN00760,2026-05-30 19:06:00,30,0,insufficient_fund,493.0,0,,29,mid,493,upi_autopay,tier_3,2026-05-01,good,False,low,True,4.4.0,build_D9,dark,True,2026-05-31 02:35:00,customer_self_serve,493.0
evt_SYN001199,sub_SYN00761,2026-04-13 21:14:00,13,10,insufficient_fund,2063.0,0,,365,saas,2063,debit_card,tier_1,2025-04-13,good,False,high,False,4.2.0,build_A1,system,True,2026-04-15 17:21:00,auto_retry,2063.0
evt_SYN001200,sub_SYN00762,2026-03-09 12:44:00,9,6,insufficient_fund,418.0,0,,553,mid,418,credit_card,tier_1,2024-09-02,degraded,False,low,False,4.2.0,build_D9,dark,True,2026-03-10 19:07:00,auto_retry,418.0
evt_SYN001201,sub_SYN00763,2026-01-23 04:25:00,23,6,insufficient_fund,195.0,0,,346,mobile,195,upi_autopay,tier_1,2025-02-11,good,False,low,False,4.4.0,build_D9,dark,False,,none,0.0
evt_SYN001202,sub_SYN00764,2025-11-11 19:28:00,11,8,insufficient_fund,431.0,0,,21,mid,431,debit_card,tier_1,2025-10-21,degraded,False,low,False,5.1.2,build_A1,light,False,,none,0.0
evt_SYN001203,sub_SYN00765,2025-08-07 01:22:00,7,4,insufficient_fund,176.0,0,,153,mobile,176,credit_card,tier_2,2025-03-07,good,False,low,False,4.4.0,build_B7,dark,True,2025-08-07 06:30:00,auto_retry,176.0
evt_SYN001204,sub_SYN00766,2025-04-16 22:07:00,16,12,insufficient_fund,657.0,0,,172,premium,657,credit_card,tier_2,2024-10-26,good,False,low,True,5.0.0,build_B7,system,True,2025-04-18 16:31:00,customer_self_serve,657.0
evt_SYN001206,sub_SYN00768,2025-10-01 00:17:00,1,0,insufficient_fund,819.0,0,,331,premium,819,netbanking,tier_2,2024-11-04,good,False,high,False,4.3.1,build_B7,dark,False,,none,0.0
evt_SYN001207,sub_SYN00769,2025-10-06 00:50:00,6,3,insufficient_fund,743.0,0,,37,premium,743,debit_card,tier_2,2025-08-30,degraded,False,low,False,5.1.2,build_D9,dark,True,2025-10-08 01:50:00,auto_retry,743.0
evt_SYN001212,sub_SYN00772,2025-12-14 08:50:00,14,11,insufficient_fund,962.0,0,,157,premium,962,upi_autopay,tier_2,2025-07-10,good,False,medium,False,4.3.1,build_C3,dark,False,,none,0.0
evt_SYN001213,sub_SYN00772,2026-01-19 18:20:00,19,10,insufficient_fund,962.0,1,0.0,193,premium,962,upi_autopay,tier_2,2025-07-10,good,False,low,False,5.0.0,build_D9,dark,False,,none,0.0
evt_SYN001214,sub_SYN00772,2026-02-17 18:40:00,17,9,insufficient_fund,962.0,2,0.0,222,premium,962,upi_autopay,tier_2,2025-07-10,good,False,medium,False,4.2.0,build_D9,light,True,2026-02-19 13:54:00,auto_retry,962.0
evt_SYN001215,sub_SYN00773,2025-02-20 03:34:00,20,6,insufficient_fund,969.0,0,,218,premium,969,upi_autopay,tier_3,2024-07-17,good,False,low,False,4.4.0,build_D9,dark,False,,none,0.0
evt_SYN001216,sub_SYN00773,2025-03-13 10:08:00,13,10,insufficient_fund,969.0,1,0.0,239,premium,969,upi_autopay,tier_3,2024-07-17,poor,False,low,False,5.1.2,build_A1,light,True,2025-03-15 20:39:00,customer_self_serve,969.0
evt_SYN001217,sub_SYN00773,2025-04-03 23:56:00,3,0,insufficient_fund,969.0,2,0.5,260,premium,969,upi_autopay,tier_3,2024-07-17,good,False,medium,False,4.4.0,build_D9,system,True,2025-04-06 06:57:00,customer_self_serve,969.0
evt_SYN001218,sub_SYN00773,2025-04-18 17:07:00,18,10,insufficient_fund,969.0,3,0.6666666666666666,275,premium,969,upi_autopay,tier_3,2024-07-17,degraded,False,low,False,5.0.0,build_E2,light,False,,none,0.0
evt_SYN001219,sub_SYN00774,2025-07-29 17:26:00,29,0,insufficient_fund,667.0,0,,55,premium,667,debit_card,tier_2,2025-06-04,good,False,low,False,4.4.0,build_D9,light,True,2025-07-30 04:30:00,auto_retry,667.0
evt_SYN001223,sub_SYN00776,2026-01-23 14:27:00,23,6,insufficient_fund,465.0,0,,148,mid,465,debit_card,tier_2,2025-08-28,good,False,low,False,4.2.0,build_C3,dark,False,,none,0.0
evt_SYN001224,sub_SYN00777,2025-11-29 02:24:00,29,0,insufficient_fund,85.0,0,,200,mobile,85,upi_autopay,tier_1,2025-05-13,good,False,low,False,4.3.1,build_E2,light,False,,none,0.0
evt_SYN001228,sub_SYN00779,2026-03-30 23:37:00,30,0,insufficient_fund,399.0,0,,444,mid,399,upi_autopay,tier_3,2025-01-10,good,False,low,False,4.4.0,build_E2,system,False,,none,0.0
evt_SYN001229,sub_SYN00779,2026-04-24 08:34:00,24,4,insufficient_fund,399.0,1,0.0,469,mid,399,upi_autopay,tier_3,2025-01-10,good,False,low,False,4.3.1,build_E2,dark,True,2026-05-03 12:49:00,customer_self_serve,399.0
evt_SYN001230,sub_SYN00780,2025-09-22 04:16:00,22,6,insufficient_fund,354.0,0,,15,mid,354,netbanking,tier_1,2025-09-07,degraded,False,low,False,5.1.2,build_D9,dark,True,2025-09-22 12:26:00,auto_retry,354.0
evt_SYN001232,sub_SYN00782,2025-05-05 06:04:00,5,2,insufficient_fund,149.0,0,,40,mobile,149,netbanking,tier_3,2025-03-26,poor,False,high,False,4.4.0,build_C3,light,True,2025-05-05 21:57:00,auto_retry,137.18
evt_SYN001233,sub_SYN00783,2026-05-12 17:06:00,12,9,insufficient_fund,751.0,0,,23,premium,751,debit_card,tier_1,2026-04-19,good,False,low,False,4.3.1,build_B7,dark,True,2026-05-15 00:24:00,auto_retry,751.0
evt_SYN001235,sub_SYN00785,2026-01-29 12:21:00,29,0,insufficient_fund,89.0,0,,231,mobile,89,credit_card,tier_3,2025-06-12,good,False,low,False,4.3.1,build_C3,system,True,2026-02-01 15:50:00,customer_self_serve,89.0
evt_SYN001240,sub_SYN00787,2026-03-25 16:25:00,25,4,insufficient_fund,873.0,0,,436,premium,873,debit_card,tier_1,2025-01-13,degraded,False,low,False,5.0.0,build_A1,dark,True,2026-03-26 06:14:00,auto_retry,873.0
evt_SYN001241,sub_SYN00788,2025-05-24 18:53:00,24,5,insufficient_fund,165.0,0,,158,mobile,165,credit_card,tier_1,2024-12-17,good,False,low,False,5.0.0,build_D9,dark,False,,none,0.0
evt_SYN001242,sub_SYN00788,2025-07-03 09:46:00,3,0,insufficient_fund,165.0,1,0.0,198,mobile,165,credit_card,tier_1,2024-12-17,degraded,False,medium,False,4.4.0,build_E2,light,True,2025-07-17 09:46:00,auto_retry,165.0
evt_SYN001243,sub_SYN00788,2025-08-06 17:30:00,6,3,insufficient_fund,165.0,2,0.0,232,mobile,165,credit_card,tier_1,2024-12-17,poor,False,low,True,4.2.0,build_C3,dark,True,2025-08-17 08:14:00,customer_self_serve,165.0
evt_SYN001251,sub_SYN00795,2025-09-17 09:22:00,17,11,insufficient_fund,103.0,0,,132,mobile,103,debit_card,tier_2,2025-05-08,good,False,medium,False,5.0.0,build_B7,system,True,2025-09-17 10:34:00,auto_retry,103.0
evt_SYN001252,sub_SYN00796,2025-08-06 22:02:00,6,3,insufficient_fund,827.0,0,,242,premium,827,netbanking,tier_2,2024-12-07,degraded,False,medium,False,4.3.1,build_B7,light,True,2025-08-08 15:07:00,auto_retry,827.0
evt_SYN001253,sub_SYN00797,2026-05-14 10:01:00,14,11,insufficient_fund,197.0,0,,116,mobile,197,credit_card,tier_2,2026-01-18,poor,False,low,False,5.0.0,build_C3,light,True,2026-05-16 07:27:00,auto_retry,197.0
evt_SYN001254,sub_SYN00798,2025-10-14 00:25:00,14,11,insufficient_fund,92.0,0,,159,mobile,92,credit_card,tier_1,2025-05-08,good,False,high,False,4.4.0,build_A1,system,True,2025-10-17 03:47:00,auto_retry,92.0
evt_SYN001262,sub_SYN00803,2025-09-20 11:39:00,20,8,insufficient_fund,468.0,0,,12,mid,468,credit_card,tier_1,2025-09-08,good,False,low,False,4.3.1,build_C3,dark,True,2025-09-21 03:03:00,auto_retry,468.0
evt_SYN001263,sub_SYN00803,2025-10-23 23:00:00,23,6,insufficient_fund,468.0,1,0.0,45,mid,468,credit_card,tier_1,2025-09-08,good,False,low,False,5.0.0,build_A1,system,True,2025-10-31 19:44:00,auto_retry,468.0
evt_SYN001264,sub_SYN00804,2025-02-09 04:38:00,9,6,insufficient_fund,303.0,0,,143,mid,303,credit_card,tier_1,2024-09-19,good,False,low,False,5.1.2,build_D9,light,True,2025-02-09 18:29:00,auto_retry,303.0
evt_SYN001266,sub_SYN00806,2025-12-10 18:42:00,10,7,insufficient_fund,452.0,0,,196,mid,452,netbanking,tier_2,2025-05-28,good,False,medium,False,4.3.1,build_B7,dark,False,,none,0.0
evt_SYN001267,sub_SYN00807,2025-01-24 01:24:00,24,5,insufficient_fund,316.0,0,,173,mid,316,credit_card,tier_2,2024-08-04,degraded,False,low,False,4.2.0,build_A1,system,True,2025-01-26 11:52:00,auto_retry,316.0
evt_SYN001268,sub_SYN00808,2026-06-19 06:54:00,19,9,insufficient_fund,435.0,0,,316,mid,435,credit_card,tier_3,2025-08-07,good,False,medium,False,4.2.0,build_E2,dark,False,,none,0.0
evt_SYN001271,sub_SYN00811,2026-02-19 13:47:00,19,7,insufficient_fund,155.0,0,,99,mobile,155,credit_card,tier_1,2025-11-12,good,False,low,False,4.3.1,build_A1,dark,True,2026-02-23 11:22:00,auto_retry,155.0
evt_SYN001278,sub_SYN00816,2026-05-08 18:16:00,8,5,insufficient_fund,172.0,0,,420,mobile,172,credit_card,tier_1,2025-03-14,good,False,low,False,4.4.0,build_D9,light,True,2026-05-12 03:38:00,auto_retry,172.0
evt_SYN001279,sub_SYN00816,2026-05-29 09:26:00,29,0,insufficient_fund,172.0,1,0.0,441,mobile,172,credit_card,tier_1,2025-03-14,good,False,low,False,4.4.0,build_D9,system,True,2026-06-10 08:06:00,customer_self_serve,163.38
evt_SYN001280,sub_SYN00817,2026-06-19 16:04:00,19,9,insufficient_fund,854.0,0,,152,premium,854,netbanking,tier_1,2026-01-18,good,False,low,False,4.3.1,build_E2,system,False,,none,0.0
evt_SYN001281,sub_SYN00817,2026-07-24 04:38:00,24,5,insufficient_fund,854.0,1,0.0,187,premium,854,netbanking,tier_1,2026-01-18,good,False,low,False,5.1.2,build_B7,light,False,,none,0.0
evt_SYN001282,sub_SYN00818,2026-03-21 14:56:00,21,8,insufficient_fund,323.0,0,,15,mid,323,debit_card,tier_2,2026-03-06,degraded,False,low,False,4.3.1,build_B7,dark,True,2026-03-26 05:16:00,customer_self_serve,287.85
evt_SYN001283,sub_SYN00818,2026-04-16 14:03:00,16,12,insufficient_fund,323.0,1,1.0,41,mid,323,debit_card,tier_2,2026-03-06,good,False,medium,False,5.0.0,build_B7,system,True,2026-04-24 09:24:00,customer_self_serve,308.1
evt_SYN001286,sub_SYN00821,2025-11-16 06:35:00,16,12,insufficient_fund,197.0,0,,459,mobile,197,debit_card,tier_2,2024-08-14,degraded,True,low,False,4.4.0,build_A1,light,True,2025-11-18 22:21:00,auto_retry,197.0
evt_SYN001287,sub_SYN00821,2025-12-17 04:10:00,17,12,insufficient_fund,197.0,1,0.0,490,mobile,197,debit_card,tier_2,2024-08-14,good,False,low,False,5.1.2,build_C3,dark,True,2025-12-18 20:13:00,auto_retry,197.0
evt_SYN001288,sub_SYN00822,2026-03-23 16:25:00,23,6,insufficient_fund,363.0,0,,273,mid,363,upi_autopay,tier_2,2025-06-23,good,False,low,False,4.4.0,build_C3,dark,True,2026-03-25 14:09:00,auto_retry,363.0
evt_SYN001290,sub_SYN00824,2025-07-09 14:45:00,9,6,insufficient_fund,171.0,0,,76,mobile,171,credit_card,tier_2,2025-04-24,degraded,False,medium,False,5.0.0,build_D9,system,False,,none,0.0
evt_SYN001291,sub_SYN00824,2025-08-16 12:18:00,16,13,insufficient_fund,171.0,1,0.0,114,mobile,171,credit_card,tier_2,2025-04-24,good,False,low,False,4.4.0,build_A1,dark,True,2025-08-22 04:20:00,auto_retry,171.0
evt_SYN001292,sub_SYN00825,2025-09-13 04:19:00,13,10,insufficient_fund,2486.0,0,,130,saas,2486,credit_card,tier_2,2025-05-06,poor,False,medium,False,5.1.2,build_E2,system,True,2025-09-15 06:27:00,auto_retry,2486.0
evt_SYN001293,sub_SYN00825,2025-12-31 05:08:00,31,0,insufficient_fund,2486.0,1,0.0,239,saas,2486,credit_card,tier_2,2025-05-06,good,False,low,False,4.3.1,build_A1,dark,True,2026-01-02 16:38:00,auto_retry,2486.0
evt_SYN001295,sub_SYN00827,2025-10-03 23:11:00,3,0,insufficient_fund,157.0,0,,362,mobile,157,netbanking,tier_1,2024-10-06,good,False,low,False,4.2.0,build_A1,dark,False,,none,0.0
evt_SYN001296,sub_SYN00828,2025-09-04 01:08:00,4,1,insufficient_fund,445.0,0,,164,mid,445,debit_card,tier_3,2025-03-24,good,False,low,False,4.2.0,build_C3,light,False,,none,0.0
evt_SYN001297,sub_SYN00828,2025-10-10 00:33:00,10,7,insufficient_fund,445.0,1,0.0,200,mid,445,debit_card,tier_3,2025-03-24,good,True,medium,False,5.0.0,build_C3,system,True,2025-10-13 18:26:00,customer_self_serve,445.0
evt_SYN001299,sub_SYN00830,2026-02-08 17:40:00,8,5,insufficient_fund,449.0,0,,233,mid,449,upi_autopay,tier_2,2025-06-20,good,False,high,False,5.1.2,build_B7,system,True,2026-02-10 11:15:00,auto_retry,449.0
evt_SYN001300,sub_SYN00830,2026-03-11 18:17:00,11,8,insufficient_fund,449.0,1,0.0,264,mid,449,upi_autopay,tier_2,2025-06-20,good,False,medium,False,4.4.0,build_A1,dark,False,,none,0.0
evt_SYN001301,sub_SYN00830,2026-04-19 03:04:00,19,9,insufficient_fund,449.0,2,0.0,303,mid,449,upi_autopay,tier_2,2025-06-20,degraded,False,medium,False,4.2.0,build_E2,light,True,2026-04-23 22:59:00,customer_self_serve,449.0
evt_SYN001303,sub_SYN00832,2025-12-19 23:45:00,19,10,insufficient_fund,691.0,0,,17,premium,691,credit_card,tier_1,2025-12-02,poor,False,low,False,4.3.1,build_D9,dark,True,2025-12-20 21:39:00,auto_retry,691.0
evt_SYN001307,sub_SYN00834,2025-09-22 21:55:00,22,6,insufficient_fund,353.0,0,,29,mid,353,debit_card,tier_1,2025-08-24,good,False,low,False,4.2.0,build_E2,dark,False,,none,0.0
evt_SYN001308,sub_SYN00834,2025-10-10 09:52:00,10,7,insufficient_fund,353.0,1,0.0,47,mid,353,debit_card,tier_1,2025-08-24,good,False,low,False,4.2.0,build_A1,light,False,,none,0.0
evt_SYN001311,sub_SYN00836,2026-05-17 07:39:00,17,12,insufficient_fund,740.0,0,,25,premium,740,upi_autopay,tier_2,2026-04-22,good,False,low,False,4.3.1,build_D9,light,True,2026-05-21 17:56:00,auto_retry,740.0
evt_SYN001312,sub_SYN00836,2026-06-18 06:11:00,18,10,insufficient_fund,740.0,1,0.0,57,premium,740,upi_autopay,tier_2,2026-04-22,degraded,False,low,False,4.4.0,build_C3,system,False,,none,0.0
evt_SYN001313,sub_SYN00836,2026-07-16 14:32:00,16,13,insufficient_fund,740.0,2,0.0,85,premium,740,upi_autopay,tier_2,2026-04-22,good,False,low,True,4.3.1,build_D9,dark,False,,none,0.0
evt_SYN001315,sub_SYN00838,2026-05-28 04:30:00,28,1,insufficient_fund,368.0,0,,685,mid,368,upi_autopay,tier_2,2024-07-12,degraded,False,medium,False,5.0.0,build_B7,dark,True,2026-05-28 12:19:00,auto_retry,368.0
evt_SYN001316,sub_SYN00839,2025-02-01 10:38:00,1,0,insufficient_fund,186.0,0,,143,mobile,186,credit_card,tier_1,2024-09-11,degraded,False,low,True,4.4.0,build_B7,system,True,2025-02-04 18:36:00,customer_self_serve,186.0
evt_SYN001317,sub_SYN00839,2025-02-27 07:13:00,27,0,insufficient_fund,186.0,1,1.0,169,mobile,186,credit_card,tier_1,2024-09-11,good,False,low,False,5.0.0,build_B7,light,True,2025-03-02 00:57:00,auto_retry,186.0
evt_SYN001323,sub_SYN00842,2025-09-11 08:14:00,11,8,insufficient_fund,682.0,0,,243,premium,682,upi_autopay,tier_2,2025-01-11,good,False,medium,False,5.1.2,build_A1,light,True,2025-09-11 22:36:00,auto_retry,682.0
evt_SYN001325,sub_SYN00844,2025-08-16 15:00:00,16,13,insufficient_fund,738.0,0,,132,premium,738,credit_card,tier_3,2025-04-06,degraded,False,high,True,4.2.0,build_A1,dark,True,2025-08-16 23:25:00,auto_retry,738.0
evt_SYN001329,sub_SYN00846,2026-03-27 23:55:00,27,2,insufficient_fund,860.0,0,,90,premium,860,upi_autopay,tier_2,2025-12-27,degraded,False,high,False,4.3.1,build_B7,system,True,2026-03-28 23:55:00,auto_retry,860.0
evt_SYN001330,sub_SYN00847,2025-10-13 04:39:00,13,10,insufficient_fund,676.0,0,,62,premium,676,upi_autopay,tier_2,2025-08-12,good,False,low,False,4.2.0,build_C3,system,True,2025-10-21 21:23:00,auto_retry,676.0
evt_SYN001331,sub_SYN00847,2025-11-19 01:31:00,19,9,insufficient_fund,676.0,1,0.0,99,premium,676,upi_autopay,tier_2,2025-08-12,good,False,low,False,4.4.0,build_D9,system,False,,none,0.0
evt_SYN001333,sub_SYN00849,2025-04-01 16:00:00,1,0,insufficient_fund,126.0,0,,242,mobile,126,credit_card,tier_1,2024-08-02,good,False,low,True,5.0.0,build_B7,system,False,,none,0.0
evt_SYN001334,sub_SYN00850,2025-06-15 09:37:00,15,12,insufficient_fund,120.0,0,,346,mobile,120,netbanking,tier_1,2024-07-04,degraded,False,medium,False,5.1.2,build_C3,system,False,,none,0.0
evt_SYN001335,sub_SYN00850,2025-11-28 17:49:00,28,0,insufficient_fund,120.0,1,0.0,512,mobile,120,netbanking,tier_1,2024-07-04,good,False,medium,False,4.4.0,build_E2,light,True,2025-11-30 02:45:00,customer_self_serve,120.0
evt_SYN001336,sub_SYN00851,2025-10-27 17:31:00,27,2,insufficient_fund,941.0,0,,43,premium,941,upi_autopay,tier_1,2025-09-14,good,False,low,False,4.3.1,build_C3,system,True,2025-10-29 15:19:00,auto_retry,941.0
evt_SYN001337,sub_SYN00852,2026-05-18 20:16:00,18,11,insufficient_fund,148.0,0,,483,mobile,148,upi_autopay,tier_1,2025-01-20,good,False,low,False,4.2.0,build_D9,system,False,,none,0.0
evt_SYN001338,sub_SYN00852,2026-06-29 03:34:00,29,0,insufficient_fund,148.0,1,0.0,525,mobile,148,upi_autopay,tier_1,2025-01-20,good,False,low,False,4.2.0,build_E2,system,True,2026-07-12 04:23:00,auto_retry,148.0
evt_SYN001339,sub_SYN00852,2026-07-17 10:36:00,17,12,insufficient_fund,148.0,2,0.0,543,mobile,148,upi_autopay,tier_1,2025-01-20,degraded,False,low,False,5.0.0,build_D9,dark,False,,none,0.0
evt_SYN001340,sub_SYN00852,2026-07-27 04:40:00,27,2,insufficient_fund,148.0,3,0.0,553,mobile,148,upi_autopay,tier_1,2025-01-20,good,False,low,False,5.1.2,build_D9,light,False,,none,0.0
evt_SYN001343,sub_SYN00855,2026-05-22 02:33:00,22,7,insufficient_fund,657.0,0,,226,premium,657,netbanking,tier_1,2025-10-08,degraded,False,low,False,4.3.1,build_E2,light,True,2026-05-22 06:31:00,customer_self_serve,657.0
evt_SYN001344,sub_SYN00856,2026-06-05 15:05:00,5,2,insufficient_fund,458.0,0,,168,mid,458,debit_card,tier_3,2025-12-19,good,False,low,False,4.2.0,build_D9,dark,True,2026-06-07 11:39:00,auto_retry,458.0
evt_SYN001345,sub_SYN00856,2026-07-04 02:42:00,4,1,insufficient_fund,458.0,1,0.0,197,mid,458,debit_card,tier_3,2025-12-19,degraded,False,medium,False,4.4.0,build_A1,light,True,2026-07-07 02:07:00,auto_retry,458.0
evt_SYN001351,sub_SYN00860,2026-06-14 20:53:00,14,11,insufficient_fund,765.0,0,,166,premium,765,debit_card,tier_2,2025-12-30,good,False,low,False,4.3.1,build_A1,dark,True,2026-06-23 06:26:00,auto_retry,765.0
evt_SYN001352,sub_SYN00860,2026-07-17 19:27:00,17,12,insufficient_fund,765.0,1,0.0,199,premium,765,debit_card,tier_2,2025-12-30,good,False,medium,False,4.4.0,build_A1,light,True,2026-07-18 21:28:00,auto_retry,765.0
evt_SYN001353,sub_SYN00860,2026-08-12 04:22:00,12,9,insufficient_fund,765.0,2,0.0,225,premium,765,debit_card,tier_2,2025-12-30,degraded,False,low,False,5.0.0,build_B7,dark,True,2026-08-15 00:39:00,auto_retry,765.0
evt_SYN001355,sub_SYN00862,2026-05-17 14:06:00,17,12,insufficient_fund,373.0,0,,45,mid,373,credit_card,tier_2,2026-04-02,degraded,False,low,False,4.2.0,build_A1,system,False,,none,0.0
evt_SYN001356,sub_SYN00862,2026-06-09 22:29:00,9,6,insufficient_fund,373.0,1,0.0,68,mid,373,credit_card,tier_2,2026-04-02,good,False,low,False,4.2.0,build_C3,system,True,2026-06-11 01:34:00,customer_self_serve,373.0
evt_SYN001358,sub_SYN00864,2025-08-11 03:03:00,11,8,insufficient_fund,392.0,0,,76,mid,392,upi_autopay,tier_3,2025-05-27,degraded,False,medium,False,4.3.1,build_B7,system,True,2025-08-11 12:45:00,auto_retry,392.0
evt_SYN001360,sub_SYN00866,2025-10-04 02:54:00,4,1,insufficient_fund,113.0,0,,123,mobile,113,debit_card,tier_2,2025-06-03,good,False,low,False,5.1.2,build_E2,light,True,2025-10-06 20:33:00,customer_self_serve,113.0
evt_SYN001361,sub_SYN00866,2025-10-23 04:45:00,23,6,insufficient_fund,113.0,1,1.0,142,mobile,113,debit_card,tier_2,2025-06-03,good,False,low,False,4.2.0,build_B7,dark,True,2025-10-23 18:54:00,customer_self_serve,113.0
evt_SYN001364,sub_SYN00868,2025-06-30 22:57:00,30,0,insufficient_fund,395.0,0,,118,mid,395,upi_autopay,tier_2,2025-03-04,degraded,False,low,True,5.1.2,build_C3,dark,True,2025-07-04 08:43:00,auto_retry,395.0
evt_SYN001365,sub_SYN00869,2025-05-21 03:34:00,21,8,insufficient_fund,434.0,0,,19,mid,434,credit_card,tier_2,2025-05-02,good,False,medium,False,4.3.1,build_C3,dark,False,,none,0.0
evt_SYN001367,sub_SYN00871,2025-10-12 04:00:00,12,9,insufficient_fund,124.0,0,,166,mobile,124,netbanking,tier_1,2025-04-29,good,False,low,False,5.0.0,build_C3,light,True,2025-10-14 20:01:00,auto_retry,124.0
evt_SYN001376,sub_SYN00877,2026-03-27 21:01:00,27,2,insufficient_fund,479.0,0,,164,mid,479,upi_autopay,tier_3,2025-10-14,good,True,low,False,5.1.2,build_A1,light,False,,none,0.0
evt_SYN001377,sub_SYN00878,2025-12-28 07:26:00,28,1,insufficient_fund,166.0,0,,320,mobile,166,credit_card,tier_1,2025-02-11,good,False,low,False,4.2.0,build_D9,dark,True,2026-01-02 07:21:00,auto_retry,166.0
evt_SYN001378,sub_SYN00878,2026-01-27 15:18:00,27,2,insufficient_fund,166.0,1,0.0,350,mobile,166,credit_card,tier_1,2025-02-11,good,False,medium,False,5.0.0,build_C3,dark,True,2026-01-30 13:11:00,auto_retry,166.0
evt_SYN001379,sub_SYN00878,2026-03-01 21:17:00,1,0,insufficient_fund,166.0,2,0.0,383,mobile,166,credit_card,tier_1,2025-02-11,good,False,low,False,4.3.1,build_C3,light,True,2026-03-13 12:52:00,auto_retry,166.0
evt_SYN001385,sub_SYN00883,2026-03-07 07:39:00,7,4,insufficient_fund,90.0,0,,476,mobile,90,credit_card,tier_2,2024-11-16,good,False,low,False,5.1.2,build_B7,dark,True,2026-03-09 20:15:00,auto_retry,90.0
evt_SYN001386,sub_SYN00884,2026-04-02 12:41:00,2,0,insufficient_fund,167.0,0,,597,mobile,167,credit_card,tier_3,2024-08-13,good,False,low,False,5.0.0,build_A1,light,True,2026-04-03 19:28:00,customer_self_serve,161.16
evt_SYN001387,sub_SYN00885,2024-08-26 02:20:00,26,3,insufficient_fund,905.0,0,,26,premium,905,upi_autopay,tier_1,2024-07-31,good,False,low,False,4.4.0,build_E2,light,True,2024-08-28 23:53:00,customer_self_serve,905.0
evt_SYN001389,sub_SYN00887,2026-04-05 11:16:00,5,2,insufficient_fund,164.0,0,,129,mobile,164,credit_card,tier_3,2025-11-27,good,False,low,False,4.3.1,build_B7,light,True,2026-04-05 18:45:00,customer_self_serve,164.0
evt_SYN001390,sub_SYN00888,2025-08-08 11:45:00,8,5,insufficient_fund,928.0,0,,130,premium,928,debit_card,tier_3,2025-03-31,good,False,low,False,5.0.0,build_C3,dark,False,,none,0.0
evt_SYN001391,sub_SYN00889,2025-11-04 14:45:00,4,1,insufficient_fund,132.0,0,,231,mobile,132,netbanking,tier_1,2025-03-18,good,False,low,False,4.4.0,build_B7,light,True,2025-11-07 10:23:00,customer_self_serve,132.0
evt_SYN001393,sub_SYN00891,2026-02-20 02:33:00,20,6,insufficient_fund,815.0,0,,125,premium,815,debit_card,tier_2,2025-10-18,degraded,False,medium,False,5.1.2,build_D9,dark,False,,none,0.0
evt_SYN001394,sub_SYN00892,2026-04-28 02:16:00,28,0,insufficient_fund,495.0,0,,11,mid,495,netbanking,tier_2,2026-04-17,good,False,low,True,5.1.2,build_A1,dark,True,2026-04-28 13:33:00,auto_retry,495.0
evt_SYN001395,sub_SYN00893,2026-01-28 05:28:00,28,1,insufficient_fund,170.0,0,,24,mobile,170,debit_card,tier_2,2026-01-04,poor,False,medium,False,5.1.2,build_D9,light,True,2026-02-01 19:21:00,auto_retry,170.0
evt_SYN001396,sub_SYN00894,2026-05-09 17:14:00,9,6,insufficient_fund,343.0,0,,86,mid,343,debit_card,tier_3,2026-02-12,good,False,medium,False,4.2.0,build_B7,light,True,2026-05-23 17:14:00,customer_self_serve,294.59
evt_SYN001397,sub_SYN00894,2026-06-22 13:57:00,22,6,insufficient_fund,343.0,1,1.0,130,mid,343,debit_card,tier_3,2026-02-12,good,False,low,False,4.2.0,build_A1,dark,True,2026-06-22 21:57:00,auto_retry,343.0
evt_SYN001398,sub_SYN00894,2026-07-25 00:07:00,25,4,insufficient_fund,343.0,2,0.5,163,mid,343,debit_card,tier_3,2026-02-12,good,False,high,False,5.1.2,build_E2,system,False,,none,0.0
evt_SYN001399,sub_SYN00894,2026-08-14 00:46:00,14,11,insufficient_fund,343.0,3,0.3333333333333333,183,mid,343,debit_card,tier_3,2026-02-12,good,False,medium,False,5.1.2,build_E2,system,True,2026-08-14 23:05:00,auto_retry,343.0
evt_SYN001404,sub_SYN00897,2026-06-13 19:46:00,13,10,insufficient_fund,149.0,0,,22,mobile,149,credit_card,tier_1,2026-05-22,good,False,high,False,4.2.0,build_D9,system,True,2026-06-14 07:09:00,auto_retry,149.0
evt_SYN001408,sub_SYN00900,2025-11-26 14:54:00,26,2,insufficient_fund,381.0,0,,66,mid,381,upi_autopay,tier_1,2025-09-21,good,False,medium,False,5.1.2,build_E2,light,True,2025-11-26 23:31:00,auto_retry,381.0
evt_SYN001409,sub_SYN00901,2025-06-13 13:56:00,13,10,insufficient_fund,922.0,0,,16,premium,922,credit_card,tier_3,2025-05-28,poor,False,medium,False,4.3.1,build_B7,dark,False,,none,0.0
evt_SYN001413,sub_SYN00905,2025-09-10 13:31:00,10,7,insufficient_fund,157.0,0,,308,mobile,157,upi_autopay,tier_2,2024-11-06,degraded,False,low,False,5.0.0,build_D9,light,True,2025-09-12 10:22:00,auto_retry,157.0
evt_SYN001414,sub_SYN00905,2025-10-14 21:08:00,14,11,insufficient_fund,157.0,1,0.0,342,mobile,157,upi_autopay,tier_2,2024-11-06,good,False,low,False,4.4.0,build_A1,system,True,2025-10-23 18:09:00,auto_retry,157.0
evt_SYN001416,sub_SYN00907,2025-05-20 17:02:00,20,9,insufficient_fund,179.0,0,,189,mobile,179,credit_card,tier_3,2024-11-12,good,False,medium,True,4.2.0,build_B7,light,False,,none,0.0
evt_SYN001417,sub_SYN00908,2025-08-19 23:16:00,19,10,insufficient_fund,176.0,0,,406,mobile,176,credit_card,tier_2,2024-07-09,good,True,low,False,4.2.0,build_C3,dark,False,,none,0.0
evt_SYN001418,sub_SYN00908,2025-12-15 19:44:00,15,12,insufficient_fund,176.0,1,0.0,524,mobile,176,credit_card,tier_2,2024-07-09,good,False,low,False,5.1.2,build_B7,system,True,2025-12-17 12:58:00,auto_retry,176.0
evt_SYN001420,sub_SYN00910,2026-02-20 04:00:00,20,6,insufficient_fund,386.0,0,,422,mid,386,credit_card,tier_2,2024-12-25,good,True,medium,False,4.3.1,build_A1,dark,True,2026-02-28 03:29:00,customer_self_serve,386.0
evt_SYN001421,sub_SYN00910,2026-03-29 21:15:00,29,0,insufficient_fund,386.0,1,1.0,459,mid,386,credit_card,tier_2,2024-12-25,good,False,medium,False,4.3.1,build_D9,system,True,2026-03-30 10:16:00,customer_self_serve,386.0
evt_SYN001422,sub_SYN00911,2025-06-11 09:33:00,11,8,insufficient_fund,1946.0,0,,67,saas,1946,upi_autopay,tier_2,2025-04-05,degraded,False,low,False,5.0.0,build_B7,system,True,2025-06-13 18:56:00,customer_self_serve,1946.0
evt_SYN001423,sub_SYN00911,2025-07-01 05:52:00,1,0,insufficient_fund,1946.0,1,1.0,87,saas,1946,upi_autopay,tier_2,2025-04-05,good,False,low,True,4.3.1,build_B7,system,True,2025-07-05 16:05:00,customer_self_serve,1893.25
evt_SYN001424,sub_SYN00911,2025-08-04 01:09:00,4,1,insufficient_fund,1946.0,2,1.0,121,saas,1946,upi_autopay,tier_2,2025-04-05,good,False,low,False,4.4.0,build_A1,system,True,2025-08-11 02:28:00,customer_self_serve,1946.0
evt_SYN001429,sub_SYN00916,2026-03-17 11:48:00,17,12,insufficient_fund,190.0,0,,169,mobile,190,credit_card,tier_2,2025-09-29,degraded,False,low,False,4.3.1,build_A1,system,True,2026-03-17 22:40:00,auto_retry,190.0
evt_SYN001432,sub_SYN00919,2025-11-09 03:03:00,9,6,insufficient_fund,3810.0,0,,213,saas,3810,debit_card,tier_1,2025-04-10,poor,False,low,False,4.3.1,build_D9,dark,True,2025-11-09 04:55:00,auto_retry,3810.0
evt_SYN001433,sub_SYN00919,2025-12-16 14:54:00,16,13,insufficient_fund,3810.0,1,0.0,250,saas,3810,debit_card,tier_1,2025-04-10,poor,False,low,False,4.3.1,build_D9,dark,True,2025-12-30 14:54:00,auto_retry,3810.0
evt_SYN001434,sub_SYN00919,2026-01-06 07:44:00,6,3,insufficient_fund,3810.0,2,0.0,271,saas,3810,debit_card,tier_1,2025-04-10,degraded,False,medium,False,4.4.0,build_D9,dark,False,,none,0.0
evt_SYN001435,sub_SYN00920,2025-05-14 06:01:00,14,11,insufficient_fund,152.0,0,,143,mobile,152,debit_card,tier_1,2024-12-22,good,False,high,False,5.1.2,build_B7,system,True,2025-05-15 00:38:00,auto_retry,152.0
evt_SYN001436,sub_SYN00921,2026-01-22 10:16:00,22,7,insufficient_fund,98.0,0,,424,mobile,98,debit_card,tier_3,2024-11-24,degraded,False,medium,False,4.2.0,build_A1,dark,False,,none,0.0
evt_SYN001437,sub_SYN00921,2026-03-03 06:46:00,3,0,insufficient_fund,98.0,1,0.0,464,mobile,98,debit_card,tier_3,2024-11-24,degraded,False,low,False,4.3.1,build_A1,system,False,,none,0.0
evt_SYN001438,sub_SYN00921,2026-04-08 16:00:00,8,5,insufficient_fund,98.0,2,0.0,500,mobile,98,debit_card,tier_3,2024-11-24,good,False,low,False,5.0.0,build_B7,light,False,,none,0.0
evt_SYN001439,sub_SYN00921,2026-04-25 18:11:00,25,3,insufficient_fund,98.0,3,0.0,517,mobile,98,debit_card,tier_3,2024-11-24,good,False,medium,False,4.4.0,build_E2,system,True,2026-04-28 16:43:00,auto_retry,92.05
evt_SYN001440,sub_SYN00922,2026-04-29 09:17:00,29,0,insufficient_fund,854.0,0,,262,premium,854,upi_autopay,tier_1,2025-08-10,degraded,False,medium,True,4.3.1,build_A1,system,True,2026-05-02 04:29:00,auto_retry,854.0
evt_SYN001441,sub_SYN00923,2026-01-12 16:43:00,12,9,insufficient_fund,135.0,0,,217,mobile,135,credit_card,tier_3,2025-06-09,good,False,high,False,5.1.2,build_C3,light,False,,none,0.0
evt_SYN001442,sub_SYN00923,2026-02-19 20:37:00,19,7,insufficient_fund,135.0,1,0.0,255,mobile,135,credit_card,tier_3,2025-06-09,poor,True,medium,False,5.1.2,build_E2,system,True,2026-02-28 16:49:00,auto_retry,135.0
evt_SYN001445,sub_SYN00925,2026-02-20 21:20:00,20,6,insufficient_fund,727.0,0,,18,premium,727,debit_card,tier_2,2026-02-02,good,False,medium,False,4.3.1,build_B7,system,True,2026-02-21 22:57:00,auto_retry,727.0
evt_SYN001446,sub_SYN00926,2026-03-26 12:59:00,26,3,insufficient_fund,120.0,0,,116,mobile,120,netbanking,tier_2,2025-11-30,good,False,medium,False,4.4.0,build_B7,system,True,2026-03-26 18:15:00,auto_retry,120.0
evt_SYN001447,sub_SYN00927,2025-04-30 22:04:00,30,0,insufficient_fund,402.0,0,,242,mid,402,upi_autopay,tier_3,2024-08-31,good,False,medium,False,4.2.0,build_A1,light,True,2025-05-09 16:01:00,customer_self_serve,402.0
evt_SYN001448,sub_SYN00927,2025-06-04 08:37:00,4,1,insufficient_fund,402.0,1,1.0,277,mid,402,upi_autopay,tier_3,2024-08-31,good,False,high,False,5.1.2,build_E2,system,False,,none,0.0
evt_SYN001449,sub_SYN00927,2025-06-18 09:15:00,18,10,insufficient_fund,402.0,2,0.5,291,mid,402,upi_autopay,tier_3,2024-08-31,poor,False,low,False,4.3.1,build_D9,light,False,,none,0.0
evt_SYN001450,sub_SYN00927,2025-07-25 15:26:00,25,4,insufficient_fund,402.0,3,0.3333333333333333,328,mid,402,upi_autopay,tier_3,2024-08-31,good,False,medium,False,4.2.0,build_B7,light,False,,none,0.0
evt_SYN001451,sub_SYN00928,2026-03-02 03:18:00,2,0,insufficient_fund,320.0,0,,126,mid,320,netbanking,tier_1,2025-10-27,poor,False,medium,False,4.2.0,build_B7,system,True,2026-03-03 16:21:00,auto_retry,320.0
evt_SYN001452,sub_SYN00928,2026-03-27 21:41:00,27,2,insufficient_fund,320.0,1,0.0,151,mid,320,netbanking,tier_1,2025-10-27,good,False,low,False,4.4.0,build_A1,system,True,2026-03-28 08:08:00,auto_retry,320.0
evt_SYN001453,sub_SYN00928,2026-04-24 07:33:00,24,4,insufficient_fund,320.0,2,0.0,179,mid,320,netbanking,tier_1,2025-10-27,good,False,low,False,5.1.2,build_C3,system,True,2026-04-24 12:16:00,auto_retry,320.0
evt_SYN001454,sub_SYN00929,2025-12-24 22:39:00,24,5,insufficient_fund,666.0,0,,524,premium,666,debit_card,tier_3,2024-07-18,good,False,low,False,5.1.2,build_E2,light,True,2025-12-28 19:05:00,auto_retry,666.0
evt_SYN001455,sub_SYN00930,2026-02-10 11:18:00,10,7,insufficient_fund,894.0,0,,59,premium,894,debit_card,tier_2,2025-12-13,good,False,low,False,5.1.2,build_C3,light,True,2026-02-15 16:59:00,customer_self_serve,894.0
evt_SYN001461,sub_SYN00934,2026-03-04 16:28:00,4,1,insufficient_fund,436.0,0,,362,mid,436,upi_autopay,tier_2,2025-03-07,good,False,low,False,4.4.0,build_A1,system,True,2026-03-09 09:28:00,auto_retry,436.0
evt_SYN001462,sub_SYN00934,2026-04-01 16:38:00,1,0,insufficient_fund,436.0,1,0.0,390,mid,436,upi_autopay,tier_2,2025-03-07,good,True,low,True,4.2.0,build_D9,system,True,2026-04-02 02:26:00,auto_retry,436.0
evt_SYN001463,sub_SYN00934,2026-04-23 14:57:00,23,5,insufficient_fund,436.0,2,0.0,412,mid,436,upi_autopay,tier_2,2025-03-07,good,False,medium,False,5.1.2,build_C3,dark,False,,none,0.0
evt_SYN001464,sub_SYN00934,2026-05-24 12:27:00,24,5,insufficient_fund,436.0,3,0.0,443,mid,436,upi_autopay,tier_2,2025-03-07,good,False,medium,False,4.4.0,build_C3,dark,False,,none,0.0
evt_SYN001465,sub_SYN00935,2025-09-06 21:20:00,6,3,insufficient_fund,1183.0,0,,227,saas,1183,credit_card,tier_1,2025-01-22,good,False,low,False,4.4.0,build_B7,dark,True,2025-09-11 20:40:00,auto_retry,1183.0
evt_SYN001466,sub_SYN00936,2025-03-12 20:37:00,12,9,insufficient_fund,302.0,0,,188,mid,302,upi_autopay,tier_1,2024-09-05,good,False,medium,False,5.0.0,build_D9,light,False,,none,0.0
evt_SYN001468,sub_SYN00938,2026-05-26 07:20:00,26,3,insufficient_fund,428.0,0,,42,mid,428,netbanking,tier_2,2026-04-14,good,False,low,False,5.0.0,build_D9,light,False,,none,0.0
evt_SYN001469,sub_SYN00938,2026-06-15 17:26:00,15,12,insufficient_fund,428.0,1,0.0,62,mid,428,netbanking,tier_2,2026-04-14,good,False,low,False,4.3.1,build_D9,light,False,,none,0.0
evt_SYN001470,sub_SYN00938,2026-07-29 04:09:00,29,0,insufficient_fund,428.0,2,0.0,106,mid,428,netbanking,tier_2,2026-04-14,good,False,medium,True,5.0.0,build_B7,system,False,,none,0.0
evt_SYN001471,sub_SYN00938,2026-08-20 04:56:00,20,9,insufficient_fund,428.0,3,0.0,128,mid,428,netbanking,tier_2,2026-04-14,good,False,low,False,4.2.0,build_B7,system,True,2026-08-29 22:11:00,auto_retry,428.0
evt_SYN001472,sub_SYN00939,2025-12-05 17:12:00,5,2,insufficient_fund,955.0,0,,12,premium,955,credit_card,tier_1,2025-11-23,good,False,low,True,4.3.1,build_A1,light,True,2025-12-06 06:53:00,auto_retry,955.0
evt_SYN001475,sub_SYN00941,2025-08-24 05:11:00,24,5,insufficient_fund,192.0,0,,65,mobile,192,upi_autopay,tier_1,2025-06-20,good,False,medium,False,5.1.2,build_A1,light,True,2025-08-25 22:22:00,auto_retry,192.0
evt_SYN001476,sub_SYN00941,2025-09-07 13:20:00,7,4,insufficient_fund,192.0,1,0.0,79,mobile,192,upi_autopay,tier_1,2025-06-20,degraded,False,medium,False,4.3.1,build_A1,light,False,,none,0.0
evt_SYN001477,sub_SYN00941,2025-09-26 18:30:00,26,2,insufficient_fund,192.0,2,0.0,98,mobile,192,upi_autopay,tier_1,2025-06-20,good,False,low,False,5.1.2,build_E2,light,True,2025-10-01 14:14:00,customer_self_serve,192.0
evt_SYN001478,sub_SYN00941,2025-11-03 21:41:00,3,0,insufficient_fund,192.0,3,0.3333333333333333,136,mobile,192,upi_autopay,tier_1,2025-06-20,good,False,low,False,5.0.0,build_B7,dark,False,,none,0.0
evt_SYN001481,sub_SYN00943,2025-08-11 07:38:00,11,8,insufficient_fund,357.0,0,,124,mid,357,upi_autopay,tier_2,2025-04-09,good,False,low,False,4.3.1,build_D9,light,True,2025-08-12 10:39:00,auto_retry,357.0
evt_SYN001482,sub_SYN00944,2026-05-23 23:19:00,23,6,insufficient_fund,492.0,0,,259,mid,492,netbanking,tier_1,2025-09-06,good,False,low,False,4.4.0,build_A1,dark,True,2026-05-24 21:33:00,customer_self_serve,492.0
evt_SYN001483,sub_SYN00945,2026-02-22 10:58:00,22,4,insufficient_fund,454.0,0,,443,mid,454,credit_card,tier_3,2024-12-06,poor,False,high,False,4.3.1,build_D9,dark,True,2026-02-23 10:50:00,auto_retry,454.0
evt_SYN001484,sub_SYN00946,2026-04-26 02:27:00,26,2,insufficient_fund,181.0,0,,471,mobile,181,upi_autopay,tier_1,2025-01-10,good,False,medium,False,4.2.0,build_D9,dark,True,2026-04-27 03:12:00,customer_self_serve,181.0
evt_SYN001485,sub_SYN00946,2026-05-30 03:24:00,30,0,insufficient_fund,181.0,1,1.0,505,mobile,181,upi_autopay,tier_1,2025-01-10,good,True,low,True,4.3.1,build_A1,light,True,2026-06-01 05:20:00,auto_retry,181.0
evt_SYN001494,sub_SYN00949,2026-05-13 12:46:00,13,10,insufficient_fund,467.0,0,,605,mid,467,debit_card,tier_1,2024-09-15,degraded,False,low,False,5.0.0,build_E2,dark,False,,none,0.0
evt_SYN001495,sub_SYN00950,2026-01-16 20:28:00,16,13,insufficient_fund,496.0,0,,281,mid,496,credit_card,tier_1,2025-04-10,good,False,medium,False,4.3.1,build_B7,system,True,2026-01-22 15:22:00,auto_retry,496.0
evt_SYN001496,sub_SYN00950,2026-02-06 21:42:00,6,3,insufficient_fund,496.0,1,0.0,302,mid,496,credit_card,tier_1,2025-04-10,good,False,low,False,4.2.0,build_A1,dark,True,2026-02-09 07:13:00,auto_retry,496.0
evt_SYN001497,sub_SYN00950,2026-03-08 10:55:00,8,5,insufficient_fund,496.0,2,0.0,332,mid,496,credit_card,tier_1,2025-04-10,good,False,high,False,4.2.0,build_A1,dark,True,2026-03-10 01:10:00,auto_retry,496.0
evt_SYN001499,sub_SYN00952,2026-05-08 15:31:00,8,5,insufficient_fund,375.0,0,,60,mid,375,upi_autopay,tier_3,2026-03-09,good,False,low,False,5.1.2,build_A1,system,True,2026-05-10 23:12:00,auto_retry,375.0
evt_SYN001502,sub_SYN00955,2025-10-14 10:46:00,14,11,insufficient_fund,305.0,0,,105,mid,305,debit_card,tier_2,2025-07-01,degraded,False,medium,False,5.0.0,build_E2,dark,True,2025-10-20 07:54:00,customer_self_serve,305.0
evt_SYN001503,sub_SYN00955,2025-11-07 13:21:00,7,4,insufficient_fund,305.0,1,1.0,129,mid,305,debit_card,tier_2,2025-07-01,degraded,False,low,False,5.0.0,build_E2,dark,True,2025-11-16 00:17:00,auto_retry,278.39
evt_SYN001504,sub_SYN00955,2025-12-13 08:43:00,13,10,insufficient_fund,305.0,2,0.5,165,mid,305,debit_card,tier_2,2025-07-01,degraded,False,low,False,5.1.2,build_B7,system,True,2025-12-18 13:08:00,auto_retry,305.0
evt_SYN001505,sub_SYN00955,2026-01-06 16:36:00,6,3,insufficient_fund,305.0,3,0.3333333333333333,189,mid,305,debit_card,tier_2,2025-07-01,good,False,medium,False,5.0.0,build_C3,light,False,,none,0.0
evt_SYN001506,sub_SYN00956,2026-03-12 07:26:00,12,9,insufficient_fund,352.0,0,,121,mid,352,credit_card,tier_3,2025-11-11,good,False,medium,False,4.3.1,build_A1,system,False,,none,0.0
evt_SYN001507,sub_SYN00956,2026-04-24 14:26:00,24,4,insufficient_fund,352.0,1,0.0,164,mid,352,credit_card,tier_3,2025-11-11,good,False,low,False,5.1.2,build_E2,light,True,2026-04-26 20:10:00,auto_retry,352.0
evt_SYN001508,sub_SYN00956,2026-05-12 17:58:00,12,9,insufficient_fund,352.0,2,0.0,182,mid,352,credit_card,tier_3,2025-11-11,poor,False,low,False,4.2.0,build_B7,light,True,2026-05-19 13:03:00,customer_self_serve,352.0
evt_SYN001512,sub_SYN00959,2024-12-23 17:23:00,23,6,insufficient_fund,347.0,0,,112,mid,347,credit_card,tier_1,2024-09-02,poor,False,medium,False,5.0.0,build_A1,system,True,2024-12-27 17:55:00,auto_retry,347.0
evt_SYN001513,sub_SYN00959,2025-01-23 04:52:00,23,6,insufficient_fund,347.0,1,0.0,143,mid,347,credit_card,tier_1,2024-09-02,good,False,medium,False,5.1.2,build_E2,dark,True,2025-01-27 23:02:00,auto_retry,347.0
evt_SYN001514,sub_SYN00960,2025-11-04 16:10:00,4,1,insufficient_fund,751.0,0,,41,premium,751,upi_autopay,tier_1,2025-09-24,degraded,False,low,False,4.2.0,build_B7,light,True,2025-11-14 02:53:00,auto_retry,751.0
evt_SYN001515,sub_SYN00960,2025-12-12 21:57:00,12,9,insufficient_fund,751.0,1,0.0,79,premium,751,upi_autopay,tier_1,2025-09-24,degraded,False,low,False,4.4.0,build_D9,system,True,2025-12-26 21:57:00,auto_retry,751.0
evt_SYN001516,sub_SYN00960,2026-01-04 08:49:00,4,1,insufficient_fund,751.0,2,0.0,102,premium,751,upi_autopay,tier_1,2025-09-24,degraded,False,medium,False,4.4.0,build_A1,light,True,2026-01-18 04:32:00,customer_self_serve,751.0
evt_SYN001517,sub_SYN00961,2026-04-05 10:32:00,5,2,insufficient_fund,366.0,0,,66,mid,366,credit_card,tier_1,2026-01-29,good,False,high,False,4.3.1,build_D9,system,True,2026-04-06 19:04:00,customer_self_serve,366.0
evt_SYN001518,sub_SYN00962,2025-06-08 02:18:00,8,5,insufficient_fund,173.0,0,,46,mobile,173,credit_card,tier_2,2025-04-23,good,False,low,False,4.4.0,build_B7,system,True,2025-06-11 01:57:00,customer_self_serve,173.0
evt_SYN001519,sub_SYN00962,2025-09-03 02:48:00,3,0,insufficient_fund,173.0,1,1.0,133,mobile,173,credit_card,tier_2,2025-04-23,good,False,low,False,4.2.0,build_E2,light,True,2025-09-05 03:10:00,auto_retry,173.0
evt_SYN001523,sub_SYN00966,2026-01-13 14:04:00,13,10,insufficient_fund,728.0,0,,238,premium,728,upi_autopay,tier_2,2025-05-20,good,False,medium,False,4.4.0,build_A1,dark,False,,none,0.0
evt_SYN001525,sub_SYN00968,2025-07-26 19:24:00,26,3,insufficient_fund,404.0,0,,109,mid,404,debit_card,tier_1,2025-04-08,degraded,False,medium,True,4.3.1,build_C3,dark,False,,none,0.0
evt_SYN001526,sub_SYN00968,2025-08-22 02:18:00,22,7,insufficient_fund,404.0,1,0.0,136,mid,404,debit_card,tier_1,2025-04-08,good,False,high,False,4.4.0,build_E2,light,False,,none,0.0
evt_SYN001527,sub_SYN00969,2025-12-17 07:51:00,17,12,insufficient_fund,177.0,0,,232,mobile,177,credit_card,tier_1,2025-04-29,degraded,False,low,False,4.2.0,build_C3,dark,True,2025-12-18 09:47:00,auto_retry,177.0
evt_SYN001528,sub_SYN00969,2026-02-18 04:52:00,18,8,insufficient_fund,177.0,1,0.0,295,mobile,177,credit_card,tier_1,2025-04-29,good,False,low,False,4.3.1,build_C3,system,True,2026-02-18 10:54:00,auto_retry,177.0
evt_SYN001534,sub_SYN00975,2026-05-30 03:28:00,30,0,insufficient_fund,178.0,0,,17,mobile,178,credit_card,tier_1,2026-05-13,degraded,False,low,True,4.4.0,build_D9,system,True,2026-05-30 04:51:00,auto_retry,178.0
evt_SYN001535,sub_SYN00975,2026-06-30 22:17:00,30,0,insufficient_fund,178.0,1,0.0,48,mobile,178,credit_card,tier_1,2026-05-13,good,False,low,False,4.4.0,build_D9,system,False,,none,0.0
evt_SYN001536,sub_SYN00975,2026-08-09 19:34:00,9,6,insufficient_fund,178.0,2,0.0,88,mobile,178,credit_card,tier_1,2026-05-13,poor,False,low,False,5.0.0,build_C3,light,True,2026-08-23 19:34:00,auto_retry,178.0
evt_SYN001537,sub_SYN00976,2025-02-11 10:06:00,11,8,insufficient_fund,164.0,0,,100,mobile,164,credit_card,tier_1,2024-11-03,good,False,low,False,4.3.1,build_E2,light,True,2025-02-11 12:53:00,auto_retry,164.0
evt_SYN001538,sub_SYN00977,2026-04-03 02:40:00,3,0,insufficient_fund,184.0,0,,79,mobile,184,debit_card,tier_1,2026-01-14,good,False,low,False,4.4.0,build_B7,light,True,2026-04-03 17:00:00,auto_retry,184.0
evt_SYN001542,sub_SYN00980,2025-02-25 21:10:00,25,1,insufficient_fund,424.0,0,,218,mid,424,credit_card,tier_1,2024-07-22,good,False,medium,False,4.2.0,build_D9,dark,False,,none,0.0
evt_SYN001543,sub_SYN00981,2024-08-25 04:46:00,25,4,insufficient_fund,84.0,0,,31,mobile,84,credit_card,tier_1,2024-07-25,good,False,low,False,5.1.2,build_C3,dark,True,2024-08-25 12:46:00,auto_retry,84.0
evt_SYN001544,sub_SYN00981,2024-09-13 16:29:00,13,10,insufficient_fund,84.0,1,0.0,50,mobile,84,credit_card,tier_1,2024-07-25,good,False,low,False,4.4.0,build_C3,dark,True,2024-09-25 10:49:00,customer_self_serve,84.0
evt_SYN001545,sub_SYN00981,2024-10-17 16:35:00,17,12,insufficient_fund,84.0,2,0.5,84,mobile,84,credit_card,tier_1,2024-07-25,poor,False,medium,False,4.4.0,build_C3,system,True,2024-10-19 23:41:00,customer_self_serve,84.0
evt_SYN001546,sub_SYN00981,2024-11-14 03:30:00,14,11,insufficient_fund,84.0,3,0.6666666666666666,112,mobile,84,credit_card,tier_1,2024-07-25,poor,False,low,False,4.3.1,build_B7,system,False,,none,0.0
evt_SYN001552,sub_SYN00985,2025-12-30 13:20:00,30,0,insufficient_fund,496.0,0,,288,mid,496,netbanking,tier_1,2025-03-17,good,False,medium,False,5.0.0,build_B7,light,False,,none,0.0
evt_SYN001553,sub_SYN00986,2025-10-31 21:25:00,31,0,insufficient_fund,716.0,0,,206,premium,716,upi_autopay,tier_1,2025-04-08,degraded,False,low,False,5.0.0,build_D9,dark,True,2025-11-02 12:58:00,customer_self_serve,716.0
evt_SYN001554,sub_SYN00987,2026-05-18 20:42:00,18,11,insufficient_fund,930.0,0,,25,premium,930,credit_card,tier_2,2026-04-23,good,False,low,False,5.1.2,build_A1,light,True,2026-05-19 16:56:00,customer_self_serve,930.0
evt_SYN001555,sub_SYN00988,2026-06-19 12:58:00,19,9,insufficient_fund,88.0,0,,22,mobile,88,debit_card,tier_3,2026-05-28,good,False,low,False,5.1.2,build_E2,light,True,2026-06-20 08:19:00,auto_retry,81.66
evt_SYN001556,sub_SYN00989,2026-05-03 22:37:00,3,0,insufficient_fund,413.0,0,,12,mid,413,upi_autopay,tier_3,2026-04-21,good,False,low,False,5.0.0,build_C3,system,False,,none,0.0
evt_SYN001557,sub_SYN00989,2026-06-12 20:32:00,12,9,insufficient_fund,413.0,1,0.0,52,mid,413,upi_autopay,tier_3,2026-04-21,good,False,low,False,4.4.0,build_D9,light,True,2026-06-20 12:57:00,customer_self_serve,413.0
evt_SYN001558,sub_SYN00989,2026-07-18 01:04:00,18,11,insufficient_fund,413.0,2,0.5,88,mid,413,upi_autopay,tier_3,2026-04-21,degraded,False,low,False,5.0.0,build_A1,light,True,2026-07-18 02:16:00,customer_self_serve,413.0
evt_SYN001559,sub_SYN00989,2026-08-28 04:07:00,28,1,insufficient_fund,413.0,3,0.6666666666666666,129,mid,413,upi_autopay,tier_3,2026-04-21,degraded,False,low,False,4.2.0,build_E2,dark,False,,none,0.0
evt_SYN001560,sub_SYN00990,2026-04-07 04:38:00,7,4,insufficient_fund,4729.0,0,,35,saas,4729,credit_card,tier_3,2026-03-03,poor,False,low,False,4.3.1,build_B7,light,False,,none,0.0
evt_SYN001561,sub_SYN00990,2026-04-29 02:18:00,29,0,insufficient_fund,4729.0,1,0.0,57,saas,4729,credit_card,tier_3,2026-03-03,degraded,False,low,False,5.1.2,build_D9,dark,True,2026-04-30 07:43:00,auto_retry,4729.0
evt_SYN001562,sub_SYN00991,2026-03-08 06:42:00,8,5,insufficient_fund,313.0,0,,96,mid,313,upi_autopay,tier_1,2025-12-02,degraded,False,low,True,4.4.0,build_D9,dark,False,,none,0.0
evt_SYN001563,sub_SYN00991,2026-03-21 14:08:00,21,8,insufficient_fund,313.0,1,0.0,109,mid,313,upi_autopay,tier_1,2025-12-02,good,False,low,False,4.2.0,build_C3,light,True,2026-04-02 17:52:00,customer_self_serve,313.0
evt_SYN001564,sub_SYN00991,2026-04-01 13:32:00,1,0,insufficient_fund,313.0,2,0.5,120,mid,313,upi_autopay,tier_1,2025-12-02,good,False,low,False,4.2.0,build_A1,dark,True,2026-04-08 22:28:00,auto_retry,313.0
evt_SYN001565,sub_SYN00992,2025-03-25 15:48:00,25,4,insufficient_fund,171.0,0,,202,mobile,171,credit_card,tier_1,2024-09-04,good,False,low,False,4.4.0,build_C3,dark,False,,none,0.0
evt_SYN001566,sub_SYN00992,2025-05-01 09:46:00,1,0,insufficient_fund,171.0,1,0.0,239,mobile,171,credit_card,tier_1,2024-09-04,good,False,medium,False,4.3.1,build_B7,light,False,,none,0.0
evt_SYN001567,sub_SYN00992,2025-05-14 03:19:00,14,11,insufficient_fund,171.0,2,0.0,252,mobile,171,credit_card,tier_1,2024-09-04,good,False,low,False,5.0.0,build_B7,dark,True,2025-05-17 18:07:00,auto_retry,171.0
evt_SYN001569,sub_SYN00994,2024-12-26 05:35:00,26,3,insufficient_fund,920.0,0,,36,premium,920,upi_autopay,tier_1,2024-11-20,good,False,low,False,4.3.1,build_C3,dark,False,,none,0.0
evt_SYN001571,sub_SYN00996,2025-01-19 21:13:00,19,10,insufficient_fund,473.0,0,,17,mid,473,netbanking,tier_1,2025-01-02,good,False,medium,False,5.1.2,build_E2,dark,False,,none,0.0
evt_SYN001572,sub_SYN00996,2025-02-28 13:47:00,28,0,insufficient_fund,473.0,1,0.0,57,mid,473,netbanking,tier_1,2025-01-02,good,False,medium,False,4.4.0,build_B7,dark,True,2025-03-03 02:07:00,customer_self_serve,473.0
evt_SYN001573,sub_SYN00996,2025-04-01 14:33:00,1,0,insufficient_fund,473.0,2,0.5,89,mid,473,netbanking,tier_1,2025-01-02,good,False,medium,False,4.4.0,build_C3,dark,True,2025-04-05 10:46:00,auto_retry,463.97
evt_SYN001574,sub_SYN00997,2026-05-24 06:09:00,24,5,insufficient_fund,142.0,0,,266,mobile,142,credit_card,tier_2,2025-08-31,good,False,medium,False,5.1.2,build_D9,system,True,2026-05-27 21:58:00,auto_retry,137.97
evt_SYN001575,sub_SYN00998,2026-01-30 02:27:00,30,0,insufficient_fund,961.0,0,,483,premium,961,credit_card,tier_1,2024-10-04,good,False,medium,False,5.0.0,build_E2,dark,False,,none,0.0
evt_SYN001577,sub_SYN01000,2025-05-08 00:27:00,8,5,insufficient_fund,127.0,0,,132,mobile,127,credit_card,tier_2,2024-12-27,poor,False,medium,False,4.4.0,build_A1,light,True,2025-05-09 17:37:00,auto_retry,127.0
evt_SYN001578,sub_SYN01000,2025-11-21 23:30:00,21,7,insufficient_fund,127.0,1,0.0,329,mobile,127,credit_card,tier_2,2024-12-27,good,False,medium,False,4.4.0,build_A1,dark,True,2025-11-23 04:16:00,customer_self_serve,127.0
evt_SYN001579,sub_SYN01001,2025-04-27 22:06:00,27,1,insufficient_fund,316.0,0,,232,mid,316,debit_card,tier_1,2024-09-07,poor,False,low,False,4.3.1,build_A1,light,True,2025-04-29 14:56:00,auto_retry,316.0
evt_SYN001584,sub_SYN01006,2025-05-21 03:09:00,21,8,insufficient_fund,4344.0,0,,193,saas,4344,credit_card,tier_2,2024-11-09,degraded,False,low,False,4.2.0,build_B7,light,False,,none,0.0
evt_SYN001586,sub_SYN01008,2026-06-20 10:37:00,20,8,insufficient_fund,349.0,0,,20,mid,349,upi_autopay,tier_1,2026-05-31,good,False,medium,False,4.4.0,build_E2,dark,True,2026-06-26 16:23:00,customer_self_serve,349.0
evt_SYN001587,sub_SYN01008,2026-07-21 15:42:00,21,8,insufficient_fund,349.0,1,1.0,51,mid,349,upi_autopay,tier_1,2026-05-31,degraded,False,low,False,5.0.0,build_D9,light,True,2026-07-21 22:55:00,auto_retry,349.0
evt_SYN001588,sub_SYN01009,2026-05-17 14:49:00,17,12,insufficient_fund,414.0,0,,355,mid,414,debit_card,tier_2,2025-05-27,good,False,low,False,5.0.0,build_E2,system,True,2026-05-17 16:10:00,customer_self_serve,414.0
evt_SYN001589,sub_SYN01009,2026-07-18 17:39:00,18,11,insufficient_fund,414.0,1,1.0,417,mid,414,debit_card,tier_2,2025-05-27,good,False,low,False,5.0.0,build_A1,dark,True,2026-07-19 01:43:00,auto_retry,414.0
evt_SYN001590,sub_SYN01010,2026-05-09 01:01:00,9,6,insufficient_fund,407.0,0,,29,mid,407,credit_card,tier_1,2026-04-10,good,False,low,False,5.1.2,build_A1,light,True,2026-05-12 23:39:00,auto_retry,407.0
evt_SYN001591,sub_SYN01010,2026-06-15 10:17:00,15,12,insufficient_fund,407.0,1,0.0,66,mid,407,credit_card,tier_1,2026-04-10,good,False,low,False,4.4.0,build_D9,light,True,2026-06-15 16:45:00,auto_retry,407.0
evt_SYN001595,sub_SYN01012,2026-06-20 18:20:00,20,8,insufficient_fund,150.0,0,,23,mobile,150,debit_card,tier_3,2026-05-28,degraded,True,low,False,5.1.2,build_A1,system,True,2026-06-21 01:17:00,auto_retry,150.0
evt_SYN001596,sub_SYN01013,2025-02-10 11:05:00,10,7,insufficient_fund,126.0,0,,27,mobile,126,credit_card,tier_1,2025-01-14,degraded,False,low,False,5.1.2,build_B7,dark,False,,none,0.0
evt_SYN001597,sub_SYN01014,2026-03-30 09:49:00,30,0,insufficient_fund,169.0,0,,108,mobile,169,credit_card,tier_2,2025-12-12,good,False,low,True,4.4.0,build_B7,light,False,,none,0.0
evt_SYN001598,sub_SYN01015,2025-04-13 22:56:00,13,10,insufficient_fund,937.0,0,,264,premium,937,netbanking,tier_2,2024-07-23,good,False,low,False,5.1.2,build_C3,light,True,2025-04-15 21:59:00,auto_retry,937.0
evt_SYN001599,sub_SYN01016,2026-04-26 12:57:00,26,2,insufficient_fund,140.0,0,,232,mobile,140,credit_card,tier_1,2025-09-06,good,False,medium,False,4.3.1,build_C3,dark,True,2026-04-28 20:44:00,customer_self_serve,140.0
evt_SYN001600,sub_SYN01016,2026-06-03 16:51:00,3,0,insufficient_fund,140.0,1,1.0,270,mobile,140,credit_card,tier_1,2025-09-06,poor,False,low,False,4.3.1,build_D9,dark,True,2026-06-05 14:58:00,auto_retry,140.0
evt_SYN001601,sub_SYN01017,2026-05-22 17:44:00,22,7,insufficient_fund,142.0,0,,10,mobile,142,credit_card,tier_2,2026-05-12,good,False,high,False,4.2.0,build_A1,light,True,2026-06-05 17:44:00,auto_retry,142.0
evt_SYN001602,sub_SYN01017,2026-06-28 12:47:00,28,0,insufficient_fund,142.0,1,0.0,47,mobile,142,credit_card,tier_2,2026-05-12,good,False,low,False,5.0.0,build_E2,light,True,2026-07-07 10:24:00,auto_retry,142.0
evt_SYN001603,sub_SYN01017,2026-08-08 03:48:00,8,5,insufficient_fund,142.0,2,0.0,88,mobile,142,credit_card,tier_2,2026-05-12,degraded,False,medium,False,5.1.2,build_B7,light,False,,none,0.0
evt_SYN001611,sub_SYN01022,2026-06-08 13:05:00,8,5,insufficient_fund,461.0,0,,244,mid,461,debit_card,tier_1,2025-10-07,good,False,medium,False,5.0.0,build_A1,light,False,,none,0.0
evt_SYN001616,sub_SYN01025,2026-06-05 10:59:00,5,2,insufficient_fund,104.0,0,,370,mobile,104,netbanking,tier_3,2025-05-31,good,False,medium,False,4.3.1,build_E2,light,True,2026-06-05 17:36:00,auto_retry,104.0
evt_SYN001617,sub_SYN01026,2026-04-09 13:29:00,9,6,insufficient_fund,2085.0,0,,367,saas,2085,credit_card,tier_2,2025-04-07,good,False,low,False,4.4.0,build_D9,light,False,,none,0.0
evt_SYN001622,sub_SYN01029,2026-04-12 15:43:00,12,9,insufficient_fund,496.0,0,,580,mid,496,upi_autopay,tier_3,2024-09-09,good,False,medium,False,4.3.1,build_C3,dark,True,2026-04-13 17:51:00,customer_self_serve,496.0
evt_SYN001623,sub_SYN01030,2026-06-10 14:07:00,10,7,insufficient_fund,461.0,0,,10,mid,461,credit_card,tier_2,2026-05-31,good,False,low,False,5.0.0,build_A1,light,True,2026-06-13 22:39:00,auto_retry,461.0
evt_SYN001624,sub_SYN01031,2026-02-02 08:22:00,2,0,insufficient_fund,420.0,0,,42,mid,420,upi_autopay,tier_1,2025-12-22,degraded,False,low,True,4.2.0,build_A1,light,True,2026-02-13 23:21:00,auto_retry,420.0
evt_SYN001627,sub_SYN01033,2026-05-28 00:42:00,28,1,insufficient_fund,134.0,0,,83,mobile,134,credit_card,tier_2,2026-03-06,good,False,medium,False,5.0.0,build_A1,system,False,,none,0.0
evt_SYN001629,sub_SYN01035,2026-04-05 01:17:00,5,2,insufficient_fund,399.0,0,,382,mid,399,upi_autopay,tier_1,2025-03-19,good,False,medium,False,4.3.1,build_C3,system,False,,none,0.0
evt_SYN001630,sub_SYN01035,2026-05-03 06:23:00,3,0,insufficient_fund,399.0,1,0.0,410,mid,399,upi_autopay,tier_1,2025-03-19,good,False,low,False,4.3.1,build_D9,system,True,2026-05-09 21:42:00,auto_retry,399.0
evt_SYN001631,sub_SYN01036,2026-04-28 10:48:00,28,0,insufficient_fund,712.0,0,,38,premium,712,credit_card,tier_1,2026-03-21,good,True,low,False,4.2.0,build_D9,system,True,2026-05-03 00:07:00,auto_retry,712.0
evt_SYN001632,sub_SYN01037,2025-09-23 16:55:00,23,5,insufficient_fund,461.0,0,,266,mid,461,debit_card,tier_3,2024-12-31,good,False,low,False,5.1.2,build_E2,system,True,2025-09-27 18:06:00,auto_retry,461.0
evt_SYN001633,sub_SYN01038,2025-12-21 23:53:00,21,8,insufficient_fund,110.0,0,,459,mobile,110,debit_card,tier_1,2024-09-18,good,False,high,False,5.0.0,build_A1,dark,True,2025-12-22 06:11:00,auto_retry,110.0
evt_SYN001637,sub_SYN01042,2026-05-11 19:19:00,11,8,insufficient_fund,127.0,0,,39,mobile,127,debit_card,tier_1,2026-04-02,degraded,False,low,False,5.0.0,build_E2,light,True,2026-05-16 08:10:00,auto_retry,127.0
evt_SYN001638,sub_SYN01042,2026-06-15 04:56:00,15,12,insufficient_fund,127.0,1,0.0,74,mobile,127,debit_card,tier_1,2026-04-02,good,True,low,False,4.2.0,build_A1,light,False,,none,0.0
evt_SYN001639,sub_SYN01043,2026-03-03 15:02:00,3,0,insufficient_fund,134.0,0,,73,mobile,134,debit_card,tier_3,2025-12-20,good,False,medium,False,5.1.2,build_A1,system,True,2026-03-06 14:47:00,auto_retry,134.0
evt_SYN001642,sub_SYN01046,2025-11-17 10:40:00,17,11,insufficient_fund,1616.0,0,,72,saas,1616,netbanking,tier_1,2025-09-06,good,False,high,False,4.2.0,build_A1,dark,True,2025-11-17 19:26:00,auto_retry,1616.0
evt_SYN001643,sub_SYN01046,2026-03-10 06:22:00,10,7,insufficient_fund,1616.0,1,0.0,185,saas,1616,netbanking,tier_1,2025-09-06,degraded,False,low,True,5.1.2,build_D9,dark,True,2026-03-10 15:13:00,auto_retry,1616.0
evt_SYN001644,sub_SYN01047,2026-03-31 01:24:00,31,0,insufficient_fund,118.0,0,,167,mobile,118,debit_card,tier_1,2025-10-15,good,False,low,False,4.4.0,build_D9,system,False,,none,0.0
evt_SYN001645,sub_SYN01047,2026-04-21 19:29:00,21,7,insufficient_fund,118.0,1,0.0,188,mobile,118,debit_card,tier_1,2025-10-15,good,False,high,False,5.1.2,build_D9,dark,True,2026-04-24 14:59:00,auto_retry,118.0
evt_SYN001646,sub_SYN01047,2026-05-16 23:53:00,16,13,insufficient_fund,118.0,2,0.0,213,mobile,118,debit_card,tier_1,2025-10-15,poor,False,medium,False,5.0.0,build_A1,system,False,,none,0.0
evt_SYN001647,sub_SYN01047,2026-06-08 10:37:00,8,5,insufficient_fund,118.0,3,0.0,236,mobile,118,debit_card,tier_1,2025-10-15,good,False,medium,False,5.1.2,build_D9,light,True,2026-06-10 16:41:00,auto_retry,103.8
evt_SYN001651,sub_SYN01049,2026-04-02 01:08:00,2,0,insufficient_fund,137.0,0,,145,mobile,137,debit_card,tier_2,2025-11-08,good,False,low,False,4.4.0,build_B7,dark,True,2026-04-02 09:09:00,auto_retry,137.0
evt_SYN001652,sub_SYN01050,2025-07-22 20:06:00,22,7,insufficient_fund,495.0,0,,372,mid,495,credit_card,tier_3,2024-07-15,poor,False,low,False,5.1.2,build_D9,light,True,2025-07-23 16:55:00,auto_retry,495.0
evt_SYN001653,sub_SYN01050,2025-08-16 16:02:00,16,13,insufficient_fund,495.0,1,0.0,397,mid,495,credit_card,tier_3,2024-07-15,good,False,low,False,5.0.0,build_E2,system,False,,none,0.0
evt_SYN001655,sub_SYN01052,2026-06-07 16:45:00,7,4,insufficient_fund,406.0,0,,265,mid,406,debit_card,tier_2,2025-09-15,poor,False,low,False,5.0.0,build_B7,light,True,2026-06-07 20:52:00,customer_self_serve,406.0
evt_SYN001656,sub_SYN01053,2025-11-28 03:57:00,28,0,insufficient_fund,4949.0,0,,116,saas,4949,credit_card,tier_1,2025-08-04,degraded,False,low,False,4.3.1,build_A1,system,True,2025-11-30 04:58:00,auto_retry,4949.0
evt_SYN001657,sub_SYN01054,2026-06-15 23:31:00,15,12,insufficient_fund,83.0,0,,102,mobile,83,upi_autopay,tier_3,2026-03-05,good,False,low,False,4.3.1,build_A1,system,True,2026-06-17 02:51:00,auto_retry,83.0
evt_SYN001658,sub_SYN01055,2025-11-19 05:29:00,19,9,insufficient_fund,313.0,0,,74,mid,313,upi_autopay,tier_3,2025-09-06,degraded,False,low,True,4.3.1,build_A1,dark,True,2025-11-20 01:37:00,auto_retry,313.0
evt_SYN001659,sub_SYN01055,2025-12-20 14:22:00,20,9,insufficient_fund,313.0,1,0.0,105,mid,313,upi_autopay,tier_3,2025-09-06,degraded,False,low,False,4.4.0,build_C3,system,True,2025-12-25 17:36:00,auto_retry,313.0
evt_SYN001661,sub_SYN01057,2026-04-11 02:34:00,11,8,insufficient_fund,186.0,0,,48,mobile,186,credit_card,tier_3,2026-02-22,good,False,high,False,4.4.0,build_E2,system,True,2026-04-14 08:12:00,auto_retry,175.29
evt_SYN001662,sub_SYN01058,2026-06-19 16:58:00,19,9,insufficient_fund,488.0,0,,427,mid,488,upi_autopay,tier_1,2025-04-18,degraded,False,medium,False,4.3.1,build_B7,system,False,,none,0.0
evt_SYN001663,sub_SYN01058,2026-07-21 04:42:00,21,8,insufficient_fund,488.0,1,0.0,459,mid,488,upi_autopay,tier_1,2025-04-18,good,False,low,False,4.4.0,build_A1,system,True,2026-07-28 04:10:00,customer_self_serve,488.0
evt_SYN001666,sub_SYN01061,2026-06-20 15:50:00,20,8,insufficient_fund,473.0,0,,28,mid,473,debit_card,tier_2,2026-05-23,poor,False,medium,True,5.0.0,build_B7,system,False,,none,0.0
evt_SYN001667,sub_SYN01061,2026-07-19 13:16:00,19,10,insufficient_fund,473.0,1,0.0,57,mid,473,debit_card,tier_2,2026-05-23,good,False,low,False,4.2.0,build_C3,light,True,2026-07-23 05:23:00,auto_retry,473.0
evt_SYN001668,sub_SYN01062,2026-03-16 08:58:00,16,13,insufficient_fund,673.0,0,,115,premium,673,credit_card,tier_1,2025-11-21,good,False,low,False,4.3.1,build_C3,light,False,,none,0.0
evt_SYN001671,sub_SYN01065,2024-11-26 14:44:00,26,2,insufficient_fund,324.0,0,,16,mid,324,credit_card,tier_2,2024-11-10,degraded,False,medium,False,4.2.0,build_C3,dark,False,,none,0.0
evt_SYN001674,sub_SYN01067,2026-01-11 23:19:00,11,8,insufficient_fund,142.0,0,,523,mobile,142,credit_card,tier_2,2024-08-06,degraded,False,low,False,4.3.1,build_E2,dark,True,2026-01-13 09:10:00,customer_self_serve,130.8
evt_SYN001675,sub_SYN01067,2026-02-17 08:31:00,17,9,insufficient_fund,142.0,1,1.0,560,mobile,142,credit_card,tier_2,2024-08-06,good,False,high,False,5.1.2,build_E2,light,True,2026-02-18 01:51:00,auto_retry,142.0
evt_SYN001678,sub_SYN01070,2025-07-05 09:11:00,5,2,insufficient_fund,90.0,0,,135,mobile,90,credit_card,tier_1,2025-02-20,good,False,low,False,4.2.0,build_B7,light,False,,none,0.0
evt_SYN001679,sub_SYN01070,2025-08-02 08:38:00,2,0,insufficient_fund,90.0,1,0.0,163,mobile,90,credit_card,tier_1,2025-02-20,good,False,low,False,5.1.2,build_C3,system,True,2025-08-02 13:45:00,customer_self_serve,90.0
evt_SYN001680,sub_SYN01070,2025-08-17 09:36:00,17,12,insufficient_fund,90.0,2,0.5,178,mobile,90,credit_card,tier_1,2025-02-20,good,False,medium,False,4.3.1,build_D9,system,False,,none,0.0
evt_SYN001681,sub_SYN01070,2025-09-09 07:18:00,9,6,insufficient_fund,90.0,3,0.3333333333333333,201,mobile,90,credit_card,tier_1,2025-02-20,poor,False,low,False,5.0.0,build_E2,light,False,,none,0.0
evt_SYN001682,sub_SYN01071,2026-02-06 14:02:00,6,3,insufficient_fund,456.0,0,,37,mid,456,credit_card,tier_2,2025-12-31,good,False,low,False,5.0.0,build_B7,dark,True,2026-02-10 19:19:00,auto_retry,456.0
evt_SYN001683,sub_SYN01071,2026-03-08 15:36:00,8,5,insufficient_fund,456.0,1,0.0,67,mid,456,credit_card,tier_2,2025-12-31,good,False,low,False,5.1.2,build_A1,light,False,,none,0.0
evt_SYN001684,sub_SYN01072,2026-02-06 06:05:00,6,3,insufficient_fund,863.0,0,,98,premium,863,debit_card,tier_1,2025-10-31,good,False,low,False,4.4.0,build_E2,system,True,2026-02-08 10:27:00,auto_retry,863.0
evt_SYN001685,sub_SYN01073,2025-07-13 12:15:00,13,10,insufficient_fund,788.0,0,,48,premium,788,upi_autopay,tier_1,2025-05-26,degraded,False,medium,False,5.1.2,build_D9,light,False,,none,0.0
evt_SYN001690,sub_SYN01076,2026-01-18 14:07:00,18,11,insufficient_fund,462.0,0,,26,mid,462,netbanking,tier_2,2025-12-23,degraded,False,low,False,4.4.0,build_C3,system,True,2026-01-19 19:36:00,auto_retry,400.05
evt_SYN001691,sub_SYN01077,2025-03-21 00:33:00,21,8,insufficient_fund,807.0,0,,259,premium,807,upi_autopay,tier_2,2024-07-05,degraded,False,low,False,4.3.1,build_A1,light,True,2025-03-22 10:28:00,auto_retry,807.0
evt_SYN001696,sub_SYN01080,2025-08-05 12:49:00,5,2,insufficient_fund,170.0,0,,267,mobile,170,upi_autopay,tier_1,2024-11-11,good,False,medium,False,4.3.1,build_E2,system,True,2025-08-05 21:04:00,auto_retry,170.0
evt_SYN001697,sub_SYN01081,2026-04-09 23:03:00,9,6,insufficient_fund,738.0,0,,535,premium,738,debit_card,tier_1,2024-10-21,good,False,medium,True,4.3.1,build_D9,system,False,,none,0.0
evt_SYN001698,sub_SYN01082,2026-06-09 07:16:00,9,6,insufficient_fund,126.0,0,,565,mobile,126,credit_card,tier_2,2024-11-21,good,False,low,False,4.3.1,build_C3,dark,False,,none,0.0
evt_SYN001705,sub_SYN01086,2026-03-26 10:39:00,26,3,insufficient_fund,99.0,0,,455,mobile,99,debit_card,tier_2,2024-12-26,good,False,medium,False,4.4.0,build_D9,system,True,2026-03-28 00:08:00,auto_retry,99.0
evt_SYN001706,sub_SYN01086,2026-04-05 12:39:00,5,2,insufficient_fund,99.0,1,0.0,465,mobile,99,debit_card,tier_2,2024-12-26,good,False,low,False,4.3.1,build_C3,dark,False,,none,0.0
evt_SYN001710,sub_SYN01089,2026-04-01 15:06:00,1,0,insufficient_fund,495.0,0,,169,mid,495,debit_card,tier_1,2025-10-14,good,False,medium,False,5.0.0,build_C3,system,True,2026-04-01 16:18:00,customer_self_serve,495.0
evt_SYN001712,sub_SYN01091,2026-05-09 16:15:00,9,6,insufficient_fund,899.0,0,,379,premium,899,upi_autopay,tier_2,2025-04-25,good,False,low,False,5.0.0,build_B7,system,True,2026-05-13 02:44:00,auto_retry,899.0
evt_SYN001715,sub_SYN01094,2025-12-07 22:23:00,7,4,insufficient_fund,189.0,0,,298,mobile,189,debit_card,tier_1,2025-02-12,good,False,low,False,4.2.0,build_D9,light,True,2025-12-08 08:30:00,auto_retry,189.0
evt_SYN001716,sub_SYN01094,2025-12-28 19:24:00,28,1,insufficient_fund,189.0,1,0.0,319,mobile,189,debit_card,tier_1,2025-02-12,good,False,low,False,4.3.1,build_A1,dark,True,2026-01-02 05:18:00,auto_retry,189.0
evt_SYN001717,sub_SYN01095,2026-01-17 23:44:00,17,12,insufficient_fund,1141.0,0,,50,saas,1141,debit_card,tier_1,2025-11-28,good,False,low,False,5.0.0,build_C3,dark,True,2026-01-19 19:54:00,auto_retry,1141.0
evt_SYN001722,sub_SYN01098,2026-02-25 03:25:00,25,1,insufficient_fund,1313.0,0,,69,saas,1313,debit_card,tier_2,2025-12-18,good,False,medium,False,5.0.0,build_D9,dark,True,2026-03-11 03:25:00,auto_retry,1313.0
evt_SYN001723,sub_SYN01098,2026-03-07 15:52:00,7,4,insufficient_fund,1313.0,1,0.0,79,saas,1313,debit_card,tier_2,2025-12-18,degraded,False,low,False,5.1.2,build_E2,light,False,,none,0.0
evt_SYN001724,sub_SYN01098,2026-03-24 04:30:00,24,5,insufficient_fund,1313.0,2,0.0,96,saas,1313,debit_card,tier_2,2025-12-18,good,False,medium,False,4.3.1,build_B7,light,True,2026-03-30 13:28:00,customer_self_serve,1313.0
evt_SYN001725,sub_SYN01098,2026-04-12 12:20:00,12,9,insufficient_fund,1313.0,3,0.3333333333333333,115,saas,1313,debit_card,tier_2,2025-12-18,degraded,False,low,False,5.0.0,build_E2,system,False,,none,0.0
evt_SYN001726,sub_SYN01099,2026-06-15 17:24:00,15,12,insufficient_fund,4131.0,0,,22,saas,4131,debit_card,tier_3,2026-05-24,good,False,low,False,4.4.0,build_D9,light,True,2026-06-17 14:08:00,auto_retry,4034.19
evt_SYN001727,sub_SYN01100,2025-11-11 02:25:00,11,8,insufficient_fund,467.0,0,,36,mid,467,debit_card,tier_1,2025-10-06,degraded,False,low,False,4.4.0,build_A1,dark,True,2025-11-12 18:05:00,auto_retry,467.0
evt_SYN001728,sub_SYN01100,2026-03-17 05:11:00,17,12,insufficient_fund,467.0,1,0.0,162,mid,467,debit_card,tier_1,2025-10-06,poor,False,low,False,4.2.0,build_C3,system,True,2026-03-20 02:18:00,auto_retry,467.0
evt_SYN001729,sub_SYN01101,2026-01-03 05:07:00,3,0,insufficient_fund,461.0,0,,31,mid,461,credit_card,tier_2,2025-12-03,good,False,medium,False,4.4.0,build_C3,light,True,2026-01-04 15:16:00,customer_self_serve,461.0
evt_SYN001730,sub_SYN01102,2026-02-04 14:04:00,4,1,insufficient_fund,465.0,0,,284,mid,465,upi_autopay,tier_2,2025-04-26,good,False,medium,False,5.0.0,build_C3,system,False,,none,0.0
evt_SYN001731,sub_SYN01102,2026-02-26 04:41:00,26,0,insufficient_fund,465.0,1,0.0,306,mid,465,upi_autopay,tier_2,2025-04-26,good,False,medium,False,4.4.0,build_B7,system,False,,none,0.0
evt_SYN001732,sub_SYN01102,2026-03-12 02:50:00,12,9,insufficient_fund,465.0,2,0.0,320,mid,465,upi_autopay,tier_2,2025-04-26,degraded,False,high,True,5.1.2,build_D9,system,False,,none,0.0
evt_SYN001736,sub_SYN01104,2026-02-06 01:27:00,6,3,insufficient_fund,175.0,0,,75,mobile,175,debit_card,tier_3,2025-11-23,degraded,False,medium,False,4.2.0,build_B7,system,False,,none,0.0
evt_SYN001737,sub_SYN01104,2026-08-03 02:53:00,3,0,insufficient_fund,175.0,1,0.0,253,mobile,175,debit_card,tier_3,2025-11-23,degraded,False,low,False,4.3.1,build_B7,dark,True,2026-08-03 18:53:00,auto_retry,175.0
evt_SYN001741,sub_SYN01106,2025-03-23 00:58:00,23,6,insufficient_fund,490.0,0,,14,mid,490,credit_card,tier_2,2025-03-09,good,False,low,False,4.3.1,build_B7,light,True,2025-03-23 21:16:00,customer_self_serve,490.0
evt_SYN001742,sub_SYN01107,2026-04-22 09:50:00,22,6,insufficient_fund,197.0,0,,358,mobile,197,debit_card,tier_2,2025-04-29,good,False,low,False,4.4.0,build_C3,light,True,2026-04-22 13:59:00,auto_retry,197.0
evt_SYN001743,sub_SYN01108,2026-04-16 03:07:00,16,12,insufficient_fund,330.0,0,,191,mid,330,debit_card,tier_3,2025-10-07,good,False,low,False,4.3.1,build_D9,dark,False,,none,0.0
evt_SYN001744,sub_SYN01109,2026-05-18 18:11:00,18,11,insufficient_fund,387.0,0,,90,mid,387,upi_autopay,tier_2,2026-02-17,good,False,medium,False,5.1.2,build_B7,light,True,2026-05-21 17:58:00,customer_self_serve,387.0
evt_SYN001747,sub_SYN01112,2026-05-14 16:31:00,14,11,insufficient_fund,440.0,0,,458,mid,440,credit_card,tier_2,2025-02-10,good,False,high,False,5.1.2,build_D9,dark,False,,none,0.0
evt_SYN001748,sub_SYN01113,2026-05-08 10:52:00,8,5,insufficient_fund,670.0,0,,348,premium,670,upi_autopay,tier_2,2025-05-25,degraded,False,low,True,4.4.0,build_D9,system,False,,none,0.0
evt_SYN001749,sub_SYN01114,2026-05-13 18:49:00,13,10,insufficient_fund,173.0,0,,546,mobile,173,debit_card,tier_2,2024-11-13,good,False,medium,True,5.0.0,build_D9,dark,False,,none,0.0
evt_SYN001750,sub_SYN01115,2025-11-14 00:50:00,14,11,insufficient_fund,418.0,0,,429,mid,418,credit_card,tier_1,2024-09-11,good,False,low,False,4.4.0,build_C3,system,True,2025-11-15 12:41:00,customer_self_serve,370.98
evt_SYN001752,sub_SYN01117,2025-12-19 01:09:00,19,10,insufficient_fund,804.0,0,,320,premium,804,upi_autopay,tier_3,2025-02-02,good,False,medium,False,4.4.0,build_D9,light,False,,none,0.0
evt_SYN001753,sub_SYN01117,2025-12-29 22:44:00,29,0,insufficient_fund,804.0,1,0.0,330,premium,804,upi_autopay,tier_3,2025-02-02,good,False,high,True,4.4.0,build_B7,light,False,,none,0.0
evt_SYN001764,sub_SYN01123,2026-06-14 19:30:00,14,11,insufficient_fund,3306.0,0,,621,saas,3306,debit_card,tier_1,2024-10-01,good,False,high,False,4.2.0,build_E2,system,True,2026-06-17 00:16:00,auto_retry,3306.0
evt_SYN001765,sub_SYN01124,2026-02-05 08:42:00,5,2,insufficient_fund,342.0,0,,88,mid,342,credit_card,tier_3,2025-11-09,degraded,False,medium,False,5.1.2,build_E2,system,True,2026-02-05 23:17:00,auto_retry,342.0
evt_SYN001766,sub_SYN01125,2024-11-04 13:40:00,4,1,insufficient_fund,494.0,0,,125,mid,494,debit_card,tier_1,2024-07-02,good,True,medium,False,5.0.0,build_B7,light,True,2024-11-06 10:13:00,auto_retry,494.0
evt_SYN001767,sub_SYN01125,2024-12-08 05:11:00,8,5,insufficient_fund,494.0,1,0.0,159,mid,494,debit_card,tier_1,2024-07-02,good,False,low,False,5.1.2,build_B7,system,True,2024-12-13 13:03:00,auto_retry,494.0
evt_SYN001768,sub_SYN01126,2025-11-15 05:35:00,15,12,insufficient_fund,475.0,0,,24,mid,475,upi_autopay,tier_2,2025-10-22,good,False,low,False,4.3.1,build_D9,dark,False,,none,0.0
evt_SYN001769,sub_SYN01126,2025-12-15 08:18:00,15,12,insufficient_fund,475.0,1,0.0,54,mid,475,upi_autopay,tier_2,2025-10-22,good,False,low,False,4.4.0,build_E2,dark,True,2025-12-29 08:18:00,auto_retry,475.0
evt_SYN001770,sub_SYN01126,2026-01-07 14:35:00,7,4,insufficient_fund,475.0,2,0.0,77,mid,475,upi_autopay,tier_2,2025-10-22,poor,False,medium,False,4.3.1,build_D9,dark,True,2026-01-14 04:54:00,auto_retry,475.0
evt_SYN001771,sub_SYN01127,2025-12-08 18:23:00,8,5,insufficient_fund,175.0,0,,147,mobile,175,upi_autopay,tier_2,2025-07-14,degraded,False,high,False,5.1.2,build_D9,dark,False,,none,0.0
evt_SYN001772,sub_SYN01127,2026-01-08 12:32:00,8,5,insufficient_fund,175.0,1,0.0,178,mobile,175,upi_autopay,tier_2,2025-07-14,good,False,medium,False,4.3.1,build_A1,system,True,2026-01-20 06:43:00,auto_retry,175.0
evt_SYN001773,sub_SYN01128,2025-03-22 21:32:00,22,7,insufficient_fund,181.0,0,,160,mobile,181,credit_card,tier_2,2024-10-13,degraded,True,low,True,4.2.0,build_A1,system,True,2025-03-29 07:21:00,auto_retry,181.0
evt_SYN001774,sub_SYN01128,2025-04-25 00:59:00,25,3,insufficient_fund,181.0,1,0.0,194,mobile,181,credit_card,tier_2,2024-10-13,good,False,medium,False,4.4.0,build_E2,system,True,2025-04-26 21:02:00,auto_retry,173.92
evt_SYN001775,sub_SYN01128,2025-05-24 09:38:00,24,5,insufficient_fund,181.0,2,0.0,223,mobile,181,credit_card,tier_2,2024-10-13,good,False,low,False,5.0.0,build_D9,system,True,2025-05-25 12:21:00,auto_retry,181.0
evt_SYN001776,sub_SYN01129,2026-04-07 00:07:00,7,4,insufficient_fund,131.0,0,,159,mobile,131,credit_card,tier_3,2025-10-30,good,False,low,False,5.0.0,build_B7,dark,True,2026-04-08 18:39:00,customer_self_serve,131.0
evt_SYN001778,sub_SYN01131,2025-09-04 21:56:00,4,1,insufficient_fund,385.0,0,,196,mid,385,credit_card,tier_2,2025-02-20,poor,False,low,False,5.0.0,build_E2,dark,True,2025-09-05 16:54:00,customer_self_serve,331.01
evt_SYN001779,sub_SYN01132,2026-04-11 07:35:00,11,8,insufficient_fund,977.0,0,,41,premium,977,debit_card,tier_1,2026-03-01,good,False,medium,False,4.2.0,build_D9,dark,True,2026-04-11 10:38:00,auto_retry,977.0
evt_SYN001783,sub_SYN01136,2026-05-17 13:38:00,17,12,insufficient_fund,412.0,0,,81,mid,412,credit_card,tier_2,2026-02-25,good,False,medium,False,5.1.2,build_E2,light,True,2026-05-17 20:27:00,auto_retry,412.0
evt_SYN001785,sub_SYN01138,2026-03-16 23:19:00,16,13,insufficient_fund,743.0,0,,421,premium,743,credit_card,tier_2,2025-01-19,degraded,False,medium,False,4.2.0,build_E2,system,True,2026-03-18 22:23:00,customer_self_serve,743.0
evt_SYN001786,sub_SYN01139,2026-03-11 08:23:00,11,8,insufficient_fund,176.0,0,,28,mobile,176,debit_card,tier_2,2026-02-11,good,True,low,False,4.4.0,build_B7,light,True,2026-03-14 23:42:00,customer_self_serve,176.0
evt_SYN001787,sub_SYN01139,2026-04-01 06:07:00,1,0,insufficient_fund,176.0,1,1.0,49,mobile,176,debit_card,tier_2,2026-02-11,good,False,medium,False,4.3.1,build_B7,system,True,2026-04-02 08:01:00,customer_self_serve,165.23
evt_SYN001788,sub_SYN01140,2026-05-18 12:54:00,18,11,insufficient_fund,860.0,0,,282,premium,860,debit_card,tier_1,2025-08-09,poor,False,low,False,4.3.1,build_A1,dark,True,2026-05-18 14:06:00,auto_retry,860.0
evt_SYN001794,sub_SYN01143,2026-05-20 10:47:00,20,9,insufficient_fund,789.0,0,,55,premium,789,debit_card,tier_1,2026-03-26,degraded,True,low,False,4.2.0,build_C3,dark,False,,none,0.0
evt_SYN001795,sub_SYN01143,2026-07-01 01:35:00,1,0,insufficient_fund,789.0,1,0.0,97,premium,789,debit_card,tier_1,2026-03-26,good,False,low,False,4.4.0,build_C3,light,True,2026-07-01 19:12:00,auto_retry,789.0
evt_SYN001796,sub_SYN01143,2026-07-28 02:40:00,28,1,insufficient_fund,789.0,2,0.0,124,premium,789,debit_card,tier_1,2026-03-26,good,False,low,False,5.0.0,build_A1,dark,True,2026-07-30 07:47:00,customer_self_serve,789.0
evt_SYN001797,sub_SYN01144,2026-02-24 22:28:00,24,2,insufficient_fund,174.0,0,,500,mobile,174,debit_card,tier_2,2024-10-12,good,False,medium,False,5.1.2,build_A1,system,False,,none,0.0
evt_SYN001798,sub_SYN01145,2025-05-18 22:20:00,18,11,insufficient_fund,846.0,0,,128,premium,846,credit_card,tier_1,2025-01-10,poor,False,low,False,4.2.0,build_D9,dark,True,2025-05-19 12:07:00,auto_retry,846.0
evt_SYN001802,sub_SYN01147,2026-01-20 22:59:00,20,9,insufficient_fund,771.0,0,,403,premium,771,credit_card,tier_2,2024-12-13,good,False,low,False,4.4.0,build_D9,system,True,2026-01-22 19:07:00,customer_self_serve,771.0
evt_SYN001803,sub_SYN01147,2026-03-05 15:30:00,5,2,insufficient_fund,771.0,1,1.0,447,premium,771,credit_card,tier_2,2024-12-13,degraded,False,medium,False,4.2.0,build_D9,system,True,2026-03-13 11:33:00,customer_self_serve,771.0
evt_SYN001804,sub_SYN01148,2026-06-01 12:23:00,1,0,insufficient_fund,369.0,0,,510,mid,369,debit_card,tier_1,2025-01-07,degraded,False,medium,True,5.1.2,build_B7,light,True,2026-06-02 01:25:00,auto_retry,369.0
evt_SYN001812,sub_SYN01152,2025-03-10 17:34:00,10,7,insufficient_fund,659.0,0,,252,premium,659,debit_card,tier_1,2024-07-01,good,False,low,False,4.2.0,build_E2,system,True,2025-03-10 18:46:00,auto_retry,659.0
evt_SYN001813,sub_SYN01153,2025-11-23 00:31:00,23,5,insufficient_fund,943.0,0,,215,premium,943,debit_card,tier_2,2025-04-22,degraded,False,low,False,4.2.0,build_D9,system,True,2025-11-26 00:08:00,auto_retry,943.0
evt_SYN001814,sub_SYN01154,2025-05-15 09:21:00,15,12,insufficient_fund,481.0,0,,185,mid,481,credit_card,tier_2,2024-11-11,poor,False,low,True,4.4.0,build_E2,dark,False,,none,0.0
evt_SYN001816,sub_SYN01156,2025-04-02 17:59:00,2,0,insufficient_fund,374.0,0,,175,mid,374,netbanking,tier_3,2024-10-09,good,False,medium,False,4.4.0,build_B7,light,True,2025-04-13 03:43:00,auto_retry,374.0
evt_SYN001817,sub_SYN01157,2026-04-30 04:14:00,30,0,insufficient_fund,472.0,0,,637,mid,472,upi_autopay,tier_1,2024-08-01,good,False,high,False,4.3.1,build_A1,system,True,2026-05-01 19:20:00,customer_self_serve,472.0
evt_SYN001818,sub_SYN01158,2026-05-31 12:33:00,31,0,insufficient_fund,133.0,0,,135,mobile,133,credit_card,tier_2,2026-01-16,good,False,high,False,5.1.2,build_E2,light,True,2026-06-03 02:05:00,customer_self_serve,115.93
evt_SYN001819,sub_SYN01159,2026-04-22 12:52:00,22,6,insufficient_fund,94.0,0,,76,mobile,94,upi_autopay,tier_1,2026-02-05,good,False,low,False,4.3.1,build_B7,dark,False,,none,0.0
evt_SYN001820,sub_SYN01159,2026-06-04 22:05:00,4,1,insufficient_fund,94.0,1,0.0,119,mobile,94,upi_autopay,tier_1,2026-02-05,good,False,low,False,5.0.0,build_E2,system,True,2026-06-06 20:34:00,customer_self_serve,94.0
evt_SYN001821,sub_SYN01159,2026-07-06 05:50:00,6,3,insufficient_fund,94.0,2,0.5,151,mobile,94,upi_autopay,tier_1,2026-02-05,degraded,False,low,False,4.2.0,build_E2,dark,True,2026-07-13 17:37:00,auto_retry,94.0
evt_SYN001826,sub_SYN01162,2025-07-12 11:25:00,12,9,insufficient_fund,333.0,0,,76,mid,333,debit_card,tier_3,2025-04-27,degraded,False,medium,False,5.1.2,build_B7,system,False,,none,0.0
evt_SYN001827,sub_SYN01162,2025-07-29 21:48:00,29,0,insufficient_fund,333.0,1,0.0,93,mid,333,debit_card,tier_3,2025-04-27,good,False,high,False,5.0.0,build_B7,light,False,,none,0.0
evt_SYN001828,sub_SYN01162,2025-08-19 04:18:00,19,10,insufficient_fund,333.0,2,0.0,114,mid,333,debit_card,tier_3,2025-04-27,good,False,low,False,4.4.0,build_D9,system,True,2025-08-28 04:19:00,customer_self_serve,333.0
evt_SYN001829,sub_SYN01162,2025-09-12 09:34:00,12,9,insufficient_fund,333.0,3,0.3333333333333333,138,mid,333,debit_card,tier_3,2025-04-27,degraded,False,medium,False,5.1.2,build_A1,light,True,2025-09-14 00:08:00,customer_self_serve,285.8
evt_SYN001838,sub_SYN01168,2026-01-08 05:23:00,8,5,insufficient_fund,397.0,0,,231,mid,397,upi_autopay,tier_2,2025-05-22,good,False,low,False,5.0.0,build_A1,system,True,2026-01-14 12:48:00,customer_self_serve,397.0
evt_SYN001839,sub_SYN01168,2026-01-29 19:22:00,29,0,insufficient_fund,397.0,1,1.0,252,mid,397,upi_autopay,tier_2,2025-05-22,poor,False,low,False,4.4.0,build_D9,system,False,,none,0.0
evt_SYN001840,sub_SYN01168,2026-02-24 21:01:00,24,2,insufficient_fund,397.0,2,0.5,278,mid,397,upi_autopay,tier_2,2025-05-22,degraded,False,low,False,4.3.1,build_A1,light,True,2026-02-28 14:54:00,auto_retry,397.0
evt_SYN001841,sub_SYN01169,2026-05-31 17:28:00,31,0,insufficient_fund,392.0,0,,15,mid,392,upi_autopay,tier_2,2026-05-16,good,False,medium,False,5.0.0,build_D9,dark,True,2026-05-31 22:24:00,auto_retry,392.0
evt_SYN001843,sub_SYN01171,2025-11-25 01:11:00,25,3,insufficient_fund,351.0,0,,194,mid,351,upi_autopay,tier_2,2025-05-15,good,False,high,False,4.3.1,build_E2,dark,True,2025-11-30 04:13:00,auto_retry,351.0
evt_SYN001844,sub_SYN01171,2025-12-25 16:48:00,25,4,insufficient_fund,351.0,1,0.0,224,mid,351,upi_autopay,tier_2,2025-05-15,good,False,low,False,4.4.0,build_C3,dark,True,2025-12-29 09:55:00,auto_retry,351.0
evt_SYN001845,sub_SYN01171,2026-01-12 20:03:00,12,9,insufficient_fund,351.0,2,0.0,242,mid,351,upi_autopay,tier_2,2025-05-15,good,False,low,False,5.0.0,build_B7,system,True,2026-01-16 07:43:00,customer_self_serve,351.0
evt_SYN001850,sub_SYN01174,2026-04-30 13:55:00,30,0,insufficient_fund,467.0,0,,219,mid,467,debit_card,tier_2,2025-09-23,good,False,medium,False,4.2.0,build_D9,system,True,2026-05-03 20:09:00,auto_retry,467.0
evt_SYN001851,sub_SYN01174,2026-05-31 16:14:00,31,0,insufficient_fund,467.0,1,0.0,250,mid,467,debit_card,tier_2,2025-09-23,poor,False,low,False,4.4.0,build_D9,system,False,,none,0.0
evt_SYN001852,sub_SYN01174,2026-06-30 00:07:00,30,0,insufficient_fund,467.0,2,0.0,280,mid,467,debit_card,tier_2,2025-09-23,good,False,medium,False,5.0.0,build_C3,light,True,2026-07-05 05:19:00,auto_retry,467.0
evt_SYN001853,sub_SYN01175,2026-06-18 15:04:00,18,10,insufficient_fund,327.0,0,,22,mid,327,netbanking,tier_2,2026-05-27,poor,False,low,False,4.3.1,build_A1,light,True,2026-06-25 10:40:00,customer_self_serve,327.0
evt_SYN001854,sub_SYN01175,2026-07-25 08:02:00,25,4,insufficient_fund,327.0,1,1.0,59,mid,327,netbanking,tier_2,2026-05-27,good,False,medium,False,5.1.2,build_D9,dark,True,2026-08-06 17:41:00,customer_self_serve,327.0
evt_SYN001855,sub_SYN01176,2026-05-03 21:06:00,3,0,insufficient_fund,371.0,0,,52,mid,371,credit_card,tier_2,2026-03-12,degraded,False,high,False,4.4.0,build_E2,dark,True,2026-05-04 08:10:00,customer_self_serve,371.0
evt_SYN001857,sub_SYN01178,2026-04-28 05:40:00,28,0,insufficient_fund,993.0,0,,612,premium,993,upi_autopay,tier_2,2024-08-24,good,False,low,False,4.2.0,build_D9,system,True,2026-04-28 06:52:00,auto_retry,993.0
evt_SYN001863,sub_SYN01182,2025-02-23 18:11:00,23,3,insufficient_fund,125.0,0,,20,mobile,125,credit_card,tier_2,2025-02-03,degraded,False,medium,False,5.0.0,build_C3,dark,True,2025-02-26 21:26:00,customer_self_serve,116.39
evt_SYN001864,sub_SYN01182,2025-08-22 16:53:00,22,7,insufficient_fund,125.0,1,1.0,200,mobile,125,credit_card,tier_2,2025-02-03,degraded,False,low,False,5.0.0,build_C3,system,True,2025-08-25 23:07:00,auto_retry,125.0
evt_SYN001866,sub_SYN01184,2026-06-13 17:04:00,13,10,insufficient_fund,106.0,0,,60,mobile,106,debit_card,tier_3,2026-04-14,good,False,low,False,5.0.0,build_B7,light,True,2026-06-14 01:28:00,auto_retry,106.0
evt_SYN001867,sub_SYN01185,2026-03-03 01:15:00,3,0,insufficient_fund,662.0,0,,192,premium,662,credit_card,tier_3,2025-08-23,poor,False,low,False,5.1.2,build_A1,light,True,2026-03-03 12:43:00,auto_retry,662.0
evt_SYN001868,sub_SYN01185,2026-04-04 13:43:00,4,1,insufficient_fund,662.0,1,0.0,224,premium,662,credit_card,tier_3,2025-08-23,good,False,low,False,5.1.2,build_D9,light,False,,none,0.0
evt_SYN001869,sub_SYN01185,2026-05-09 12:09:00,9,6,insufficient_fund,662.0,2,0.0,259,premium,662,credit_card,tier_3,2025-08-23,good,False,medium,False,4.2.0,build_D9,light,False,,none,0.0
evt_SYN001870,sub_SYN01186,2026-06-06 16:06:00,6,3,insufficient_fund,199.0,0,,188,mobile,199,credit_card,tier_1,2025-11-30,good,False,low,False,4.3.1,build_D9,dark,True,2026-06-08 00:00:00,auto_retry,199.0
evt_SYN001876,sub_SYN01190,2025-12-20 08:41:00,20,9,insufficient_fund,2401.0,0,,206,saas,2401,debit_card,tier_1,2025-05-28,good,True,medium,False,4.2.0,build_E2,system,True,2025-12-20 23:29:00,customer_self_serve,2401.0
evt_SYN001877,sub_SYN01191,2026-03-19 07:11:00,19,10,insufficient_fund,394.0,0,,116,mid,394,credit_card,tier_2,2025-11-23,good,False,medium,False,5.0.0,build_B7,light,True,2026-03-20 02:05:00,auto_retry,394.0
evt_SYN001878,sub_SYN01192,2025-07-23 09:59:00,23,6,insufficient_fund,891.0,0,,75,premium,891,debit_card,tier_2,2025-05-09,degraded,False,medium,False,4.3.1,build_D9,light,True,2025-07-24 09:48:00,auto_retry,891.0
evt_SYN001879,sub_SYN01192,2025-08-03 23:43:00,3,0,insufficient_fund,891.0,1,0.0,86,premium,891,debit_card,tier_2,2025-05-09,good,False,medium,False,4.4.0,build_C3,light,False,,none,0.0
evt_SYN001880,sub_SYN01193,2026-02-06 15:23:00,6,3,insufficient_fund,1263.0,0,,230,saas,1263,upi_autopay,tier_3,2025-06-21,good,False,low,False,4.4.0,build_C3,light,False,,none,0.0
evt_SYN001886,sub_SYN01196,2026-05-31 15:14:00,31,0,insufficient_fund,864.0,0,,91,premium,864,credit_card,tier_1,2026-03-01,good,False,low,False,4.4.0,build_B7,system,True,2026-05-31 18:38:00,auto_retry,864.0
evt_SYN001890,sub_SYN01198,2025-03-06 06:10:00,6,3,insufficient_fund,350.0,0,,42,mid,350,upi_autopay,tier_1,2025-01-23,poor,False,medium,True,4.2.0,build_C3,light,True,2025-03-06 13:51:00,customer_self_serve,350.0
evt_SYN001894,sub_SYN01200,2026-02-06 00:48:00,6,3,insufficient_fund,317.0,0,,148,mid,317,upi_autopay,tier_1,2025-09-11,good,False,low,False,4.3.1,build_C3,light,True,2026-02-20 00:48:00,auto_retry,317.0
evt_SYN001895,sub_SYN01201,2026-04-11 04:46:00,11,8,insufficient_fund,368.0,0,,190,mid,368,credit_card,tier_3,2025-10-03,good,False,low,False,5.1.2,build_C3,light,True,2026-04-19 00:28:00,customer_self_serve,319.36
evt_SYN001896,sub_SYN01202,2026-06-18 16:43:00,18,10,insufficient_fund,475.0,0,,21,mid,475,credit_card,tier_1,2026-05-28,poor,False,medium,False,5.0.0,build_A1,dark,False,,none,0.0
evt_SYN001897,sub_SYN01202,2026-07-19 17:24:00,19,10,insufficient_fund,475.0,1,0.0,52,mid,475,credit_card,tier_1,2026-05-28,good,False,low,False,5.1.2,build_D9,system,False,,none,0.0
evt_SYN001898,sub_SYN01202,2026-08-26 10:50:00,26,3,insufficient_fund,475.0,2,0.0,90,mid,475,credit_card,tier_1,2026-05-28,poor,False,low,True,4.2.0,build_E2,light,True,2026-08-26 12:23:00,customer_self_serve,475.0
evt_SYN001899,sub_SYN01203,2025-12-16 13:23:00,16,13,insufficient_fund,838.0,0,,521,premium,838,upi_autopay,tier_2,2024-07-13,degraded,False,medium,False,5.0.0,build_D9,system,True,2025-12-20 04:23:00,auto_retry,838.0
evt_SYN001900,sub_SYN01203,2026-01-18 14:15:00,18,11,insufficient_fund,838.0,1,0.0,554,premium,838,upi_autopay,tier_2,2024-07-13,good,False,medium,False,4.3.1,build_E2,dark,True,2026-01-24 08:11:00,auto_retry,838.0
evt_SYN001901,sub_SYN01203,2026-02-22 13:31:00,22,4,insufficient_fund,838.0,2,0.0,589,premium,838,upi_autopay,tier_2,2024-07-13,poor,False,low,False,4.4.0,build_D9,light,False,,none,0.0
evt_SYN001902,sub_SYN01204,2025-12-07 15:01:00,7,4,insufficient_fund,956.0,0,,249,premium,956,debit_card,tier_2,2025-04-02,good,False,low,False,4.4.0,build_D9,system,True,2025-12-09 04:41:00,auto_retry,956.0
evt_SYN001903,sub_SYN01205,2025-12-12 08:29:00,12,9,insufficient_fund,499.0,0,,111,mid,499,debit_card,tier_2,2025-08-23,good,False,medium,False,4.4.0,build_C3,system,True,2025-12-13 16:44:00,auto_retry,446.81
evt_SYN001904,sub_SYN01206,2026-06-10 14:40:00,10,7,insufficient_fund,863.0,0,,390,premium,863,netbanking,tier_1,2025-05-16,degraded,False,low,False,4.4.0,build_A1,system,True,2026-06-12 22:35:00,auto_retry,863.0
evt_SYN001905,sub_SYN01206,2026-07-06 06:42:00,6,3,insufficient_fund,863.0,1,0.0,416,premium,863,netbanking,tier_1,2025-05-16,poor,False,medium,False,5.0.0,build_B7,dark,True,2026-07-08 22:52:00,auto_retry,863.0
evt_SYN001906,sub_SYN01207,2026-06-08 04:13:00,8,5,insufficient_fund,84.0,0,,36,mobile,84,upi_autopay,tier_1,2026-05-03,good,False,high,False,4.4.0,build_D9,system,True,2026-06-09 20:41:00,customer_self_serve,84.0
evt_SYN001907,sub_SYN01208,2026-02-26 18:30:00,26,0,insufficient_fund,187.0,0,,27,mobile,187,credit_card,tier_1,2026-01-30,good,False,low,False,4.3.1,build_A1,light,True,2026-03-02 10:44:00,auto_retry,187.0
evt_SYN001908,sub_SYN01209,2026-01-10 05:55:00,10,7,insufficient_fund,370.0,0,,295,mid,370,debit_card,tier_1,2025-03-21,degraded,False,low,False,4.2.0,build_E2,dark,True,2026-01-11 21:39:00,auto_retry,370.0
evt_SYN001914,sub_SYN01212,2026-05-15 04:02:00,15,12,insufficient_fund,192.0,0,,445,mobile,192,netbanking,tier_1,2025-02-24,good,False,low,False,5.0.0,build_D9,light,True,2026-05-24 08:46:00,auto_retry,192.0
evt_SYN001915,sub_SYN01212,2026-06-01 02:47:00,1,0,insufficient_fund,192.0,1,0.0,462,mobile,192,netbanking,tier_1,2025-02-24,good,False,low,False,5.1.2,build_A1,light,False,,none,0.0
evt_SYN001916,sub_SYN01213,2025-12-08 23:37:00,8,5,insufficient_fund,197.0,0,,247,mobile,197,upi_autopay,tier_1,2025-04-05,good,False,medium,False,5.1.2,build_D9,light,False,,none,0.0
evt_SYN001917,sub_SYN01214,2026-01-28 23:52:00,28,1,insufficient_fund,839.0,0,,447,premium,839,credit_card,tier_2,2024-11-07,degraded,False,low,False,4.3.1,build_A1,dark,True,2026-01-30 03:28:00,customer_self_serve,776.3
evt_SYN001918,sub_SYN01215,2026-05-18 13:06:00,18,11,insufficient_fund,184.0,0,,34,mobile,184,credit_card,tier_1,2026-04-14,good,False,low,False,4.4.0,build_B7,system,True,2026-05-20 21:11:00,auto_retry,174.79
evt_SYN001919,sub_SYN01215,2026-06-16 10:56:00,16,12,insufficient_fund,184.0,1,0.0,63,mobile,184,credit_card,tier_1,2026-04-14,degraded,False,low,False,5.1.2,build_E2,light,True,2026-06-19 05:09:00,customer_self_serve,184.0
evt_SYN001920,sub_SYN01215,2026-07-11 02:45:00,11,8,insufficient_fund,184.0,2,0.5,88,mobile,184,credit_card,tier_1,2026-04-14,degraded,False,high,True,5.1.2,build_E2,dark,True,2026-07-16 22:50:00,customer_self_serve,184.0
evt_SYN001921,sub_SYN01216,2025-02-26 18:17:00,26,0,insufficient_fund,482.0,0,,24,mid,482,upi_autopay,tier_2,2025-02-02,poor,False,high,False,5.1.2,build_B7,dark,False,,none,0.0
evt_SYN001922,sub_SYN01217,2025-07-20 22:51:00,20,9,insufficient_fund,4591.0,0,,185,saas,4591,netbanking,tier_1,2025-01-16,poor,False,low,False,4.4.0,build_B7,system,False,,none,0.0
evt_SYN001923,sub_SYN01217,2025-08-18 19:07:00,18,11,insufficient_fund,4591.0,1,0.0,214,saas,4591,netbanking,tier_1,2025-01-16,good,False,low,False,5.1.2,build_A1,dark,False,,none,0.0
evt_SYN001924,sub_SYN01218,2025-12-23 06:23:00,23,6,insufficient_fund,191.0,0,,33,mobile,191,credit_card,tier_3,2025-11-20,good,False,low,False,4.3.1,build_D9,dark,True,2025-12-25 00:05:00,auto_retry,191.0
evt_SYN001925,sub_SYN01218,2026-01-23 23:30:00,23,6,insufficient_fund,191.0,1,0.0,64,mobile,191,credit_card,tier_3,2025-11-20,degraded,False,low,False,5.1.2,build_A1,dark,True,2026-01-31 01:31:00,auto_retry,191.0
evt_SYN001928,sub_SYN01221,2026-05-31 09:35:00,31,0,insufficient_fund,804.0,0,,138,premium,804,credit_card,tier_1,2026-01-13,good,False,high,True,4.4.0,build_B7,light,True,2026-05-31 10:51:00,auto_retry,804.0
evt_SYN001929,sub_SYN01222,2025-08-06 07:51:00,6,3,insufficient_fund,330.0,0,,68,mid,330,credit_card,tier_1,2025-05-30,degraded,True,high,False,5.1.2,build_A1,dark,False,,none,0.0
evt_SYN001930,sub_SYN01222,2025-08-27 10:41:00,27,2,insufficient_fund,330.0,1,0.0,89,mid,330,credit_card,tier_1,2025-05-30,poor,False,low,False,4.2.0,build_A1,system,False,,none,0.0
evt_SYN001935,sub_SYN01225,2026-03-31 00:22:00,31,0,insufficient_fund,896.0,0,,12,premium,896,upi_autopay,tier_3,2026-03-19,good,False,medium,False,4.4.0,build_B7,system,False,,none,0.0
evt_SYN001936,sub_SYN01225,2026-05-01 14:04:00,1,0,insufficient_fund,896.0,1,0.0,43,premium,896,upi_autopay,tier_3,2026-03-19,degraded,False,low,False,5.0.0,build_A1,system,False,,none,0.0
evt_SYN001937,sub_SYN01225,2026-05-13 02:05:00,13,10,insufficient_fund,896.0,2,0.0,55,premium,896,upi_autopay,tier_3,2026-03-19,good,False,low,False,4.3.1,build_D9,system,False,,none,0.0
evt_SYN001938,sub_SYN01225,2026-06-03 14:11:00,3,0,insufficient_fund,896.0,3,0.0,76,premium,896,upi_autopay,tier_3,2026-03-19,good,False,medium,True,4.4.0,build_D9,dark,False,,none,0.0
evt_SYN001939,sub_SYN01226,2026-05-31 00:07:00,31,0,insufficient_fund,906.0,0,,18,premium,906,upi_autopay,tier_2,2026-05-13,good,False,low,False,5.1.2,build_E2,light,True,2026-06-03 23:14:00,auto_retry,906.0
evt_SYN001940,sub_SYN01227,2026-04-15 13:30:00,15,12,insufficient_fund,107.0,0,,177,mobile,107,credit_card,tier_1,2025-10-20,good,False,low,False,4.4.0,build_B7,system,True,2026-04-17 18:51:00,auto_retry,107.0
evt_SYN001941,sub_SYN01227,2026-08-17 13:07:00,17,12,insufficient_fund,107.0,1,0.0,301,mobile,107,credit_card,tier_1,2025-10-20,good,False,low,False,4.2.0,build_B7,light,True,2026-08-19 08:18:00,auto_retry,107.0
evt_SYN001942,sub_SYN01228,2026-04-29 16:10:00,29,0,insufficient_fund,470.0,0,,102,mid,470,netbanking,tier_2,2026-01-17,good,False,low,False,4.2.0,build_B7,dark,False,,none,0.0
evt_SYN001943,sub_SYN01229,2026-04-13 05:05:00,13,10,insufficient_fund,923.0,0,,644,premium,923,credit_card,tier_1,2024-07-08,poor,True,medium,True,4.4.0,build_C3,dark,True,2026-04-14 14:32:00,auto_retry,923.0
evt_SYN001944,sub_SYN01230,2026-06-15 06:25:00,15,12,insufficient_fund,195.0,0,,227,mobile,195,credit_card,tier_3,2025-10-31,good,False,low,False,5.0.0,build_C3,dark,False,,none,0.0
evt_SYN001948,sub_SYN01233,2026-03-23 08:21:00,23,6,insufficient_fund,157.0,0,,192,mobile,157,upi_autopay,tier_2,2025-09-12,degraded,False,low,False,4.2.0,build_D9,light,False,,none,0.0
evt_SYN001951,sub_SYN01236,2026-01-14 13:54:00,14,11,insufficient_fund,194.0,0,,118,mobile,194,debit_card,tier_1,2025-09-18,good,False,low,False,4.2.0,build_B7,system,True,2026-01-17 02:36:00,auto_retry,194.0
evt_SYN001952,sub_SYN01237,2026-04-30 17:18:00,30,0,insufficient_fund,405.0,0,,407,mid,405,upi_autopay,tier_3,2025-03-19,good,False,medium,False,4.2.0,build_E2,dark,True,2026-05-02 04:59:00,auto_retry,405.0
evt_SYN001953,sub_SYN01238,2025-08-15 01:20:00,15,12,insufficient_fund,937.0,0,,48,premium,937,netbanking,tier_2,2025-06-28,good,False,low,False,4.3.1,build_B7,light,True,2025-08-15 19:50:00,customer_self_serve,937.0
evt_SYN001955,sub_SYN01240,2026-06-11 08:13:00,11,8,insufficient_fund,194.0,0,,409,mobile,194,upi_autopay,tier_2,2025-04-28,poor,False,low,False,4.3.1,build_D9,light,False,,none,0.0
evt_SYN001956,sub_SYN01240,2026-07-02 21:18:00,2,0,insufficient_fund,194.0,1,0.0,430,mobile,194,upi_autopay,tier_2,2025-04-28,good,True,low,False,4.3.1,build_D9,system,True,2026-07-06 16:11:00,customer_self_serve,194.0
evt_SYN001957,sub_SYN01240,2026-08-01 22:10:00,1,0,insufficient_fund,194.0,2,0.5,460,mobile,194,upi_autopay,tier_2,2025-04-28,good,False,low,True,5.0.0,build_A1,system,True,2026-08-15 22:10:00,auto_retry,194.0
evt_SYN001958,sub_SYN01241,2026-03-09 13:27:00,9,6,insufficient_fund,685.0,0,,119,premium,685,debit_card,tier_3,2025-11-10,degraded,False,low,False,5.1.2,build_B7,light,True,2026-03-11 11:03:00,auto_retry,595.74
evt_SYN001959,sub_SYN01241,2026-07-09 15:42:00,9,6,insufficient_fund,685.0,1,0.0,241,premium,685,debit_card,tier_3,2025-11-10,good,False,low,False,4.2.0,build_E2,system,False,,none,0.0
evt_SYN001960,sub_SYN01242,2026-02-01 17:07:00,1,0,insufficient_fund,135.0,0,,373,mobile,135,upi_autopay,tier_2,2025-01-24,good,False,low,False,4.2.0,build_E2,dark,False,,none,0.0
evt_SYN001962,sub_SYN01244,2026-04-12 05:27:00,12,9,insufficient_fund,305.0,0,,276,mid,305,upi_autopay,tier_2,2025-07-10,good,False,low,False,5.0.0,build_E2,system,True,2026-04-12 10:46:00,customer_self_serve,305.0
evt_SYN001963,sub_SYN01245,2025-04-14 10:52:00,14,11,insufficient_fund,895.0,0,,279,premium,895,credit_card,tier_1,2024-07-09,degraded,False,low,False,4.3.1,build_D9,light,True,2025-04-16 03:22:00,auto_retry,895.0
evt_SYN001964,sub_SYN01245,2025-10-15 08:14:00,15,12,insufficient_fund,895.0,1,0.0,463,premium,895,credit_card,tier_1,2024-07-09,good,False,low,False,4.2.0,build_E2,system,True,2025-10-16 01:54:00,auto_retry,895.0
evt_SYN001965,sub_SYN01246,2026-05-17 11:37:00,17,12,insufficient_fund,96.0,0,,601,mobile,96,credit_card,tier_3,2024-09-23,good,False,medium,False,4.2.0,build_D9,system,True,2026-05-19 17:56:00,auto_retry,96.0
evt_SYN001966,sub_SYN01246,2026-06-15 13:25:00,15,12,insufficient_fund,96.0,1,0.0,630,mobile,96,credit_card,tier_3,2024-09-23,poor,False,medium,False,4.4.0,build_A1,system,True,2026-06-15 15:59:00,auto_retry,96.0
evt_SYN001967,sub_SYN01246,2026-07-15 05:19:00,15,12,insufficient_fund,96.0,2,0.0,660,mobile,96,credit_card,tier_3,2024-09-23,good,False,low,False,5.1.2,build_D9,dark,True,2026-07-21 14:15:00,customer_self_serve,96.0
evt_SYN001969,sub_SYN01248,2025-03-27 08:32:00,27,2,insufficient_fund,469.0,0,,120,mid,469,netbanking,tier_1,2024-11-27,poor,True,low,False,4.3.1,build_B7,dark,False,,none,0.0
evt_SYN001970,sub_SYN01248,2025-04-11 11:40:00,11,8,insufficient_fund,469.0,1,0.0,135,mid,469,netbanking,tier_1,2024-11-27,good,False,low,False,5.0.0,build_E2,dark,False,,none,0.0
evt_SYN001971,sub_SYN01249,2025-10-08 10:08:00,8,5,insufficient_fund,196.0,0,,185,mobile,196,netbanking,tier_3,2025-04-06,poor,False,low,False,5.1.2,build_D9,system,False,,none,0.0
evt_SYN001975,sub_SYN01252,2024-12-18 22:10:00,18,11,insufficient_fund,751.0,0,,68,premium,751,upi_autopay,tier_1,2024-10-11,good,False,high,False,5.1.2,build_E2,light,False,,none,0.0
evt_SYN001978,sub_SYN01254,2026-01-16 02:10:00,16,13,insufficient_fund,883.0,0,,241,premium,883,credit_card,tier_3,2025-05-20,good,False,low,False,5.0.0,build_D9,light,True,2026-01-16 23:44:00,auto_retry,883.0
evt_SYN001979,sub_SYN01255,2026-06-13 08:58:00,13,10,insufficient_fund,863.0,0,,47,premium,863,debit_card,tier_1,2026-04-27,degraded,False,low,False,4.4.0,build_D9,light,True,2026-06-27 08:58:00,customer_self_serve,863.0
evt_SYN001980,sub_SYN01255,2026-06-30 23:57:00,30,0,insufficient_fund,863.0,1,1.0,64,premium,863,debit_card,tier_1,2026-04-27,good,False,medium,False,5.1.2,build_C3,dark,True,2026-07-04 20:01:00,auto_retry,863.0
evt_SYN001981,sub_SYN01255,2026-08-12 21:42:00,12,9,insufficient_fund,863.0,2,0.5,107,premium,863,debit_card,tier_1,2026-04-27,good,False,low,False,5.1.2,build_C3,system,True,2026-08-26 21:42:00,customer_self_serve,863.0
evt_SYN001982,sub_SYN01256,2026-06-16 15:28:00,16,12,insufficient_fund,759.0,0,,329,premium,759,credit_card,tier_1,2025-07-22,good,False,low,False,4.3.1,build_B7,system,False,,none,0.0
evt_SYN001983,sub_SYN01256,2026-06-29 16:40:00,29,0,insufficient_fund,759.0,1,0.0,342,premium,759,credit_card,tier_1,2025-07-22,good,False,low,False,5.1.2,build_B7,light,True,2026-07-04 13:34:00,auto_retry,759.0
evt_SYN001989,sub_SYN01259,2026-06-15 11:56:00,15,12,insufficient_fund,369.0,0,,50,mid,369,credit_card,tier_1,2026-04-26,good,False,low,False,5.0.0,build_C3,light,True,2026-06-29 11:56:00,auto_retry,369.0
evt_SYN001991,sub_SYN01261,2025-07-10 20:13:00,10,7,insufficient_fund,2959.0,0,,253,saas,2959,netbanking,tier_3,2024-10-30,degraded,False,medium,False,4.3.1,build_A1,light,True,2025-07-12 15:32:00,auto_retry,2959.0
evt_SYN001992,sub_SYN01262,2025-06-09 11:29:00,9,6,insufficient_fund,191.0,0,,26,mobile,191,upi_autopay,tier_1,2025-05-14,good,False,low,False,4.3.1,build_B7,system,True,2025-06-15 15:57:00,auto_retry,191.0
evt_SYN001993,sub_SYN01262,2025-10-25 02:41:00,25,4,insufficient_fund,191.0,1,0.0,164,mobile,191,upi_autopay,tier_1,2025-05-14,good,False,medium,False,4.3.1,build_C3,dark,True,2025-10-26 18:59:00,auto_retry,162.45
evt_SYN001996,sub_SYN01265,2026-06-09 11:48:00,9,6,insufficient_fund,1614.0,0,,47,saas,1614,debit_card,tier_2,2026-04-23,good,False,low,False,5.0.0,build_B7,light,False,,none,0.0
evt_SYN001997,sub_SYN01265,2026-07-05 02:10:00,5,2,insufficient_fund,1614.0,1,0.0,73,saas,1614,debit_card,tier_2,2026-04-23,good,False,low,False,4.2.0,build_B7,light,False,,none,0.0
evt_SYN001998,sub_SYN01266,2026-04-23 17:36:00,23,5,insufficient_fund,493.0,0,,186,mid,493,debit_card,tier_1,2025-10-19,good,False,low,False,4.3.1,build_A1,dark,True,2026-04-25 05:05:00,auto_retry,493.0
evt_SYN001999,sub_SYN01267,2026-04-17 05:44:00,17,11,insufficient_fund,364.0,0,,396,mid,364,debit_card,tier_3,2025-03-17,good,False,low,False,4.3.1,build_A1,system,False,,none,0.0
evt_SYN002005,sub_SYN01273,2026-03-11 19:50:00,11,8,insufficient_fund,187.0,0,,86,mobile,187,debit_card,tier_3,2025-12-15,poor,False,medium,False,4.3.1,build_C3,light,True,2026-03-16 21:01:00,auto_retry,187.0
evt_SYN002006,sub_SYN01273,2026-04-07 13:12:00,7,4,insufficient_fund,187.0,1,0.0,113,mobile,187,debit_card,tier_3,2025-12-15,good,False,medium,False,4.4.0,build_B7,light,True,2026-04-10 23:21:00,auto_retry,187.0
evt_SYN002007,sub_SYN01274,2025-06-04 11:46:00,4,1,insufficient_fund,945.0,0,,135,premium,945,credit_card,tier_1,2025-01-20,good,False,medium,False,5.0.0,build_E2,light,True,2025-06-05 13:32:00,customer_self_serve,945.0
evt_SYN002008,sub_SYN01275,2026-04-13 17:14:00,13,10,insufficient_fund,345.0,0,,481,mid,345,credit_card,tier_1,2024-12-18,degraded,False,low,False,4.4.0,build_B7,system,False,,none,0.0
evt_SYN002009,sub_SYN01276,2026-01-04 13:57:00,4,1,insufficient_fund,315.0,0,,127,mid,315,upi_autopay,tier_1,2025-08-30,degraded,False,medium,False,5.1.2,build_A1,light,True,2026-01-04 20:58:00,auto_retry,315.0
evt_SYN002010,sub_SYN01277,2025-05-24 12:18:00,24,5,insufficient_fund,370.0,0,,87,mid,370,debit_card,tier_3,2025-02-26,good,False,medium,False,4.4.0,build_D9,dark,True,2025-05-24 16:07:00,auto_retry,370.0
evt_SYN002014,sub_SYN01279,2025-03-31 08:45:00,31,0,insufficient_fund,136.0,0,,91,mobile,136,credit_card,tier_2,2024-12-30,good,False,low,True,4.2.0,build_A1,system,True,2025-04-06 17:11:00,auto_retry,131.57
evt_SYN002015,sub_SYN01279,2025-04-26 00:37:00,26,2,insufficient_fund,136.0,1,0.0,117,mobile,136,credit_card,tier_2,2024-12-30,good,False,low,False,4.4.0,build_D9,system,False,,none,0.0
evt_SYN002016,sub_SYN01279,2025-05-20 19:20:00,20,9,insufficient_fund,136.0,2,0.0,141,mobile,136,credit_card,tier_2,2024-12-30,poor,False,low,False,4.3.1,build_D9,light,True,2025-05-25 01:37:00,auto_retry,136.0
evt_SYN002018,sub_SYN01281,2026-04-23 22:16:00,23,5,insufficient_fund,85.0,0,,22,mobile,85,netbanking,tier_1,2026-04-01,good,True,low,False,4.2.0,build_C3,system,True,2026-04-27 13:49:00,customer_self_serve,85.0
evt_SYN002022,sub_SYN01284,2024-11-09 17:01:00,9,6,insufficient_fund,96.0,0,,84,mobile,96,credit_card,tier_3,2024-08-17,good,False,medium,False,4.2.0,build_B7,system,False,,none,0.0
evt_SYN002025,sub_SYN01287,2026-04-14 11:14:00,14,11,insufficient_fund,487.0,0,,34,mid,487,upi_autopay,tier_1,2026-03-11,degraded,False,high,False,5.1.2,build_E2,light,True,2026-04-14 18:56:00,auto_retry,487.0
evt_SYN002026,sub_SYN01288,2025-12-16 08:25:00,16,13,insufficient_fund,2322.0,0,,235,saas,2322,upi_autopay,tier_3,2025-04-25,degraded,False,low,True,5.1.2,build_C3,dark,False,,none,0.0
evt_SYN002027,sub_SYN01289,2026-04-06 22:32:00,6,3,insufficient_fund,472.0,0,,76,mid,472,debit_card,tier_2,2026-01-20,good,False,low,False,5.1.2,build_A1,dark,True,2026-04-13 03:22:00,customer_self_serve,472.0
evt_SYN002028,sub_SYN01289,2026-05-05 14:50:00,5,2,insufficient_fund,472.0,1,1.0,105,mid,472,debit_card,tier_2,2026-01-20,good,False,low,False,4.3.1,build_D9,light,True,2026-05-06 20:00:00,auto_retry,472.0
evt_SYN002029,sub_SYN01290,2026-01-19 00:20:00,19,10,insufficient_fund,714.0,0,,125,premium,714,upi_autopay,tier_1,2025-09-16,degraded,False,medium,False,4.3.1,build_B7,light,True,2026-01-20 21:33:00,auto_retry,714.0
evt_SYN002030,sub_SYN01291,2026-02-24 19:30:00,24,2,insufficient_fund,103.0,0,,90,mobile,103,upi_autopay,tier_1,2025-11-26,degraded,False,medium,True,4.2.0,build_D9,system,True,2026-02-25 20:33:00,auto_retry,103.0
evt_SYN002031,sub_SYN01291,2026-03-26 21:59:00,26,3,insufficient_fund,103.0,1,0.0,120,mobile,103,upi_autopay,tier_1,2025-11-26,good,False,low,False,4.2.0,build_D9,light,True,2026-03-31 03:18:00,auto_retry,103.0
evt_SYN002032,sub_SYN01291,2026-05-01 10:20:00,1,0,insufficient_fund,103.0,2,0.0,156,mobile,103,upi_autopay,tier_1,2025-11-26,good,False,low,False,4.4.0,build_D9,dark,True,2026-05-06 17:47:00,auto_retry,103.0
evt_SYN002033,sub_SYN01292,2025-03-03 04:33:00,3,0,insufficient_fund,694.0,0,,126,premium,694,credit_card,tier_1,2024-10-28,good,False,low,False,4.3.1,build_C3,light,True,2025-03-03 20:22:00,auto_retry,694.0
evt_SYN002034,sub_SYN01292,2025-03-25 06:15:00,25,4,insufficient_fund,694.0,1,0.0,148,premium,694,credit_card,tier_1,2024-10-28,good,False,high,False,4.4.0,build_C3,dark,False,,none,0.0
evt_SYN002035,sub_SYN01293,2026-05-13 11:49:00,13,10,insufficient_fund,4187.0,0,,83,saas,4187,credit_card,tier_2,2026-02-19,degraded,False,medium,False,4.4.0,build_E2,dark,False,,none,0.0
evt_SYN002036,sub_SYN01294,2025-11-01 02:48:00,1,0,insufficient_fund,837.0,0,,241,premium,837,upi_autopay,tier_3,2025-03-05,good,False,medium,False,4.2.0,build_A1,light,False,,none,0.0
evt_SYN002037,sub_SYN01295,2026-05-26 20:10:00,26,3,insufficient_fund,425.0,0,,683,mid,425,debit_card,tier_1,2024-07-12,poor,False,low,False,4.2.0,build_B7,light,True,2026-05-27 18:08:00,auto_retry,425.0
evt_SYN002038,sub_SYN01296,2025-04-05 16:45:00,5,2,insufficient_fund,427.0,0,,59,mid,427,debit_card,tier_1,2025-02-05,poor,False,low,False,4.4.0,build_D9,system,True,2025-04-07 08:22:00,auto_retry,427.0
evt_SYN002039,sub_SYN01297,2026-05-14 09:43:00,14,11,insufficient_fund,305.0,0,,38,mid,305,netbanking,tier_2,2026-04-06,good,False,low,False,4.4.0,build_A1,system,False,,none,0.0
evt_SYN002040,sub_SYN01298,2025-06-17 20:17:00,17,11,insufficient_fund,423.0,0,,287,mid,423,upi_autopay,tier_2,2024-09-03,good,False,low,False,4.4.0,build_C3,light,False,,none,0.0
evt_SYN002041,sub_SYN01299,2025-10-16 10:51:00,16,13,insufficient_fund,789.0,0,,223,premium,789,debit_card,tier_2,2025-03-07,good,False,medium,False,4.2.0,build_B7,system,True,2025-10-20 05:56:00,customer_self_serve,789.0
evt_SYN002043,sub_SYN01301,2025-10-12 05:00:00,12,9,insufficient_fund,450.0,0,,230,mid,450,debit_card,tier_2,2025-02-24,degraded,False,high,False,5.0.0,build_D9,system,True,2025-10-15 17:27:00,auto_retry,438.65
evt_SYN002044,sub_SYN01301,2025-11-28 07:25:00,28,0,insufficient_fund,450.0,1,0.0,277,mid,450,debit_card,tier_2,2025-02-24,degraded,False,high,False,5.0.0,build_E2,dark,True,2025-12-02 17:29:00,customer_self_serve,450.0
evt_SYN002045,sub_SYN01302,2026-04-24 14:38:00,24,4,insufficient_fund,92.0,0,,578,mobile,92,upi_autopay,tier_3,2024-09-23,good,False,high,False,5.1.2,build_A1,system,True,2026-04-26 03:03:00,auto_retry,92.0
evt_SYN002046,sub_SYN01302,2026-05-10 09:17:00,10,7,insufficient_fund,92.0,1,0.0,594,mobile,92,upi_autopay,tier_3,2024-09-23,degraded,False,low,False,5.1.2,build_C3,light,False,,none,0.0
evt_SYN002047,sub_SYN01303,2025-10-31 00:22:00,31,0,insufficient_fund,485.0,0,,121,mid,485,debit_card,tier_1,2025-07-02,good,False,low,False,4.2.0,build_B7,light,True,2025-11-01 12:20:00,customer_self_serve,485.0
evt_SYN002048,sub_SYN01304,2025-09-17 04:05:00,17,11,insufficient_fund,120.0,0,,115,mobile,120,debit_card,tier_1,2025-05-25,degraded,False,low,False,5.0.0,build_A1,light,False,,none,0.0
evt_SYN002049,sub_SYN01304,2025-09-28 09:20:00,28,0,insufficient_fund,120.0,1,0.0,126,mobile,120,debit_card,tier_1,2025-05-25,good,False,high,True,5.0.0,build_E2,system,True,2025-10-12 09:20:00,auto_retry,120.0
evt_SYN002050,sub_SYN01305,2025-09-11 03:24:00,11,8,insufficient_fund,175.0,0,,54,mobile,175,upi_autopay,tier_1,2025-07-19,good,False,high,False,4.3.1,build_C3,light,True,2025-09-17 09:18:00,customer_self_serve,175.0
evt_SYN002053,sub_SYN01307,2025-06-22 12:04:00,22,6,insufficient_fund,933.0,0,,207,premium,933,upi_autopay,tier_1,2024-11-27,good,False,low,False,4.3.1,build_C3,dark,False,,none,0.0
evt_SYN002055,sub_SYN01309,2026-05-30 23:06:00,30,0,insufficient_fund,99.0,0,,275,mobile,99,upi_autopay,tier_2,2025-08-28,degraded,False,medium,False,5.1.2,build_C3,light,True,2026-06-01 04:47:00,customer_self_serve,99.0
evt_SYN002058,sub_SYN01312,2026-04-13 00:09:00,13,10,insufficient_fund,323.0,0,,233,mid,323,upi_autopay,tier_1,2025-08-23,degraded,False,low,False,5.1.2,build_B7,dark,False,,none,0.0
evt_SYN002059,sub_SYN01312,2026-05-11 05:43:00,11,8,insufficient_fund,323.0,1,0.0,261,mid,323,upi_autopay,tier_1,2025-08-23,good,False,low,False,4.2.0,build_C3,dark,True,2026-05-17 05:00:00,auto_retry,323.0
evt_SYN002060,sub_SYN01313,2025-10-23 16:51:00,23,6,insufficient_fund,166.0,0,,212,mobile,166,upi_autopay,tier_3,2025-03-25,good,False,low,False,4.2.0,build_C3,dark,True,2025-10-25 17:50:00,auto_retry,166.0
evt_SYN002061,sub_SYN01314,2026-02-03 15:24:00,3,0,insufficient_fund,117.0,0,,100,mobile,117,debit_card,tier_1,2025-10-26,good,False,low,False,4.2.0,build_D9,system,True,2026-02-04 07:38:00,auto_retry,117.0
evt_SYN002062,sub_SYN01315,2026-03-10 18:06:00,10,7,insufficient_fund,416.0,0,,38,mid,416,upi_autopay,tier_2,2026-01-31,good,False,low,False,5.1.2,build_B7,dark,True,2026-03-23 01:01:00,customer_self_serve,416.0
evt_SYN002063,sub_SYN01316,2025-01-31 21:13:00,31,0,insufficient_fund,179.0,0,,123,mobile,179,credit_card,tier_3,2024-09-30,degraded,False,low,False,4.3.1,build_C3,light,True,2025-02-02 10:53:00,auto_retry,179.0
evt_SYN002064,sub_SYN01317,2024-08-03 20:03:00,3,0,insufficient_fund,304.0,0,,13,mid,304,credit_card,tier_2,2024-07-21,good,False,low,False,4.3.1,build_C3,dark,True,2024-08-05 10:29:00,auto_retry,304.0
evt_SYN002065,sub_SYN01318,2025-09-24 03:35:00,24,4,insufficient_fund,303.0,0,,72,mid,303,debit_card,tier_3,2025-07-14,good,False,low,False,4.3.1,build_D9,system,True,2025-09-24 16:03:00,customer_self_serve,303.0
evt_SYN002066,sub_SYN01318,2025-10-26 02:36:00,26,3,insufficient_fund,303.0,1,1.0,104,mid,303,debit_card,tier_3,2025-07-14,degraded,False,low,False,5.0.0,build_C3,light,True,2025-10-27 14:55:00,customer_self_serve,262.91
evt_SYN002067,sub_SYN01318,2025-11-26 12:40:00,26,2,insufficient_fund,303.0,2,1.0,135,mid,303,debit_card,tier_3,2025-07-14,good,False,medium,False,4.3.1,build_A1,system,False,,none,0.0
evt_SYN002068,sub_SYN01319,2025-12-06 10:16:00,6,3,insufficient_fund,3669.0,0,,52,saas,3669,debit_card,tier_1,2025-10-15,good,False,low,False,5.0.0,build_B7,dark,True,2025-12-10 04:48:00,customer_self_serve,3669.0
evt_SYN002069,sub_SYN01319,2026-01-04 17:53:00,4,1,insufficient_fund,3669.0,1,1.0,81,saas,3669,debit_card,tier_1,2025-10-15,good,False,low,False,5.1.2,build_D9,light,True,2026-01-18 17:53:00,customer_self_serve,3669.0
evt_SYN002072,sub_SYN01322,2025-10-21 04:23:00,21,8,insufficient_fund,137.0,0,,53,mobile,137,upi_autopay,tier_2,2025-08-29,good,False,low,False,5.0.0,build_E2,dark,True,2025-10-23 16:58:00,auto_retry,137.0
evt_SYN002073,sub_SYN01323,2025-08-16 05:28:00,16,13,insufficient_fund,4871.0,0,,363,saas,4871,credit_card,tier_1,2024-08-18,good,False,high,False,5.1.2,build_E2,dark,True,2025-08-25 14:44:00,customer_self_serve,4871.0
evt_SYN002074,sub_SYN01323,2025-09-23 22:49:00,23,5,insufficient_fund,4871.0,1,1.0,401,saas,4871,credit_card,tier_1,2024-08-18,good,False,low,False,4.4.0,build_E2,dark,False,,none,0.0
evt_SYN002075,sub_SYN01323,2025-10-06 12:57:00,6,3,insufficient_fund,4871.0,2,0.5,414,saas,4871,credit_card,tier_1,2024-08-18,good,False,low,False,4.4.0,build_D9,system,False,,none,0.0
evt_SYN002076,sub_SYN01324,2025-03-09 15:47:00,9,6,insufficient_fund,4270.0,0,,63,saas,4270,debit_card,tier_1,2025-01-05,good,False,low,False,4.4.0,build_A1,system,False,,none,0.0
evt_SYN002077,sub_SYN01325,2025-10-16 00:31:00,16,13,insufficient_fund,839.0,0,,17,premium,839,credit_card,tier_2,2025-09-29,degraded,False,low,False,4.2.0,build_B7,dark,True,2025-10-16 22:54:00,customer_self_serve,839.0
evt_SYN002078,sub_SYN01325,2025-11-16 08:38:00,16,12,insufficient_fund,839.0,1,1.0,48,premium,839,credit_card,tier_2,2025-09-29,poor,False,high,False,5.0.0,build_A1,dark,True,2025-11-16 17:05:00,auto_retry,839.0
evt_SYN002079,sub_SYN01325,2025-12-16 06:29:00,16,13,insufficient_fund,839.0,2,0.5,78,premium,839,credit_card,tier_2,2025-09-29,good,True,low,False,5.1.2,build_C3,system,False,,none,0.0
evt_SYN002080,sub_SYN01325,2026-01-20 19:29:00,20,9,insufficient_fund,839.0,3,0.3333333333333333,113,premium,839,credit_card,tier_2,2025-09-29,good,False,low,True,5.0.0,build_D9,light,False,,none,0.0
evt_SYN002082,sub_SYN01327,2025-12-20 07:01:00,20,9,insufficient_fund,125.0,0,,138,mobile,125,credit_card,tier_2,2025-08-04,good,False,low,False,4.2.0,build_A1,light,True,2025-12-22 10:33:00,customer_self_serve,125.0
evt_SYN002085,sub_SYN01330,2026-04-27 04:54:00,27,1,insufficient_fund,149.0,0,,114,mobile,149,upi_autopay,tier_1,2026-01-03,good,False,low,False,5.1.2,build_D9,dark,True,2026-04-28 13:53:00,auto_retry,149.0
evt_SYN002086,sub_SYN01330,2026-05-08 04:21:00,8,5,insufficient_fund,149.0,1,0.0,125,mobile,149,upi_autopay,tier_1,2026-01-03,good,False,low,True,4.4.0,build_D9,dark,False,,none,0.0
evt_SYN002087,sub_SYN01330,2026-06-18 17:12:00,18,10,insufficient_fund,149.0,2,0.0,166,mobile,149,upi_autopay,tier_1,2026-01-03,good,False,low,False,5.0.0,build_C3,light,False,,none,0.0
evt_SYN002088,sub_SYN01331,2025-09-06 18:36:00,6,3,insufficient_fund,315.0,0,,352,mid,315,credit_card,tier_3,2024-09-19,good,False,low,False,4.2.0,build_B7,system,True,2025-09-08 17:27:00,customer_self_serve,315.0
evt_SYN002089,sub_SYN01332,2025-11-14 16:11:00,14,11,insufficient_fund,385.0,0,,54,mid,385,credit_card,tier_1,2025-09-21,good,False,low,False,4.2.0,build_D9,dark,True,2025-11-17 13:42:00,auto_retry,385.0
evt_SYN002090,sub_SYN01332,2025-12-15 04:14:00,15,12,insufficient_fund,385.0,1,0.0,85,mid,385,credit_card,tier_1,2025-09-21,good,False,low,False,5.0.0,build_B7,system,True,2025-12-15 13:10:00,auto_retry,385.0
evt_SYN002091,sub_SYN01332,2026-01-07 02:45:00,7,4,insufficient_fund,385.0,2,0.0,108,mid,385,credit_card,tier_1,2025-09-21,good,False,low,False,4.3.1,build_C3,light,True,2026-01-10 14:55:00,auto_retry,385.0
evt_SYN002092,sub_SYN01333,2026-01-15 09:12:00,15,12,insufficient_fund,749.0,0,,324,premium,749,upi_autopay,tier_2,2025-02-25,degraded,False,low,False,5.1.2,build_C3,system,True,2026-01-29 09:12:00,auto_retry,749.0
evt_SYN002093,sub_SYN01334,2026-05-30 14:22:00,30,0,insufficient_fund,412.0,0,,271,mid,412,debit_card,tier_3,2025-09-01,good,False,low,False,4.2.0,build_A1,system,False,,none,0.0
evt_SYN002094,sub_SYN01335,2026-05-19 20:31:00,19,10,insufficient_fund,486.0,0,,619,mid,486,credit_card,tier_1,2024-09-07,degraded,False,low,False,4.3.1,build_E2,light,False,,none,0.0
evt_SYN002095,sub_SYN01335,2026-06-02 15:23:00,2,0,insufficient_fund,486.0,1,0.0,633,mid,486,credit_card,tier_1,2024-09-07,good,False,medium,False,5.1.2,build_E2,system,True,2026-06-04 02:10:00,customer_self_serve,486.0
evt_SYN002096,sub_SYN01335,2026-07-10 19:10:00,10,7,insufficient_fund,486.0,2,0.5,671,mid,486,credit_card,tier_1,2024-09-07,good,False,medium,False,4.3.1,build_D9,dark,False,,none,0.0
evt_SYN002097,sub_SYN01335,2026-08-23 19:10:00,23,6,insufficient_fund,486.0,3,0.3333333333333333,715,mid,486,credit_card,tier_1,2024-09-07,good,False,low,False,4.2.0,build_E2,light,True,2026-08-28 19:30:00,auto_retry,486.0
evt_SYN002098,sub_SYN01336,2025-12-11 19:11:00,11,8,insufficient_fund,338.0,0,,278,mid,338,upi_autopay,tier_1,2025-03-08,good,False,low,False,4.4.0,build_A1,dark,False,,none,0.0
evt_SYN002099,sub_SYN01337,2026-01-10 15:19:00,10,7,insufficient_fund,196.0,0,,200,mobile,196,debit_card,tier_1,2025-06-24,degraded,False,low,False,4.4.0,build_D9,system,False,,none,0.0
evt_SYN002100,sub_SYN01338,2026-03-17 22:14:00,17,12,insufficient_fund,305.0,0,,17,mid,305,debit_card,tier_2,2026-02-28,degraded,False,medium,False,4.2.0,build_B7,dark,False,,none,0.0
evt_SYN002101,sub_SYN01338,2026-04-02 10:34:00,2,0,insufficient_fund,305.0,1,0.0,33,mid,305,debit_card,tier_2,2026-02-28,good,False,medium,False,4.2.0,build_A1,system,False,,none,0.0
evt_SYN002102,sub_SYN01338,2026-05-13 01:28:00,13,10,insufficient_fund,305.0,2,0.0,74,mid,305,debit_card,tier_2,2026-02-28,good,False,low,False,4.4.0,build_E2,dark,False,,none,0.0
evt_SYN002105,sub_SYN01341,2026-02-03 05:35:00,3,0,insufficient_fund,398.0,0,,82,mid,398,credit_card,tier_1,2025-11-13,good,False,medium,False,4.2.0,build_A1,system,False,,none,0.0
evt_SYN002106,sub_SYN01341,2026-02-15 00:55:00,15,11,insufficient_fund,398.0,1,0.0,94,mid,398,credit_card,tier_1,2025-11-13,good,False,high,False,5.0.0,build_E2,dark,True,2026-02-20 23:52:00,auto_retry,398.0
evt_SYN002107,sub_SYN01341,2026-03-21 14:16:00,21,8,insufficient_fund,398.0,2,0.0,128,mid,398,credit_card,tier_1,2025-11-13,degraded,False,medium,False,5.0.0,build_A1,dark,False,,none,0.0
evt_SYN002108,sub_SYN01342,2025-09-02 10:55:00,2,0,insufficient_fund,425.0,0,,343,mid,425,credit_card,tier_2,2024-09-24,degraded,False,medium,False,4.2.0,build_E2,system,False,,none,0.0
evt_SYN002111,sub_SYN01344,2025-12-29 22:45:00,29,0,insufficient_fund,122.0,0,,66,mobile,122,debit_card,tier_2,2025-10-24,good,False,low,False,4.3.1,build_B7,light,False,,none,0.0
evt_SYN002113,sub_SYN01346,2026-01-08 13:06:00,8,5,insufficient_fund,81.0,0,,94,mobile,81,netbanking,tier_2,2025-10-06,degraded,False,medium,False,5.1.2,build_D9,dark,True,2026-01-08 15:01:00,customer_self_serve,81.0
evt_SYN002114,sub_SYN01347,2026-02-07 12:48:00,7,4,insufficient_fund,167.0,0,,220,mobile,167,credit_card,tier_3,2025-07-02,degraded,False,medium,False,4.2.0,build_A1,light,False,,none,0.0
evt_SYN002115,sub_SYN01348,2026-03-17 19:46:00,17,12,insufficient_fund,846.0,0,,110,premium,846,credit_card,tier_2,2025-11-27,good,False,medium,False,5.0.0,build_D9,light,True,2026-03-24 18:14:00,auto_retry,846.0
evt_SYN002116,sub_SYN01349,2026-03-21 20:00:00,21,8,insufficient_fund,363.0,0,,20,mid,363,upi_autopay,tier_3,2026-03-01,good,False,low,False,5.1.2,build_E2,light,True,2026-03-25 06:24:00,customer_self_serve,363.0
evt_SYN002120,sub_SYN01351,2026-03-21 17:04:00,21,8,insufficient_fund,424.0,0,,39,mid,424,upi_autopay,tier_1,2026-02-10,good,True,low,True,5.1.2,build_A1,dark,True,2026-03-26 12:22:00,customer_self_serve,424.0
evt_SYN002121,sub_SYN01351,2026-04-12 23:56:00,12,9,insufficient_fund,424.0,1,1.0,61,mid,424,upi_autopay,tier_1,2026-02-10,good,False,high,False,5.0.0,build_D9,light,False,,none,0.0
evt_SYN002122,sub_SYN01352,2025-02-24 08:43:00,24,2,insufficient_fund,850.0,0,,206,premium,850,credit_card,tier_2,2024-08-02,good,False,low,False,4.3.1,build_A1,light,True,2025-02-24 17:46:00,auto_retry,850.0
evt_SYN002124,sub_SYN01354,2026-01-06 13:26:00,6,3,insufficient_fund,690.0,0,,197,premium,690,credit_card,tier_3,2025-06-23,good,False,medium,False,4.4.0,build_E2,dark,True,2026-01-11 09:16:00,customer_self_serve,652.48
evt_SYN002125,sub_SYN01354,2026-02-10 12:01:00,10,7,insufficient_fund,690.0,1,1.0,232,premium,690,credit_card,tier_3,2025-06-23,poor,False,high,False,4.4.0,build_A1,dark,True,2026-02-24 12:01:00,customer_self_serve,690.0
evt_SYN002126,sub_SYN01354,2026-03-11 13:55:00,11,8,insufficient_fund,690.0,2,1.0,261,premium,690,credit_card,tier_3,2025-06-23,good,False,medium,False,4.4.0,build_D9,dark,True,2026-03-15 17:54:00,customer_self_serve,690.0
evt_SYN002128,sub_SYN01356,2025-03-08 12:54:00,8,5,insufficient_fund,465.0,0,,46,mid,465,debit_card,tier_3,2025-01-21,degraded,False,low,False,4.2.0,build_C3,light,False,,none,0.0
evt_SYN002130,sub_SYN01358,2026-01-02 21:06:00,2,0,insufficient_fund,654.0,0,,44,premium,654,debit_card,tier_2,2025-11-19,good,True,low,False,4.4.0,build_B7,system,False,,none,0.0
evt_SYN002131,sub_SYN01358,2026-01-31 20:19:00,31,0,insufficient_fund,654.0,1,0.0,73,premium,654,debit_card,tier_2,2025-11-19,good,False,low,False,4.4.0,build_A1,light,True,2026-02-05 09:25:00,auto_retry,654.0
evt_SYN002132,sub_SYN01359,2026-01-29 21:00:00,29,0,insufficient_fund,365.0,0,,337,mid,365,credit_card,tier_2,2025-02-26,good,False,medium,False,5.1.2,build_B7,system,True,2026-01-31 08:43:00,auto_retry,365.0
evt_SYN002133,sub_SYN01360,2026-04-12 13:42:00,12,9,insufficient_fund,414.0,0,,286,mid,414,debit_card,tier_1,2025-06-30,good,False,medium,False,4.4.0,build_E2,dark,False,,none,0.0
evt_SYN002134,sub_SYN01360,2026-05-22 03:01:00,22,7,insufficient_fund,414.0,1,0.0,326,mid,414,debit_card,tier_1,2025-06-30,good,False,low,False,5.0.0,build_A1,light,True,2026-05-22 20:25:00,auto_retry,414.0
evt_SYN002135,sub_SYN01361,2026-03-05 04:17:00,5,2,insufficient_fund,444.0,0,,452,mid,444,credit_card,tier_2,2024-12-08,good,False,low,False,5.1.2,build_A1,system,True,2026-03-05 06:24:00,auto_retry,444.0
evt_SYN002136,sub_SYN01362,2024-12-28 22:38:00,28,1,insufficient_fund,165.0,0,,108,mobile,165,debit_card,tier_2,2024-09-11,good,False,low,False,4.4.0,build_A1,dark,True,2024-12-31 00:29:00,auto_retry,165.0
evt_SYN002137,sub_SYN01362,2025-01-26 02:53:00,26,3,insufficient_fund,165.0,1,0.0,137,mobile,165,debit_card,tier_2,2024-09-11,good,False,medium,False,5.1.2,build_A1,dark,True,2025-02-04 00:23:00,auto_retry,165.0
evt_SYN002138,sub_SYN01363,2025-11-07 17:04:00,7,4,insufficient_fund,122.0,0,,371,mobile,122,upi_autopay,tier_3,2024-11-01,degraded,False,low,False,5.1.2,build_A1,system,False,,none,0.0
evt_SYN002139,sub_SYN01364,2026-06-08 01:10:00,8,5,insufficient_fund,383.0,0,,136,mid,383,upi_autopay,tier_2,2026-01-23,good,False,low,False,4.2.0,build_E2,light,True,2026-06-08 18:36:00,customer_self_serve,383.0
evt_SYN002140,sub_SYN01365,2026-05-16 04:20:00,16,13,insufficient_fund,96.0,0,,49,mobile,96,credit_card,tier_1,2026-03-28,good,False,low,False,4.3.1,build_A1,dark,True,2026-05-22 01:05:00,customer_self_serve,96.0
evt_SYN002141,sub_SYN01365,2026-06-23 04:48:00,23,5,insufficient_fund,96.0,1,1.0,87,mobile,96,credit_card,tier_1,2026-03-28,good,False,low,False,5.0.0,build_A1,light,True,2026-06-23 16:13:00,auto_retry,96.0
evt_SYN002144,sub_SYN01368,2025-04-10 00:02:00,10,7,insufficient_fund,2757.0,0,,223,saas,2757,credit_card,tier_1,2024-08-30,good,False,low,False,5.0.0,build_A1,system,True,2025-04-10 02:44:00,auto_retry,2757.0
evt_SYN002145,sub_SYN01369,2025-07-01 14:48:00,1,0,insufficient_fund,188.0,0,,313,mobile,188,credit_card,tier_1,2024-08-22,good,False,medium,True,5.1.2,build_C3,system,True,2025-07-03 11:42:00,auto_retry,181.48
evt_SYN002152,sub_SYN01374,2025-07-14 17:16:00,14,11,insufficient_fund,115.0,0,,62,mobile,115,credit_card,tier_2,2025-05-13,good,False,low,False,4.2.0,build_D9,system,False,,none,0.0
evt_SYN002153,sub_SYN01375,2026-03-30 17:41:00,30,0,insufficient_fund,158.0,0,,40,mobile,158,debit_card,tier_1,2026-02-18,good,False,high,False,4.3.1,build_B7,dark,True,2026-03-30 22:08:00,auto_retry,158.0
evt_SYN002154,sub_SYN01376,2026-05-31 07:36:00,31,0,insufficient_fund,86.0,0,,55,mobile,86,debit_card,tier_2,2026-04-06,good,False,low,True,4.3.1,build_C3,dark,True,2026-06-11 12:59:00,auto_retry,86.0
evt_SYN002155,sub_SYN01376,2026-06-27 05:35:00,27,1,insufficient_fund,86.0,1,0.0,82,mobile,86,debit_card,tier_2,2026-04-06,degraded,False,medium,False,4.3.1,build_D9,system,True,2026-06-28 06:57:00,customer_self_serve,86.0
evt_SYN002156,sub_SYN01377,2024-10-19 16:24:00,19,10,insufficient_fund,491.0,0,,81,mid,491,credit_card,tier_1,2024-07-30,good,False,low,False,4.2.0,build_E2,system,False,,none,0.0
evt_SYN002157,sub_SYN01377,2024-11-19 07:16:00,19,9,insufficient_fund,491.0,1,0.0,112,mid,491,credit_card,tier_1,2024-07-30,degraded,False,medium,False,5.1.2,build_E2,dark,False,,none,0.0
evt_SYN002158,sub_SYN01377,2024-11-30 04:56:00,30,0,insufficient_fund,491.0,2,0.0,123,mid,491,credit_card,tier_1,2024-07-30,good,False,high,True,5.1.2,build_A1,system,False,,none,0.0
evt_SYN002159,sub_SYN01378,2025-09-17 22:44:00,17,11,insufficient_fund,384.0,0,,42,mid,384,upi_autopay,tier_3,2025-08-06,degraded,False,low,False,4.4.0,build_A1,dark,False,,none,0.0
evt_SYN002160,sub_SYN01378,2025-10-24 12:07:00,24,5,insufficient_fund,384.0,1,0.0,79,mid,384,upi_autopay,tier_3,2025-08-06,good,False,low,False,4.3.1,build_A1,dark,False,,none,0.0
evt_SYN002162,sub_SYN01380,2026-04-17 10:10:00,17,11,insufficient_fund,144.0,0,,205,mobile,144,credit_card,tier_2,2025-09-24,degraded,False,low,False,4.3.1,build_A1,light,True,2026-04-18 02:50:00,customer_self_serve,144.0
evt_SYN002165,sub_SYN01383,2026-05-05 05:34:00,5,2,insufficient_fund,103.0,0,,17,mobile,103,netbanking,tier_2,2026-04-18,good,False,low,False,5.1.2,build_B7,light,True,2026-05-19 05:34:00,customer_self_serve,103.0
evt_SYN002166,sub_SYN01384,2026-05-26 12:47:00,26,3,insufficient_fund,404.0,0,,78,mid,404,debit_card,tier_3,2026-03-09,good,False,medium,False,5.1.2,build_C3,dark,False,,none,0.0
evt_SYN002167,sub_SYN01385,2024-12-09 20:39:00,9,6,insufficient_fund,106.0,0,,14,mobile,106,credit_card,tier_3,2024-11-25,degraded,True,medium,False,5.1.2,build_E2,light,True,2024-12-14 00:26:00,customer_self_serve,106.0
evt_SYN002168,sub_SYN01386,2025-09-15 14:49:00,15,12,insufficient_fund,129.0,0,,126,mobile,129,credit_card,tier_1,2025-05-12,good,False,low,False,5.1.2,build_B7,system,True,2025-09-16 20:00:00,auto_retry,129.0
evt_SYN002169,sub_SYN01386,2025-10-16 13:30:00,16,13,insufficient_fund,129.0,1,0.0,157,mobile,129,credit_card,tier_1,2025-05-12,good,False,medium,False,5.0.0,build_D9,light,True,2025-10-17 06:02:00,auto_retry,129.0
evt_SYN002170,sub_SYN01386,2025-11-19 06:49:00,19,9,insufficient_fund,129.0,2,0.0,191,mobile,129,credit_card,tier_1,2025-05-12,degraded,False,low,False,5.1.2,build_A1,light,True,2025-11-22 16:01:00,auto_retry,129.0
evt_SYN002173,sub_SYN01389,2026-05-03 22:17:00,3,0,insufficient_fund,139.0,0,,128,mobile,139,credit_card,tier_2,2025-12-26,good,False,low,False,5.1.2,build_E2,dark,True,2026-05-07 02:37:00,customer_self_serve,139.0
evt_SYN002178,sub_SYN01392,2026-06-18 18:27:00,18,10,insufficient_fund,325.0,0,,169,mid,325,debit_card,tier_2,2025-12-31,degraded,False,medium,False,4.3.1,build_A1,dark,True,2026-06-20 13:58:00,customer_self_serve,325.0
evt_SYN002180,sub_SYN01394,2024-12-07 22:25:00,7,4,insufficient_fund,4551.0,0,,58,saas,4551,credit_card,tier_1,2024-10-10,good,False,medium,False,5.1.2,build_C3,light,True,2024-12-21 18:20:00,auto_retry,4551.0
evt_SYN002181,sub_SYN01394,2025-01-21 12:47:00,21,8,insufficient_fund,4551.0,1,0.0,103,saas,4551,credit_card,tier_1,2024-10-10,degraded,False,low,False,4.3.1,build_D9,system,True,2025-01-23 11:50:00,customer_self_serve,4551.0
evt_SYN002182,sub_SYN01394,2025-02-01 21:41:00,1,0,insufficient_fund,4551.0,2,0.5,114,saas,4551,credit_card,tier_1,2024-10-10,good,False,low,True,4.3.1,build_A1,light,True,2025-02-11 13:59:00,auto_retry,4551.0
evt_SYN002183,sub_SYN01394,2025-02-23 11:38:00,23,3,insufficient_fund,4551.0,3,0.3333333333333333,136,saas,4551,credit_card,tier_1,2024-10-10,good,False,low,False,5.0.0,build_C3,light,True,2025-02-25 05:23:00,auto_retry,4551.0
evt_SYN002184,sub_SYN01395,2026-04-24 00:07:00,24,4,insufficient_fund,194.0,0,,591,mobile,194,upi_autopay,tier_1,2024-09-10,good,False,high,False,4.4.0,build_A1,system,True,2026-04-24 09:37:00,auto_retry,194.0
evt_SYN002185,sub_SYN01396,2025-10-19 07:31:00,19,10,insufficient_fund,2822.0,0,,48,saas,2822,credit_card,tier_1,2025-09-01,degraded,False,low,False,4.2.0,build_A1,light,True,2025-10-28 02:18:00,auto_retry,2822.0
evt_SYN002186,sub_SYN01396,2025-11-21 10:54:00,21,7,insufficient_fund,2822.0,1,0.0,81,saas,2822,credit_card,tier_1,2025-09-01,good,False,medium,False,4.3.1,build_C3,light,True,2025-11-30 05:05:00,customer_self_serve,2822.0
evt_SYN002187,sub_SYN01396,2025-12-25 18:11:00,25,4,insufficient_fund,2822.0,2,0.5,115,saas,2822,credit_card,tier_1,2025-09-01,good,False,medium,False,5.0.0,build_E2,dark,False,,none,0.0
evt_SYN002189,sub_SYN01398,2025-02-23 08:07:00,23,3,insufficient_fund,420.0,0,,237,mid,420,debit_card,tier_1,2024-07-01,good,False,low,False,4.2.0,build_C3,system,True,2025-02-28 16:21:00,auto_retry,420.0
evt_SYN002190,sub_SYN01398,2025-04-03 15:47:00,3,0,insufficient_fund,420.0,1,0.0,276,mid,420,debit_card,tier_1,2024-07-01,good,False,medium,False,4.2.0,build_E2,dark,True,2025-04-17 15:47:00,auto_retry,420.0
evt_SYN002192,sub_SYN01400,2026-01-27 01:04:00,27,2,insufficient_fund,487.0,0,,252,mid,487,upi_autopay,tier_2,2025-05-20,good,False,medium,False,4.4.0,build_B7,light,False,,none,0.0
evt_SYN002193,sub_SYN01401,2026-03-26 07:39:00,26,3,insufficient_fund,2424.0,0,,112,saas,2424,credit_card,tier_2,2025-12-04,good,True,low,False,5.0.0,build_B7,system,False,,none,0.0
evt_SYN002195,sub_SYN01403,2026-03-24 07:41:00,24,5,insufficient_fund,3986.0,0,,292,saas,3986,upi_autopay,tier_1,2025-06-05,degraded,True,low,False,4.3.1,build_B7,light,True,2026-03-27 01:57:00,auto_retry,3986.0
evt_SYN002196,sub_SYN01404,2026-01-21 11:51:00,21,8,insufficient_fund,343.0,0,,249,mid,343,debit_card,tier_2,2025-05-17,good,False,low,False,5.0.0,build_B7,dark,True,2026-01-25 21:02:00,auto_retry,343.0
evt_SYN002197,sub_SYN01405,2026-06-10 18:41:00,10,7,insufficient_fund,461.0,0,,19,mid,461,upi_autopay,tier_2,2026-05-22,poor,False,low,False,4.3.1,build_C3,system,True,2026-06-11 17:09:00,auto_retry,461.0
evt_SYN002199,sub_SYN01407,2026-06-18 12:33:00,18,10,insufficient_fund,169.0,0,,420,mobile,169,debit_card,tier_1,2025-04-24,good,False,high,False,4.4.0,build_D9,dark,True,2026-06-18 13:45:00,customer_self_serve,163.99
evt_SYN002203,sub_SYN01409,2026-03-10 02:48:00,10,7,insufficient_fund,403.0,0,,66,mid,403,credit_card,tier_1,2026-01-03,good,True,low,False,4.3.1,build_D9,system,True,2026-03-12 22:38:00,auto_retry,403.0
evt_SYN002204,sub_SYN01409,2026-04-13 03:05:00,13,10,insufficient_fund,403.0,1,0.0,100,mid,403,credit_card,tier_1,2026-01-03,good,False,low,False,4.2.0,build_A1,dark,True,2026-04-18 13:55:00,auto_retry,345.6
evt_SYN002205,sub_SYN01409,2026-05-18 21:12:00,18,11,insufficient_fund,403.0,2,0.0,135,mid,403,credit_card,tier_1,2026-01-03,good,False,medium,False,5.0.0,build_D9,dark,True,2026-05-19 14:36:00,auto_retry,403.0
evt_SYN002206,sub_SYN01410,2026-01-04 20:54:00,4,1,insufficient_fund,933.0,0,,388,premium,933,netbanking,tier_1,2024-12-12,good,False,low,True,5.1.2,build_D9,light,True,2026-01-07 13:57:00,auto_retry,933.0
evt_SYN002207,sub_SYN01410,2026-02-12 09:49:00,12,9,insufficient_fund,933.0,1,0.0,427,premium,933,netbanking,tier_1,2024-12-12,good,False,medium,False,4.3.1,build_C3,dark,True,2026-02-19 13:09:00,customer_self_serve,933.0
evt_SYN002208,sub_SYN01411,2025-08-04 23:41:00,4,1,insufficient_fund,114.0,0,,216,mobile,114,credit_card,tier_1,2024-12-31,degraded,False,low,False,4.2.0,build_D9,light,False,,none,0.0
evt_SYN002209,sub_SYN01412,2026-06-07 09:40:00,7,4,insufficient_fund,445.0,0,,73,mid,445,debit_card,tier_2,2026-03-26,good,False,low,False,5.0.0,build_A1,system,True,2026-06-10 21:00:00,auto_retry,445.0
evt_SYN002210,sub_SYN01412,2026-07-04 17:40:00,4,1,insufficient_fund,445.0,1,0.0,100,mid,445,debit_card,tier_2,2026-03-26,good,False,medium,False,4.2.0,build_A1,system,True,2026-07-06 09:15:00,auto_retry,445.0
evt_SYN002211,sub_SYN01412,2026-08-11 06:06:00,11,8,insufficient_fund,445.0,2,0.0,138,mid,445,debit_card,tier_2,2026-03-26,good,False,low,False,4.2.0,build_A1,light,True,2026-08-14 03:37:00,customer_self_serve,445.0
evt_SYN002212,sub_SYN01413,2026-03-17 11:23:00,17,12,insufficient_fund,331.0,0,,341,mid,331,credit_card,tier_1,2025-04-10,good,False,medium,True,4.4.0,build_D9,light,False,,none,0.0
evt_SYN002213,sub_SYN01414,2025-07-27 22:26:00,27,2,insufficient_fund,424.0,0,,152,mid,424,credit_card,tier_1,2025-02-25,good,False,low,False,4.4.0,build_D9,dark,True,2025-07-28 21:56:00,auto_retry,424.0
evt_SYN002217,sub_SYN01416,2026-03-12 03:53:00,12,9,insufficient_fund,132.0,0,,64,mobile,132,upi_autopay,tier_2,2026-01-07,degraded,False,low,False,4.4.0,build_E2,light,True,2026-03-14 17:42:00,auto_retry,132.0
evt_SYN002218,sub_SYN01417,2025-11-13 20:27:00,13,10,insufficient_fund,689.0,0,,415,premium,689,upi_autopay,tier_1,2024-09-24,good,False,low,False,4.4.0,build_B7,system,False,,none,0.0
evt_SYN002219,sub_SYN01417,2025-12-19 18:58:00,19,10,insufficient_fund,689.0,1,0.0,451,premium,689,upi_autopay,tier_1,2024-09-24,degraded,False,low,False,4.2.0,build_E2,light,True,2025-12-26 22:49:00,auto_retry,689.0
evt_SYN002220,sub_SYN01417,2026-01-19 03:52:00,19,10,insufficient_fund,689.0,2,0.0,482,premium,689,upi_autopay,tier_1,2024-09-24,good,False,low,False,4.3.1,build_A1,system,False,,none,0.0
evt_SYN002221,sub_SYN01418,2026-04-19 10:05:00,19,9,insufficient_fund,164.0,0,,281,mobile,164,upi_autopay,tier_1,2025-07-12,good,False,medium,False,4.4.0,build_E2,light,False,,none,0.0
evt_SYN002222,sub_SYN01418,2026-05-08 05:49:00,8,5,insufficient_fund,164.0,1,0.0,300,mobile,164,upi_autopay,tier_1,2025-07-12,good,False,high,False,4.4.0,build_C3,dark,True,2026-05-19 05:00:00,customer_self_serve,164.0
evt_SYN002223,sub_SYN01419,2026-04-05 01:51:00,5,2,insufficient_fund,722.0,0,,11,premium,722,credit_card,tier_2,2026-03-25,good,False,low,False,4.2.0,build_C3,system,False,,none,0.0
evt_SYN002224,sub_SYN01420,2026-06-14 16:40:00,14,11,insufficient_fund,1611.0,0,,87,saas,1611,debit_card,tier_1,2026-03-19,good,False,medium,False,4.3.1,build_D9,system,True,2026-06-15 15:52:00,customer_self_serve,1505.87
evt_SYN002225,sub_SYN01421,2026-01-23 17:36:00,23,6,insufficient_fund,143.0,0,,10,mobile,143,credit_card,tier_1,2026-01-13,good,False,low,False,5.0.0,build_E2,system,True,2026-01-24 00:20:00,auto_retry,143.0
evt_SYN002226,sub_SYN01422,2026-04-13 19:13:00,13,10,insufficient_fund,94.0,0,,149,mobile,94,upi_autopay,tier_2,2025-11-15,degraded,False,medium,False,5.0.0,build_C3,system,True,2026-04-14 00:05:00,customer_self_serve,94.0
evt_SYN002227,sub_SYN01423,2026-06-17 20:08:00,17,11,insufficient_fund,439.0,0,,364,mid,439,credit_card,tier_1,2025-06-18,good,False,low,False,4.2.0,build_B7,dark,True,2026-06-19 17:54:00,auto_retry,439.0
evt_SYN002228,sub_SYN01424,2025-05-13 14:04:00,13,10,insufficient_fund,97.0,0,,141,mobile,97,debit_card,tier_2,2024-12-23,poor,False,low,False,4.2.0,build_A1,light,False,,none,0.0
evt_SYN002230,sub_SYN01426,2025-03-30 14:34:00,30,0,insufficient_fund,437.0,0,,267,mid,437,upi_autopay,tier_1,2024-07-06,degraded,False,low,False,4.2.0,build_C3,system,True,2025-04-01 22:38:00,auto_retry,437.0
evt_SYN002232,sub_SYN01428,2025-10-14 14:16:00,14,11,insufficient_fund,361.0,0,,190,mid,361,upi_autopay,tier_1,2025-04-07,degraded,False,medium,False,4.2.0,build_C3,light,False,,none,0.0
evt_SYN002233,sub_SYN01428,2025-11-10 11:55:00,10,7,insufficient_fund,361.0,1,0.0,217,mid,361,upi_autopay,tier_1,2025-04-07,degraded,False,low,False,5.0.0,build_D9,light,True,2025-11-18 06:58:00,customer_self_serve,361.0
evt_SYN002234,sub_SYN01428,2025-12-22 02:03:00,22,7,insufficient_fund,361.0,2,0.5,259,mid,361,upi_autopay,tier_1,2025-04-07,good,False,low,False,5.0.0,build_C3,dark,True,2025-12-22 21:54:00,customer_self_serve,361.0
evt_SYN002235,sub_SYN01428,2026-01-05 19:43:00,5,2,insufficient_fund,361.0,3,0.6666666666666666,273,mid,361,upi_autopay,tier_1,2025-04-07,poor,False,low,False,5.1.2,build_E2,light,True,2026-01-07 04:17:00,auto_retry,361.0
evt_SYN002236,sub_SYN01429,2026-01-18 08:43:00,18,11,insufficient_fund,499.0,0,,517,mid,499,credit_card,tier_1,2024-08-19,good,False,low,False,4.4.0,build_A1,system,True,2026-01-18 09:55:00,auto_retry,499.0
evt_SYN002237,sub_SYN01430,2026-04-28 20:59:00,28,0,insufficient_fund,486.0,0,,549,mid,486,netbanking,tier_1,2024-10-26,good,True,medium,False,4.4.0,build_B7,system,False,,none,0.0
evt_SYN002238,sub_SYN01431,2026-05-09 09:15:00,9,6,insufficient_fund,148.0,0,,431,mobile,148,credit_card,tier_3,2025-03-04,good,False,low,False,5.1.2,build_E2,dark,True,2026-05-11 18:16:00,auto_retry,148.0
evt_SYN002239,sub_SYN01431,2026-06-08 23:57:00,8,5,insufficient_fund,148.0,1,0.0,461,mobile,148,credit_card,tier_3,2025-03-04,good,False,low,False,4.3.1,build_A1,light,True,2026-06-09 09:55:00,auto_retry,148.0
evt_SYN002240,sub_SYN01431,2026-07-07 18:18:00,7,4,insufficient_fund,148.0,2,0.0,490,mobile,148,credit_card,tier_3,2025-03-04,good,True,low,False,5.0.0,build_A1,light,False,,none,0.0
evt_SYN002243,sub_SYN01434,2026-06-05 14:23:00,5,2,insufficient_fund,475.0,0,,11,mid,475,credit_card,tier_2,2026-05-25,poor,False,medium,False,4.2.0,build_E2,dark,True,2026-06-05 20:48:00,auto_retry,475.0
evt_SYN002244,sub_SYN01435,2025-09-16 00:15:00,16,12,insufficient_fund,384.0,0,,46,mid,384,debit_card,tier_2,2025-08-01,good,False,low,False,5.1.2,build_B7,dark,False,,none,0.0
evt_SYN002246,sub_SYN01437,2026-02-06 10:10:00,6,3,insufficient_fund,136.0,0,,136,mobile,136,debit_card,tier_1,2025-09-23,degraded,False,high,False,4.3.1,build_E2,system,True,2026-02-06 19:28:00,auto_retry,136.0
evt_SYN002247,sub_SYN01437,2026-03-03 18:12:00,3,0,insufficient_fund,136.0,1,0.0,161,mobile,136,debit_card,tier_1,2025-09-23,good,False,medium,False,5.1.2,build_C3,light,True,2026-03-04 13:54:00,auto_retry,124.23
evt_SYN002248,sub_SYN01438,2026-03-08 06:38:00,8,5,insufficient_fund,90.0,0,,72,mobile,90,upi_autopay,tier_1,2025-12-26,poor,False,low,False,4.2.0,build_A1,dark,False,,none,0.0
evt_SYN002249,sub_SYN01439,2025-07-04 13:29:00,4,1,insufficient_fund,130.0,0,,310,mobile,130,upi_autopay,tier_1,2024-08-28,good,False,low,False,4.2.0,build_E2,light,False,,none,0.0
evt_SYN002250,sub_SYN01440,2026-03-02 00:13:00,2,0,insufficient_fund,2553.0,0,,526,saas,2553,upi_autopay,tier_1,2024-09-22,poor,False,low,True,4.4.0,build_A1,dark,True,2026-03-05 06:07:00,customer_self_serve,2553.0
evt_SYN002253,sub_SYN01443,2026-04-19 15:33:00,19,9,insufficient_fund,167.0,0,,65,mobile,167,upi_autopay,tier_3,2026-02-13,good,True,low,False,4.2.0,build_E2,system,True,2026-04-20 06:56:00,auto_retry,167.0
evt_SYN002255,sub_SYN01445,2025-08-20 17:11:00,20,9,insufficient_fund,447.0,0,,173,mid,447,credit_card,tier_2,2025-02-28,good,False,medium,False,5.1.2,build_A1,light,False,,none,0.0
evt_SYN002256,sub_SYN01445,2025-09-20 17:40:00,20,8,insufficient_fund,447.0,1,0.0,204,mid,447,credit_card,tier_2,2025-02-28,degraded,False,low,False,4.2.0,build_B7,light,True,2025-09-21 01:22:00,auto_retry,447.0
evt_SYN002257,sub_SYN01445,2025-10-20 20:20:00,20,9,insufficient_fund,447.0,2,0.0,234,mid,447,credit_card,tier_2,2025-02-28,good,False,low,False,4.2.0,build_A1,light,True,2025-10-21 14:56:00,auto_retry,447.0
evt_SYN002258,sub_SYN01446,2026-03-14 10:04:00,14,11,insufficient_fund,170.0,0,,371,mobile,170,credit_card,tier_1,2025-03-08,good,True,low,False,4.3.1,build_C3,light,False,,none,0.0
evt_SYN002264,sub_SYN01449,2025-11-25 14:36:00,25,3,insufficient_fund,768.0,0,,155,premium,768,upi_autopay,tier_1,2025-06-23,good,False,medium,False,4.4.0,build_A1,dark,True,2025-11-25 18:51:00,customer_self_serve,768.0
evt_SYN002269,sub_SYN01451,2026-04-18 16:46:00,18,10,insufficient_fund,873.0,0,,176,premium,873,debit_card,tier_3,2025-10-24,good,False,medium,False,5.1.2,build_A1,dark,True,2026-04-22 07:51:00,auto_retry,873.0
evt_SYN002270,sub_SYN01451,2026-05-15 20:38:00,15,12,insufficient_fund,873.0,1,0.0,203,premium,873,debit_card,tier_3,2025-10-24,good,False,medium,False,4.3.1,build_D9,light,True,2026-05-18 03:02:00,customer_self_serve,873.0
evt_SYN002271,sub_SYN01451,2026-06-13 03:34:00,13,10,insufficient_fund,873.0,2,0.5,232,premium,873,debit_card,tier_3,2025-10-24,degraded,False,low,False,4.2.0,build_B7,system,False,,none,0.0
evt_SYN002272,sub_SYN01452,2025-10-24 21:17:00,24,5,insufficient_fund,111.0,0,,73,mobile,111,debit_card,tier_2,2025-08-12,good,False,low,False,5.1.2,build_C3,light,False,,none,0.0
evt_SYN002273,sub_SYN01452,2025-12-06 09:15:00,6,3,insufficient_fund,111.0,1,0.0,116,mobile,111,debit_card,tier_2,2025-08-12,good,False,low,False,4.4.0,build_E2,system,True,2025-12-13 23:51:00,customer_self_serve,111.0
evt_SYN002274,sub_SYN01453,2026-03-22 23:53:00,22,7,insufficient_fund,1413.0,0,,352,saas,1413,credit_card,tier_2,2025-04-04,good,False,medium,False,4.2.0,build_C3,dark,False,,none,0.0
evt_SYN002275,sub_SYN01454,2026-04-07 12:36:00,7,4,insufficient_fund,446.0,0,,615,mid,446,debit_card,tier_2,2024-07-31,good,True,low,False,4.2.0,build_C3,light,True,2026-04-07 23:42:00,auto_retry,446.0
evt_SYN002276,sub_SYN01455,2025-07-07 10:07:00,7,4,insufficient_fund,113.0,0,,48,mobile,113,debit_card,tier_1,2025-05-20,good,False,low,False,4.4.0,build_C3,dark,True,2025-07-10 12:21:00,auto_retry,113.0
evt_SYN002279,sub_SYN01458,2026-03-31 23:02:00,31,0,insufficient_fund,181.0,0,,18,mobile,181,upi_autopay,tier_1,2026-03-13,good,False,high,True,5.1.2,build_C3,light,False,,none,0.0
evt_SYN002288,sub_SYN01463,2025-09-06 08:20:00,6,3,insufficient_fund,417.0,0,,367,mid,417,credit_card,tier_3,2024-09-04,good,False,high,False,4.3.1,build_B7,dark,True,2025-09-08 05:48:00,customer_self_serve,376.23
evt_SYN002289,sub_SYN01464,2025-04-13 05:19:00,13,10,insufficient_fund,148.0,0,,253,mobile,148,upi_autopay,tier_1,2024-08-03,poor,True,low,False,4.2.0,build_E2,system,False,,none,0.0
evt_SYN002290,sub_SYN01464,2025-05-09 05:59:00,9,6,insufficient_fund,148.0,1,0.0,279,mobile,148,upi_autopay,tier_1,2024-08-03,good,False,medium,False,4.3.1,build_B7,system,True,2025-05-10 17:37:00,auto_retry,148.0
evt_SYN002291,sub_SYN01464,2025-06-06 06:53:00,6,3,insufficient_fund,148.0,2,0.0,307,mobile,148,upi_autopay,tier_1,2024-08-03,good,False,low,False,4.3.1,build_A1,system,False,,none,0.0
evt_SYN002294,sub_SYN01466,2026-04-05 20:47:00,5,2,insufficient_fund,161.0,0,,92,mobile,161,upi_autopay,tier_1,2026-01-03,good,False,medium,False,4.2.0,build_E2,light,True,2026-04-08 00:02:00,customer_self_serve,161.0
evt_SYN002295,sub_SYN01467,2026-06-10 19:14:00,10,7,insufficient_fund,80.0,0,,136,mobile,80,credit_card,tier_2,2026-01-25,degraded,False,high,False,5.1.2,build_E2,light,True,2026-06-10 22:22:00,customer_self_serve,80.0
evt_SYN002299,sub_SYN01470,2026-03-15 12:46:00,15,12,insufficient_fund,367.0,0,,47,mid,367,debit_card,tier_3,2026-01-27,good,False,medium,False,4.4.0,build_B7,dark,False,,none,0.0
evt_SYN002300,sub_SYN01471,2025-12-21 22:42:00,21,8,insufficient_fund,497.0,0,,408,mid,497,credit_card,tier_1,2024-11-08,good,False,medium,False,4.3.1,build_B7,system,True,2025-12-22 13:27:00,auto_retry,497.0
evt_SYN002301,sub_SYN01472,2026-05-17 10:55:00,17,12,insufficient_fund,122.0,0,,233,mobile,122,debit_card,tier_2,2025-09-26,good,False,medium,False,4.3.1,build_C3,dark,True,2026-05-18 15:19:00,auto_retry,122.0
evt_SYN002302,sub_SYN01473,2026-05-06 09:10:00,6,3,insufficient_fund,4263.0,0,,297,saas,4263,netbanking,tier_1,2025-07-13,good,False,low,False,4.2.0,build_A1,system,True,2026-05-15 17:06:00,customer_self_serve,4263.0
evt_SYN002303,sub_SYN01474,2026-01-17 07:05:00,17,12,insufficient_fund,374.0,0,,137,mid,374,netbanking,tier_2,2025-09-02,good,False,medium,False,5.1.2,build_B7,dark,True,2026-01-21 05:22:00,auto_retry,374.0
evt_SYN002304,sub_SYN01474,2026-02-15 17:00:00,15,11,insufficient_fund,374.0,1,0.0,166,mid,374,netbanking,tier_2,2025-09-02,good,False,low,False,4.2.0,build_A1,dark,True,2026-02-18 16:37:00,auto_retry,374.0
evt_SYN002305,sub_SYN01475,2026-02-10 09:38:00,10,7,insufficient_fund,805.0,0,,254,premium,805,credit_card,tier_2,2025-06-01,good,False,low,False,4.3.1,build_A1,dark,True,2026-02-21 16:05:00,auto_retry,805.0
evt_SYN002306,sub_SYN01475,2026-03-08 10:18:00,8,5,insufficient_fund,805.0,1,0.0,280,premium,805,credit_card,tier_2,2025-06-01,poor,False,medium,False,5.0.0,build_C3,light,True,2026-03-17 04:25:00,auto_retry,805.0
evt_SYN002308,sub_SYN01477,2026-02-23 22:31:00,23,3,insufficient_fund,803.0,0,,95,premium,803,credit_card,tier_1,2025-11-20,good,False,low,True,5.1.2,build_E2,light,False,,none,0.0
evt_SYN002312,sub_SYN01481,2025-06-09 06:32:00,9,6,insufficient_fund,110.0,0,,285,mobile,110,debit_card,tier_2,2024-08-28,degraded,False,medium,False,4.2.0,build_A1,system,True,2025-06-11 12:10:00,customer_self_serve,110.0
evt_SYN002313,sub_SYN01481,2025-12-06 09:39:00,6,3,insufficient_fund,110.0,1,1.0,465,mobile,110,debit_card,tier_2,2024-08-28,good,False,medium,False,4.3.1,build_B7,light,True,2025-12-07 06:16:00,auto_retry,110.0
evt_SYN002317,sub_SYN01484,2026-05-25 20:07:00,25,4,insufficient_fund,124.0,0,,199,mobile,124,upi_autopay,tier_3,2025-11-07,degraded,False,low,False,4.2.0,build_A1,system,False,,none,0.0
evt_SYN002318,sub_SYN01484,2026-06-21 06:53:00,21,7,insufficient_fund,124.0,1,0.0,226,mobile,124,upi_autopay,tier_3,2025-11-07,good,False,high,False,4.3.1,build_E2,system,True,2026-06-24 17:04:00,auto_retry,124.0
evt_SYN002319,sub_SYN01484,2026-07-24 04:15:00,24,5,insufficient_fund,124.0,2,0.0,259,mobile,124,upi_autopay,tier_3,2025-11-07,poor,False,low,False,5.1.2,build_E2,system,True,2026-07-27 23:19:00,auto_retry,124.0
evt_SYN002320,sub_SYN01485,2025-01-22 07:27:00,22,7,insufficient_fund,86.0,0,,59,mobile,86,debit_card,tier_1,2024-11-24,degraded,False,high,False,5.1.2,build_C3,light,True,2025-01-27 01:29:00,auto_retry,86.0
evt_SYN002321,sub_SYN01486,2026-04-29 19:25:00,29,0,insufficient_fund,126.0,0,,153,mobile,126,credit_card,tier_2,2025-11-27,good,False,high,False,5.1.2,build_B7,light,False,,none,0.0
evt_SYN002322,sub_SYN01487,2026-05-29 06:53:00,29,0,insufficient_fund,468.0,0,,11,mid,468,debit_card,tier_1,2026-05-18,poor,False,low,False,4.3.1,build_A1,light,True,2026-05-30 18:40:00,auto_retry,468.0
evt_SYN002323,sub_SYN01488,2026-04-05 21:52:00,5,2,insufficient_fund,135.0,0,,56,mobile,135,netbanking,tier_1,2026-02-08,good,False,high,False,4.3.1,build_E2,light,True,2026-04-08 06:36:00,auto_retry,135.0
evt_SYN002324,sub_SYN01488,2026-04-20 19:42:00,20,8,insufficient_fund,135.0,1,0.0,71,mobile,135,netbanking,tier_1,2026-02-08,poor,False,low,False,4.3.1,build_A1,light,True,2026-04-29 11:44:00,auto_retry,135.0
evt_SYN002325,sub_SYN01489,2026-05-30 07:30:00,30,0,insufficient_fund,324.0,0,,14,mid,324,debit_card,tier_2,2026-05-16,degraded,False,high,True,5.1.2,build_B7,dark,True,2026-05-31 02:43:00,customer_self_serve,324.0
evt_SYN002332,sub_SYN01494,2025-12-31 16:47:00,31,0,insufficient_fund,302.0,0,,478,mid,302,debit_card,tier_1,2024-09-09,good,False,low,False,4.4.0,build_A1,light,True,2026-01-01 08:34:00,customer_self_serve,295.74
evt_SYN002336,sub_SYN01496,2025-12-17 03:15:00,17,12,insufficient_fund,485.0,0,,67,mid,485,debit_card,tier_2,2025-10-11,degraded,True,low,False,4.4.0,build_C3,light,True,2025-12-28 12:33:00,customer_self_serve,485.0
evt_SYN002337,sub_SYN01496,2026-01-28 16:24:00,28,1,insufficient_fund,485.0,1,1.0,109,mid,485,debit_card,tier_2,2025-10-11,good,False,medium,False,4.3.1,build_D9,light,True,2026-02-11 16:24:00,auto_retry,429.86
evt_SYN002338,sub_SYN01496,2026-02-16 22:32:00,16,10,insufficient_fund,485.0,2,0.5,128,mid,485,debit_card,tier_2,2025-10-11,good,False,low,False,4.4.0,build_C3,system,False,,none,0.0
evt_SYN002339,sub_SYN01497,2025-12-04 00:59:00,4,1,insufficient_fund,166.0,0,,173,mobile,166,upi_autopay,tier_2,2025-06-14,good,False,low,False,4.3.1,build_B7,light,True,2025-12-09 21:46:00,auto_retry,166.0
evt_SYN002340,sub_SYN01497,2026-01-03 20:25:00,3,0,insufficient_fund,166.0,1,0.0,203,mobile,166,upi_autopay,tier_2,2025-06-14,degraded,False,medium,False,5.0.0,build_B7,system,True,2026-01-05 19:17:00,auto_retry,162.62
evt_SYN002341,sub_SYN01497,2026-01-26 10:29:00,26,3,insufficient_fund,166.0,2,0.0,226,mobile,166,upi_autopay,tier_2,2025-06-14,good,False,low,False,4.2.0,build_B7,dark,False,,none,0.0
evt_SYN002342,sub_SYN01498,2025-11-23 03:01:00,23,5,insufficient_fund,3171.0,0,,274,saas,3171,upi_autopay,tier_3,2025-02-22,poor,False,low,False,4.2.0,build_D9,light,True,2025-11-25 19:00:00,auto_retry,3171.0
evt_SYN002343,sub_SYN01499,2026-05-25 21:37:00,25,4,insufficient_fund,135.0,0,,10,mobile,135,upi_autopay,tier_2,2026-05-15,good,False,medium,False,5.1.2,build_B7,dark,True,2026-05-31 20:17:00,auto_retry,135.0
