counterfactual_id,event_id,subscription_id,candidate_type,candidate_datetime,recovery_probability_latent,recovered_within_14d,recovered_at,recovered_via,amount_recovered
cfo_SYN000000,evt_SYN000000,sub_SYN00000,immediate,2026-01-03 21:17:00,0.503213,False,,none,0.0
cfo_SYN000001,evt_SYN000000,sub_SYN00000,plus_1_day_morning,2026-01-04 09:20:00,0.44812,True,2026-01-04 23:09:00,auto_retry,754.0
cfo_SYN000002,evt_SYN000000,sub_SYN00000,payday_window,2026-01-29 10:00:00,0.797299,False,,none,0.0
cfo_SYN000003,evt_SYN000000,sub_SYN00000,plus_3_days,2026-01-06 16:51:00,0.482896,False,,none,0.0
cfo_SYN000004,evt_SYN000000,sub_SYN00000,month_end_window,2026-01-31 18:00:00,0.53208,False,,none,0.0
cfo_SYN000005,evt_SYN000001,sub_SYN00000,immediate,2026-02-01 06:23:00,0.917244,False,,none,0.0
cfo_SYN000006,evt_SYN000001,sub_SYN00000,plus_1_day_morning,2026-02-02 11:49:00,0.425778,False,,none,0.0
cfo_SYN000007,evt_SYN000001,sub_SYN00000,payday_window,2026-02-02 10:00:00,0.476381,False,,none,0.0
cfo_SYN000008,evt_SYN000001,sub_SYN00000,plus_3_days,2026-02-04 10:06:00,0.500879,False,,none,0.0
cfo_SYN000009,evt_SYN000001,sub_SYN00000,month_end_window,2026-02-28 18:00:00,0.511957,False,,none,0.0
cfo_SYN000010,evt_SYN000002,sub_SYN00000,immediate,2026-03-02 16:51:00,0.551081,True,2026-03-09 12:34:00,auto_retry,754.0
cfo_SYN000011,evt_SYN000002,sub_SYN00000,plus_1_day_morning,2026-03-03 11:23:00,0.302672,False,,none,0.0
cfo_SYN000012,evt_SYN000002,sub_SYN00000,payday_window,2026-03-03 10:00:00,0.422973,False,,none,0.0
cfo_SYN000013,evt_SYN000002,sub_SYN00000,plus_3_days,2026-03-05 16:59:00,0.807262,True,2026-03-10 02:08:00,customer_self_serve,745.52
cfo_SYN000014,evt_SYN000002,sub_SYN00000,month_end_window,2026-03-31 18:00:00,0.769834,False,,none,0.0
cfo_SYN000015,evt_SYN000003,sub_SYN00000,immediate,2026-03-28 08:04:00,0.506988,True,2026-04-11 07:22:00,auto_retry,754.0
cfo_SYN000016,evt_SYN000003,sub_SYN00000,plus_1_day_morning,2026-03-29 08:59:00,0.372667,False,,none,0.0
cfo_SYN000017,evt_SYN000003,sub_SYN00000,payday_window,2026-03-29 10:00:00,0.484058,False,,none,0.0
cfo_SYN000018,evt_SYN000003,sub_SYN00000,plus_3_days,2026-03-31 12:28:00,0.418352,False,,none,0.0
cfo_SYN000019,evt_SYN000003,sub_SYN00000,month_end_window,2026-03-31 18:00:00,0.917253,True,2026-04-05 18:12:00,customer_self_serve,700.85
cfo_SYN000020,evt_SYN000004,sub_SYN00001,immediate,2025-12-11 17:54:00,0.881232,True,2025-12-14 01:58:00,auto_retry,4304.0
cfo_SYN000021,evt_SYN000004,sub_SYN00001,plus_1_day_morning,2025-12-12 10:16:00,0.784511,True,2025-12-12 16:28:00,auto_retry,4304.0
cfo_SYN000022,evt_SYN000004,sub_SYN00001,payday_window,2025-12-29 10:00:00,0.786908,False,,none,0.0
cfo_SYN000023,evt_SYN000004,sub_SYN00001,plus_3_days,2025-12-14 16:41:00,0.947782,True,2025-12-15 01:44:00,auto_retry,4304.0
cfo_SYN000024,evt_SYN000004,sub_SYN00001,month_end_window,2025-12-31 18:00:00,0.840981,False,,none,0.0
cfo_SYN000025,evt_SYN000005,sub_SYN00002,immediate,2026-06-05 01:01:00,0.341734,False,,none,0.0
cfo_SYN000026,evt_SYN000005,sub_SYN00002,plus_1_day_morning,2026-06-06 09:03:00,0.678489,False,,none,0.0
cfo_SYN000027,evt_SYN000005,sub_SYN00002,payday_window,2026-06-28 10:00:00,0.732006,False,,none,0.0
cfo_SYN000028,evt_SYN000005,sub_SYN00002,plus_3_days,2026-06-08 11:59:00,0.326069,False,,none,0.0
cfo_SYN000029,evt_SYN000005,sub_SYN00002,month_end_window,2026-06-30 18:00:00,0.694362,False,,none,0.0
cfo_SYN000030,evt_SYN000006,sub_SYN00002,immediate,2026-06-29 15:18:00,0.448538,True,2026-07-13 14:15:00,customer_self_serve,323.0
cfo_SYN000031,evt_SYN000006,sub_SYN00002,plus_1_day_morning,2026-06-30 10:53:00,0.325207,False,,none,0.0
cfo_SYN000032,evt_SYN000006,sub_SYN00002,payday_window,2026-06-30 10:00:00,0.168499,False,,none,0.0
cfo_SYN000033,evt_SYN000006,sub_SYN00002,plus_3_days,2026-07-02 16:47:00,0.444463,True,2026-07-03 14:25:00,customer_self_serve,323.0
cfo_SYN000034,evt_SYN000006,sub_SYN00002,month_end_window,2026-06-30 18:00:00,0.577566,False,,none,0.0
cfo_SYN000035,evt_SYN000007,sub_SYN00002,immediate,2026-08-02 21:29:00,0.444047,False,,none,0.0
cfo_SYN000036,evt_SYN000007,sub_SYN00002,plus_1_day_morning,2026-08-03 09:37:00,0.355022,True,2026-08-05 04:42:00,customer_self_serve,323.0
cfo_SYN000037,evt_SYN000007,sub_SYN00002,payday_window,2026-08-03 10:00:00,0.791265,True,2026-08-10 04:21:00,customer_self_serve,323.0
cfo_SYN000038,evt_SYN000007,sub_SYN00002,plus_3_days,2026-08-05 12:53:00,0.384178,True,2026-08-05 18:15:00,customer_self_serve,323.0
cfo_SYN000039,evt_SYN000007,sub_SYN00002,month_end_window,2026-08-31 18:00:00,0.652376,False,,none,0.0
cfo_SYN000040,evt_SYN000008,sub_SYN00003,immediate,2025-07-13 00:37:00,0.688875,True,2025-07-21 23:11:00,auto_retry,84.47
cfo_SYN000041,evt_SYN000008,sub_SYN00003,plus_1_day_morning,2025-07-14 11:52:00,0.794774,True,2025-07-18 04:44:00,customer_self_serve,87.24
cfo_SYN000042,evt_SYN000008,sub_SYN00003,payday_window,2025-07-29 10:00:00,0.946889,False,,none,0.0
cfo_SYN000043,evt_SYN000008,sub_SYN00003,plus_3_days,2025-07-16 10:42:00,0.796154,True,2025-07-16 11:54:00,auto_retry,96.0
cfo_SYN000044,evt_SYN000008,sub_SYN00003,month_end_window,2025-07-31 18:00:00,0.889712,False,,none,0.0
cfo_SYN000045,evt_SYN000009,sub_SYN00003,immediate,2025-08-16 22:23:00,0.703386,True,2025-08-18 04:51:00,auto_retry,83.75
cfo_SYN000046,evt_SYN000009,sub_SYN00003,plus_1_day_morning,2025-08-17 10:20:00,0.342692,False,,none,0.0
cfo_SYN000047,evt_SYN000009,sub_SYN00003,payday_window,2025-08-29 10:00:00,0.787482,True,2025-08-30 20:25:00,auto_retry,87.16
cfo_SYN000048,evt_SYN000009,sub_SYN00003,plus_3_days,2025-08-19 18:30:00,0.785907,True,2025-08-23 03:01:00,auto_retry,96.0
cfo_SYN000049,evt_SYN000009,sub_SYN00003,month_end_window,2025-08-31 18:00:00,0.94219,False,,none,0.0
cfo_SYN000050,evt_SYN000010,sub_SYN00004,immediate,2026-03-28 23:44:00,0.841632,True,2026-03-31 08:17:00,auto_retry,107.0
cfo_SYN000051,evt_SYN000010,sub_SYN00004,plus_1_day_morning,2026-03-29 08:40:00,0.898779,False,,none,0.0
cfo_SYN000052,evt_SYN000010,sub_SYN00004,payday_window,2026-03-29 10:00:00,0.880027,True,2026-03-30 03:12:00,auto_retry,107.0
cfo_SYN000053,evt_SYN000010,sub_SYN00004,plus_3_days,2026-03-31 14:13:00,0.855959,True,2026-04-02 00:26:00,auto_retry,107.0
cfo_SYN000054,evt_SYN000010,sub_SYN00004,month_end_window,2026-03-31 18:00:00,0.956846,True,2026-04-01 01:43:00,customer_self_serve,107.0
cfo_SYN000055,evt_SYN000011,sub_SYN00005,immediate,2026-04-07 13:07:00,0.073552,False,,none,0.0
cfo_SYN000056,evt_SYN000011,sub_SYN00005,plus_1_day_morning,2026-04-08 08:13:00,0.115223,False,,none,0.0
cfo_SYN000057,evt_SYN000011,sub_SYN00005,payday_window,2026-04-28 10:00:00,0.127796,False,,none,0.0
cfo_SYN000058,evt_SYN000011,sub_SYN00005,plus_3_days,2026-04-10 14:02:00,0.099764,False,,none,0.0
cfo_SYN000059,evt_SYN000011,sub_SYN00005,month_end_window,2026-04-30 18:00:00,0.304573,False,,none,0.0
cfo_SYN000060,evt_SYN000012,sub_SYN00006,immediate,2026-03-13 20:50:00,0.742831,False,,none,0.0
cfo_SYN000061,evt_SYN000012,sub_SYN00006,plus_1_day_morning,2026-03-14 11:56:00,0.605958,True,2026-03-23 07:09:00,customer_self_serve,160.0
cfo_SYN000062,evt_SYN000012,sub_SYN00006,payday_window,2026-03-29 10:00:00,0.478861,False,,none,0.0
cfo_SYN000063,evt_SYN000012,sub_SYN00006,plus_3_days,2026-03-16 18:19:00,0.839097,True,2026-03-22 10:07:00,auto_retry,160.0
cfo_SYN000064,evt_SYN000012,sub_SYN00006,month_end_window,2026-03-31 18:00:00,0.499435,False,,none,0.0
cfo_SYN000065,evt_SYN000013,sub_SYN00006,immediate,2026-04-04 06:39:00,0.304311,False,,none,0.0
cfo_SYN000066,evt_SYN000013,sub_SYN00006,plus_1_day_morning,2026-04-05 11:22:00,0.37626,True,2026-04-08 13:59:00,customer_self_serve,160.0
cfo_SYN000067,evt_SYN000013,sub_SYN00006,payday_window,2026-04-28 10:00:00,0.613403,False,,none,0.0
cfo_SYN000068,evt_SYN000013,sub_SYN00006,plus_3_days,2026-04-07 17:07:00,0.728682,True,2026-04-10 20:24:00,auto_retry,160.0
cfo_SYN000069,evt_SYN000013,sub_SYN00006,month_end_window,2026-04-30 18:00:00,0.562427,False,,none,0.0
cfo_SYN000070,evt_SYN000014,sub_SYN00007,immediate,2026-03-26 19:54:00,0.606187,False,,none,0.0
cfo_SYN000071,evt_SYN000014,sub_SYN00007,plus_1_day_morning,2026-03-27 10:55:00,0.229899,False,,none,0.0
cfo_SYN000072,evt_SYN000014,sub_SYN00007,payday_window,2026-03-29 10:00:00,0.872446,False,,none,0.0
cfo_SYN000073,evt_SYN000014,sub_SYN00007,plus_3_days,2026-03-29 10:24:00,0.49355,False,,none,0.0
cfo_SYN000074,evt_SYN000014,sub_SYN00007,month_end_window,2026-03-31 18:00:00,0.318319,False,,none,0.0
cfo_SYN000075,evt_SYN000015,sub_SYN00007,immediate,2026-04-19 18:04:00,0.163159,False,,none,0.0
cfo_SYN000076,evt_SYN000015,sub_SYN00007,plus_1_day_morning,2026-04-20 09:39:00,0.419798,True,2026-05-03 16:06:00,auto_retry,311.0
cfo_SYN000077,evt_SYN000015,sub_SYN00007,payday_window,2026-04-28 10:00:00,0.278654,True,2026-04-29 04:29:00,customer_self_serve,311.0
cfo_SYN000078,evt_SYN000015,sub_SYN00007,plus_3_days,2026-04-22 10:43:00,0.517066,True,2026-04-23 13:02:00,customer_self_serve,311.0
cfo_SYN000079,evt_SYN000015,sub_SYN00007,month_end_window,2026-04-30 18:00:00,0.450144,True,2026-05-03 16:06:00,customer_self_serve,311.0
cfo_SYN000080,evt_SYN000016,sub_SYN00008,immediate,2025-09-15 11:48:00,0.900471,True,2025-09-16 03:14:00,auto_retry,163.17
cfo_SYN000081,evt_SYN000016,sub_SYN00008,plus_1_day_morning,2025-09-16 10:52:00,0.96319,True,2025-09-16 21:46:00,auto_retry,175.0
cfo_SYN000082,evt_SYN000016,sub_SYN00008,payday_window,2025-09-28 10:00:00,0.815331,True,2025-09-29 11:12:00,auto_retry,175.0
cfo_SYN000083,evt_SYN000016,sub_SYN00008,plus_3_days,2025-09-18 16:28:00,0.798919,True,2025-09-18 21:58:00,auto_retry,175.0
cfo_SYN000084,evt_SYN000016,sub_SYN00008,month_end_window,2025-09-30 18:00:00,0.979362,False,,none,0.0
cfo_SYN000085,evt_SYN000017,sub_SYN00009,immediate,2025-01-01 23:30:00,0.789169,True,2025-01-02 07:08:00,auto_retry,323.0
cfo_SYN000086,evt_SYN000017,sub_SYN00009,plus_1_day_morning,2025-01-02 09:50:00,0.900534,True,2025-01-02 19:52:00,customer_self_serve,323.0
cfo_SYN000087,evt_SYN000017,sub_SYN00009,payday_window,2025-01-02 10:00:00,0.718684,True,2025-01-04 10:33:00,auto_retry,323.0
cfo_SYN000088,evt_SYN000017,sub_SYN00009,plus_3_days,2025-01-04 11:39:00,0.910297,True,2025-01-05 11:23:00,auto_retry,300.87
cfo_SYN000089,evt_SYN000017,sub_SYN00009,month_end_window,2025-01-31 18:00:00,0.912866,False,,none,0.0
cfo_SYN000090,evt_SYN000018,sub_SYN00010,immediate,2026-06-11 14:38:00,0.948711,True,2026-06-11 15:58:00,auto_retry,352.0
cfo_SYN000091,evt_SYN000018,sub_SYN00010,plus_1_day_morning,2026-06-12 09:42:00,0.921041,True,2026-06-14 14:47:00,auto_retry,352.0
cfo_SYN000092,evt_SYN000018,sub_SYN00010,payday_window,2026-06-28 10:00:00,0.946528,False,,none,0.0
cfo_SYN000093,evt_SYN000018,sub_SYN00010,plus_3_days,2026-06-14 12:17:00,0.959961,True,2026-06-15 05:34:00,auto_retry,352.0
cfo_SYN000094,evt_SYN000018,sub_SYN00010,month_end_window,2026-06-30 18:00:00,0.877892,False,,none,0.0
cfo_SYN000095,evt_SYN000019,sub_SYN00011,immediate,2026-05-31 02:01:00,0.105218,False,,none,0.0
cfo_SYN000096,evt_SYN000019,sub_SYN00011,plus_1_day_morning,2026-06-01 11:51:00,0.22647,True,2026-06-06 18:11:00,customer_self_serve,484.0
cfo_SYN000097,evt_SYN000019,sub_SYN00011,payday_window,2026-06-01 10:00:00,0.024491,False,,none,0.0
cfo_SYN000098,evt_SYN000019,sub_SYN00011,plus_3_days,2026-06-03 15:39:00,0.139939,False,,none,0.0
cfo_SYN000099,evt_SYN000019,sub_SYN00011,month_end_window,2026-06-30 18:00:00,0.176959,False,,none,0.0
cfo_SYN000100,evt_SYN000020,sub_SYN00012,immediate,2026-05-24 14:30:00,0.946381,True,2026-05-25 00:46:00,auto_retry,145.0
cfo_SYN000101,evt_SYN000020,sub_SYN00012,plus_1_day_morning,2026-05-25 09:15:00,0.874998,True,2026-05-28 17:26:00,auto_retry,145.0
cfo_SYN000102,evt_SYN000020,sub_SYN00012,payday_window,2026-05-29 10:00:00,0.833989,True,2026-05-29 13:55:00,auto_retry,145.0
cfo_SYN000103,evt_SYN000020,sub_SYN00012,plus_3_days,2026-05-27 14:37:00,0.840058,True,2026-05-29 02:46:00,auto_retry,145.0
cfo_SYN000104,evt_SYN000020,sub_SYN00012,month_end_window,2026-05-31 18:00:00,0.963718,True,2026-06-04 16:17:00,auto_retry,145.0
cfo_SYN000105,evt_SYN000021,sub_SYN00012,immediate,2026-07-07 22:57:00,0.869661,True,2026-07-09 11:36:00,auto_retry,145.0
cfo_SYN000106,evt_SYN000021,sub_SYN00012,plus_1_day_morning,2026-07-08 08:46:00,0.914909,True,2026-07-12 01:54:00,auto_retry,145.0
cfo_SYN000107,evt_SYN000021,sub_SYN00012,payday_window,2026-07-29 10:00:00,0.881182,False,,none,0.0
cfo_SYN000108,evt_SYN000021,sub_SYN00012,plus_3_days,2026-07-10 13:52:00,0.794386,True,2026-07-11 05:55:00,auto_retry,138.12
cfo_SYN000109,evt_SYN000021,sub_SYN00012,month_end_window,2026-07-31 18:00:00,0.974431,False,,none,0.0
cfo_SYN000110,evt_SYN000022,sub_SYN00013,immediate,2026-06-03 20:18:00,0.359173,True,2026-06-08 20:55:00,auto_retry,851.0
cfo_SYN000111,evt_SYN000022,sub_SYN00013,plus_1_day_morning,2026-06-04 11:37:00,0.598775,False,,none,0.0
cfo_SYN000112,evt_SYN000022,sub_SYN00013,payday_window,2026-06-28 10:00:00,0.390359,False,,none,0.0
cfo_SYN000113,evt_SYN000022,sub_SYN00013,plus_3_days,2026-06-06 14:11:00,0.487811,True,2026-06-09 02:45:00,customer_self_serve,769.54
cfo_SYN000114,evt_SYN000022,sub_SYN00013,month_end_window,2026-06-30 18:00:00,0.497036,False,,none,0.0
cfo_SYN000115,evt_SYN000023,sub_SYN00013,immediate,2026-06-20 22:20:00,0.112448,False,,none,0.0
cfo_SYN000116,evt_SYN000023,sub_SYN00013,plus_1_day_morning,2026-06-21 11:22:00,0.411996,True,2026-06-25 16:18:00,auto_retry,851.0
cfo_SYN000117,evt_SYN000023,sub_SYN00013,payday_window,2026-06-28 10:00:00,0.595387,True,2026-07-02 02:28:00,auto_retry,851.0
cfo_SYN000118,evt_SYN000023,sub_SYN00013,plus_3_days,2026-06-23 09:14:00,0.690996,False,,none,0.0
cfo_SYN000119,evt_SYN000023,sub_SYN00013,month_end_window,2026-06-30 18:00:00,0.904328,True,2026-07-04 21:30:00,auto_retry,851.0
cfo_SYN000120,evt_SYN000024,sub_SYN00013,immediate,2026-08-02 16:20:00,0.032085,False,,none,0.0
cfo_SYN000121,evt_SYN000024,sub_SYN00013,plus_1_day_morning,2026-08-03 10:59:00,0.840849,True,2026-08-07 14:48:00,auto_retry,851.0
cfo_SYN000122,evt_SYN000024,sub_SYN00013,payday_window,2026-08-03 10:00:00,0.428344,False,,none,0.0
cfo_SYN000123,evt_SYN000024,sub_SYN00013,plus_3_days,2026-08-05 19:31:00,0.594979,True,2026-08-08 17:47:00,auto_retry,851.0
cfo_SYN000124,evt_SYN000024,sub_SYN00013,month_end_window,2026-08-31 18:00:00,0.862373,False,,none,0.0
cfo_SYN000125,evt_SYN000025,sub_SYN00013,immediate,2026-08-26 17:24:00,0.351498,False,,none,0.0
cfo_SYN000126,evt_SYN000025,sub_SYN00013,plus_1_day_morning,2026-08-27 11:02:00,0.184801,False,,none,0.0
cfo_SYN000127,evt_SYN000025,sub_SYN00013,payday_window,2026-08-29 10:00:00,0.65016,True,2026-09-05 20:14:00,customer_self_serve,851.0
cfo_SYN000128,evt_SYN000025,sub_SYN00013,plus_3_days,2026-08-29 15:28:00,0.885252,True,2026-09-09 16:16:00,auto_retry,851.0
cfo_SYN000129,evt_SYN000025,sub_SYN00013,month_end_window,2026-08-31 18:00:00,0.515976,False,,none,0.0
cfo_SYN000130,evt_SYN000026,sub_SYN00014,immediate,2026-04-14 05:26:00,0.842386,True,2026-04-14 08:28:00,auto_retry,785.0
cfo_SYN000131,evt_SYN000026,sub_SYN00014,plus_1_day_morning,2026-04-15 11:39:00,0.736599,True,2026-04-15 18:48:00,auto_retry,785.0
cfo_SYN000132,evt_SYN000026,sub_SYN00014,payday_window,2026-04-28 10:00:00,0.554494,False,,none,0.0
cfo_SYN000133,evt_SYN000026,sub_SYN00014,plus_3_days,2026-04-17 16:41:00,0.796613,True,2026-04-18 14:08:00,auto_retry,785.0
cfo_SYN000134,evt_SYN000026,sub_SYN00014,month_end_window,2026-04-30 18:00:00,0.684778,False,,none,0.0
cfo_SYN000135,evt_SYN000027,sub_SYN00015,immediate,2025-05-10 22:26:00,0.925424,True,2025-05-12 01:31:00,auto_retry,798.24
cfo_SYN000136,evt_SYN000027,sub_SYN00015,plus_1_day_morning,2025-05-11 08:17:00,0.94959,True,2025-05-13 07:01:00,auto_retry,850.0
cfo_SYN000137,evt_SYN000027,sub_SYN00015,payday_window,2025-05-29 10:00:00,0.968794,False,,none,0.0
cfo_SYN000138,evt_SYN000027,sub_SYN00015,plus_3_days,2025-05-13 17:37:00,0.758106,True,2025-05-14 06:24:00,auto_retry,850.0
cfo_SYN000139,evt_SYN000027,sub_SYN00015,month_end_window,2025-05-31 18:00:00,0.82478,False,,none,0.0
cfo_SYN000140,evt_SYN000028,sub_SYN00016,immediate,2026-03-18 09:51:00,0.721719,True,2026-03-20 11:34:00,auto_retry,90.0
cfo_SYN000141,evt_SYN000028,sub_SYN00016,plus_1_day_morning,2026-03-19 11:58:00,0.965075,False,,none,0.0
cfo_SYN000142,evt_SYN000028,sub_SYN00016,payday_window,2026-03-29 10:00:00,0.813737,True,2026-04-01 09:19:00,auto_retry,90.0
cfo_SYN000143,evt_SYN000028,sub_SYN00016,plus_3_days,2026-03-21 15:13:00,0.738011,True,2026-03-24 11:11:00,auto_retry,90.0
cfo_SYN000144,evt_SYN000028,sub_SYN00016,month_end_window,2026-03-31 18:00:00,0.961776,True,2026-04-01 09:19:00,auto_retry,83.48
cfo_SYN000145,evt_SYN000029,sub_SYN00016,immediate,2026-04-13 16:21:00,0.664109,False,,none,0.0
cfo_SYN000146,evt_SYN000029,sub_SYN00016,plus_1_day_morning,2026-04-14 08:25:00,0.705328,True,2026-04-16 05:52:00,auto_retry,90.0
cfo_SYN000147,evt_SYN000029,sub_SYN00016,payday_window,2026-04-28 10:00:00,0.847031,False,,none,0.0
cfo_SYN000148,evt_SYN000029,sub_SYN00016,plus_3_days,2026-04-16 18:31:00,0.759555,True,2026-04-17 11:19:00,auto_retry,90.0
cfo_SYN000149,evt_SYN000029,sub_SYN00016,month_end_window,2026-04-30 18:00:00,0.97602,False,,none,0.0
cfo_SYN000150,evt_SYN000030,sub_SYN00016,immediate,2026-05-15 12:07:00,0.18035,False,,none,0.0
cfo_SYN000151,evt_SYN000030,sub_SYN00016,plus_1_day_morning,2026-05-16 08:21:00,0.666563,True,2026-05-18 07:04:00,auto_retry,90.0
cfo_SYN000152,evt_SYN000030,sub_SYN00016,payday_window,2026-05-29 10:00:00,0.976055,True,2026-05-29 11:35:00,auto_retry,90.0
cfo_SYN000153,evt_SYN000030,sub_SYN00016,plus_3_days,2026-05-18 16:42:00,0.433818,True,2026-05-21 15:15:00,auto_retry,90.0
cfo_SYN000154,evt_SYN000030,sub_SYN00016,month_end_window,2026-05-31 18:00:00,0.939978,False,,none,0.0
cfo_SYN000155,evt_SYN000031,sub_SYN00017,immediate,2025-11-23 15:41:00,0.733407,False,,none,0.0
cfo_SYN000156,evt_SYN000031,sub_SYN00017,plus_1_day_morning,2025-11-24 08:42:00,0.842725,True,2025-11-25 05:56:00,auto_retry,129.0
cfo_SYN000157,evt_SYN000031,sub_SYN00017,payday_window,2025-11-28 10:00:00,0.971507,True,2025-11-30 01:35:00,auto_retry,129.0
cfo_SYN000158,evt_SYN000031,sub_SYN00017,plus_3_days,2025-11-26 10:03:00,0.940812,True,2025-11-26 16:50:00,auto_retry,129.0
cfo_SYN000159,evt_SYN000031,sub_SYN00017,month_end_window,2025-11-30 18:00:00,0.907798,True,2025-12-01 08:19:00,auto_retry,129.0
cfo_SYN000160,evt_SYN000032,sub_SYN00018,immediate,2025-11-24 06:35:00,0.470821,True,2025-11-27 08:34:00,customer_self_serve,1661.0
cfo_SYN000161,evt_SYN000032,sub_SYN00018,plus_1_day_morning,2025-11-25 10:14:00,0.15884,False,,none,0.0
cfo_SYN000162,evt_SYN000032,sub_SYN00018,payday_window,2025-11-28 10:00:00,0.771844,True,2025-12-05 22:37:00,customer_self_serve,1661.0
cfo_SYN000163,evt_SYN000032,sub_SYN00018,plus_3_days,2025-11-27 11:14:00,0.647035,False,,none,0.0
cfo_SYN000164,evt_SYN000032,sub_SYN00018,month_end_window,2025-11-30 18:00:00,0.203328,False,,none,0.0
cfo_SYN000165,evt_SYN000033,sub_SYN00018,immediate,2025-12-14 08:15:00,0.393859,False,,none,0.0
cfo_SYN000166,evt_SYN000033,sub_SYN00018,plus_1_day_morning,2025-12-15 08:00:00,0.2448,False,,none,0.0
cfo_SYN000167,evt_SYN000033,sub_SYN00018,payday_window,2025-12-29 10:00:00,0.294509,False,,none,0.0
cfo_SYN000168,evt_SYN000033,sub_SYN00018,plus_3_days,2025-12-17 13:01:00,0.532957,False,,none,0.0
cfo_SYN000169,evt_SYN000033,sub_SYN00018,month_end_window,2025-12-31 18:00:00,0.503728,False,,none,0.0
cfo_SYN000170,evt_SYN000034,sub_SYN00018,immediate,2026-01-17 11:49:00,0.349012,True,2026-01-22 09:56:00,customer_self_serve,1412.41
cfo_SYN000171,evt_SYN000034,sub_SYN00018,plus_1_day_morning,2026-01-18 10:01:00,0.287059,True,2026-01-31 11:08:00,customer_self_serve,1661.0
cfo_SYN000172,evt_SYN000034,sub_SYN00018,payday_window,2026-01-29 10:00:00,0.246423,False,,none,0.0
cfo_SYN000173,evt_SYN000034,sub_SYN00018,plus_3_days,2026-01-20 15:37:00,0.572863,True,2026-01-25 04:51:00,customer_self_serve,1661.0
cfo_SYN000174,evt_SYN000034,sub_SYN00018,month_end_window,2026-01-31 18:00:00,0.635822,False,,none,0.0
cfo_SYN000175,evt_SYN000035,sub_SYN00019,immediate,2026-04-25 07:04:00,0.89794,True,2026-04-28 13:49:00,auto_retry,335.0
cfo_SYN000176,evt_SYN000035,sub_SYN00019,plus_1_day_morning,2026-04-26 10:48:00,0.888204,True,2026-04-26 12:19:00,auto_retry,335.0
cfo_SYN000177,evt_SYN000035,sub_SYN00019,payday_window,2026-04-28 10:00:00,0.98,True,2026-04-28 14:55:00,auto_retry,301.5
cfo_SYN000178,evt_SYN000035,sub_SYN00019,plus_3_days,2026-04-28 09:10:00,0.860825,True,2026-04-28 16:30:00,auto_retry,335.0
cfo_SYN000179,evt_SYN000035,sub_SYN00019,month_end_window,2026-04-30 18:00:00,0.975569,True,2026-05-07 04:07:00,auto_retry,335.0
cfo_SYN000180,evt_SYN000036,sub_SYN00019,immediate,2026-05-23 01:33:00,0.840531,True,2026-05-23 06:01:00,auto_retry,335.0
cfo_SYN000181,evt_SYN000036,sub_SYN00019,plus_1_day_morning,2026-05-24 10:52:00,0.815047,True,2026-06-02 08:09:00,customer_self_serve,335.0
cfo_SYN000182,evt_SYN000036,sub_SYN00019,payday_window,2026-05-29 10:00:00,0.637855,True,2026-06-01 16:12:00,auto_retry,335.0
cfo_SYN000183,evt_SYN000036,sub_SYN00019,plus_3_days,2026-05-26 19:34:00,0.934875,True,2026-06-02 22:20:00,auto_retry,335.0
cfo_SYN000184,evt_SYN000036,sub_SYN00019,month_end_window,2026-05-31 18:00:00,0.890384,True,2026-06-03 09:39:00,auto_retry,335.0
cfo_SYN000185,evt_SYN000037,sub_SYN00020,immediate,2026-05-27 19:25:00,0.334504,True,2026-05-30 20:53:00,auto_retry,166.0
cfo_SYN000186,evt_SYN000037,sub_SYN00020,plus_1_day_morning,2026-05-28 09:03:00,0.292817,False,,none,0.0
cfo_SYN000187,evt_SYN000037,sub_SYN00020,payday_window,2026-05-29 10:00:00,0.304812,True,2026-06-01 01:52:00,customer_self_serve,166.0
cfo_SYN000188,evt_SYN000037,sub_SYN00020,plus_3_days,2026-05-30 14:30:00,0.503186,False,,none,0.0
cfo_SYN000189,evt_SYN000037,sub_SYN00020,month_end_window,2026-05-31 18:00:00,0.810505,True,2026-06-05 06:02:00,auto_retry,166.0
cfo_SYN000190,evt_SYN000038,sub_SYN00020,immediate,2026-06-17 23:35:00,0.229482,False,,none,0.0
cfo_SYN000191,evt_SYN000038,sub_SYN00020,plus_1_day_morning,2026-06-18 11:48:00,0.139451,False,,none,0.0
cfo_SYN000192,evt_SYN000038,sub_SYN00020,payday_window,2026-06-28 10:00:00,0.764215,False,,none,0.0
cfo_SYN000193,evt_SYN000038,sub_SYN00020,plus_3_days,2026-06-20 12:54:00,0.300934,True,2026-06-30 02:39:00,auto_retry,166.0
cfo_SYN000194,evt_SYN000038,sub_SYN00020,month_end_window,2026-06-30 18:00:00,0.607949,True,2026-07-01 23:07:00,customer_self_serve,166.0
cfo_SYN000195,evt_SYN000039,sub_SYN00020,immediate,2026-07-27 00:57:00,0.511617,False,,none,0.0
cfo_SYN000196,evt_SYN000039,sub_SYN00020,plus_1_day_morning,2026-07-28 11:46:00,0.29204,False,,none,0.0
cfo_SYN000197,evt_SYN000039,sub_SYN00020,payday_window,2026-07-29 10:00:00,0.643787,False,,none,0.0
cfo_SYN000198,evt_SYN000039,sub_SYN00020,plus_3_days,2026-07-30 11:39:00,0.470886,True,2026-08-03 00:48:00,customer_self_serve,166.0
cfo_SYN000199,evt_SYN000039,sub_SYN00020,month_end_window,2026-07-31 18:00:00,0.453604,False,,none,0.0
cfo_SYN000200,evt_SYN000040,sub_SYN00021,immediate,2025-06-18 23:56:00,0.503179,True,2025-06-22 01:51:00,customer_self_serve,388.0
cfo_SYN000201,evt_SYN000040,sub_SYN00021,plus_1_day_morning,2025-06-19 11:09:00,0.711437,True,2025-06-21 21:34:00,auto_retry,354.52
cfo_SYN000202,evt_SYN000040,sub_SYN00021,payday_window,2025-06-28 10:00:00,0.900186,True,2025-06-28 14:04:00,customer_self_serve,388.0
cfo_SYN000203,evt_SYN000040,sub_SYN00021,plus_3_days,2025-06-21 11:18:00,0.877897,False,,none,0.0
cfo_SYN000204,evt_SYN000040,sub_SYN00021,month_end_window,2025-06-30 18:00:00,0.957189,True,2025-07-02 23:16:00,customer_self_serve,388.0
cfo_SYN000205,evt_SYN000041,sub_SYN00022,immediate,2026-05-03 14:01:00,0.227777,True,2026-05-07 21:37:00,customer_self_serve,325.0
cfo_SYN000206,evt_SYN000041,sub_SYN00022,plus_1_day_morning,2026-05-04 09:36:00,0.029585,False,,none,0.0
cfo_SYN000207,evt_SYN000041,sub_SYN00022,payday_window,2026-05-29 10:00:00,0.110933,False,,none,0.0
cfo_SYN000208,evt_SYN000041,sub_SYN00022,plus_3_days,2026-05-06 15:33:00,0.105419,True,2026-05-09 22:08:00,customer_self_serve,325.0
cfo_SYN000209,evt_SYN000041,sub_SYN00022,month_end_window,2026-05-31 18:00:00,0.086414,False,,none,0.0
cfo_SYN000210,evt_SYN000042,sub_SYN00023,immediate,2025-04-14 05:37:00,0.315301,False,,none,0.0
cfo_SYN000211,evt_SYN000042,sub_SYN00023,plus_1_day_morning,2025-04-15 08:55:00,0.202385,False,,none,0.0
cfo_SYN000212,evt_SYN000042,sub_SYN00023,payday_window,2025-04-28 10:00:00,0.455041,False,,none,0.0
cfo_SYN000213,evt_SYN000042,sub_SYN00023,plus_3_days,2025-04-17 11:06:00,0.227918,False,,none,0.0
cfo_SYN000214,evt_SYN000042,sub_SYN00023,month_end_window,2025-04-30 18:00:00,0.402156,False,,none,0.0
cfo_SYN000215,evt_SYN000043,sub_SYN00023,immediate,2025-05-08 17:11:00,0.122661,False,,none,0.0
cfo_SYN000216,evt_SYN000043,sub_SYN00023,plus_1_day_morning,2025-05-09 08:20:00,0.388464,True,2025-05-10 11:20:00,customer_self_serve,2374.0
cfo_SYN000217,evt_SYN000043,sub_SYN00023,payday_window,2025-05-29 10:00:00,0.475457,False,,none,0.0
cfo_SYN000218,evt_SYN000043,sub_SYN00023,plus_3_days,2025-05-11 18:16:00,0.388075,False,,none,0.0
cfo_SYN000219,evt_SYN000043,sub_SYN00023,month_end_window,2025-05-31 18:00:00,0.347779,False,,none,0.0
cfo_SYN000220,evt_SYN000044,sub_SYN00023,immediate,2025-06-03 06:42:00,0.412215,False,,none,0.0
cfo_SYN000221,evt_SYN000044,sub_SYN00023,plus_1_day_morning,2025-06-04 09:21:00,0.506338,False,,none,0.0
cfo_SYN000222,evt_SYN000044,sub_SYN00023,payday_window,2025-06-28 10:00:00,0.426321,False,,none,0.0
cfo_SYN000223,evt_SYN000044,sub_SYN00023,plus_3_days,2025-06-06 16:35:00,0.101646,False,,none,0.0
cfo_SYN000224,evt_SYN000044,sub_SYN00023,month_end_window,2025-06-30 18:00:00,0.435611,False,,none,0.0
cfo_SYN000225,evt_SYN000045,sub_SYN00024,immediate,2025-04-02 22:54:00,0.439116,False,,none,0.0
cfo_SYN000226,evt_SYN000045,sub_SYN00024,plus_1_day_morning,2025-04-03 08:55:00,0.090359,False,,none,0.0
cfo_SYN000227,evt_SYN000045,sub_SYN00024,payday_window,2025-04-03 10:00:00,0.477907,False,,none,0.0
cfo_SYN000228,evt_SYN000045,sub_SYN00024,plus_3_days,2025-04-05 10:57:00,0.506623,False,,none,0.0
cfo_SYN000229,evt_SYN000045,sub_SYN00024,month_end_window,2025-04-30 18:00:00,0.4263,False,,none,0.0
cfo_SYN000230,evt_SYN000046,sub_SYN00024,immediate,2025-05-12 19:13:00,0.297141,False,,none,0.0
cfo_SYN000231,evt_SYN000046,sub_SYN00024,plus_1_day_morning,2025-05-13 11:21:00,0.276529,False,,none,0.0
cfo_SYN000232,evt_SYN000046,sub_SYN00024,payday_window,2025-05-29 10:00:00,0.24748,False,,none,0.0
cfo_SYN000233,evt_SYN000046,sub_SYN00024,plus_3_days,2025-05-15 15:36:00,0.318022,False,,none,0.0
cfo_SYN000234,evt_SYN000046,sub_SYN00024,month_end_window,2025-05-31 18:00:00,0.779604,False,,none,0.0
cfo_SYN000235,evt_SYN000047,sub_SYN00024,immediate,2025-06-07 02:35:00,0.581181,False,,none,0.0
cfo_SYN000236,evt_SYN000047,sub_SYN00024,plus_1_day_morning,2025-06-08 08:31:00,0.699398,True,2025-06-11 09:10:00,auto_retry,197.0
cfo_SYN000237,evt_SYN000047,sub_SYN00024,payday_window,2025-06-28 10:00:00,0.770629,False,,none,0.0
cfo_SYN000238,evt_SYN000047,sub_SYN00024,plus_3_days,2025-06-10 16:15:00,0.746764,True,2025-06-21 01:52:00,customer_self_serve,197.0
cfo_SYN000239,evt_SYN000047,sub_SYN00024,month_end_window,2025-06-30 18:00:00,0.559551,False,,none,0.0
cfo_SYN000240,evt_SYN000048,sub_SYN00025,immediate,2026-05-31 14:07:00,0.844194,True,2026-06-03 23:05:00,auto_retry,1759.0
cfo_SYN000241,evt_SYN000048,sub_SYN00025,plus_1_day_morning,2026-06-01 10:09:00,0.821165,True,2026-06-03 14:59:00,customer_self_serve,1759.0
cfo_SYN000242,evt_SYN000048,sub_SYN00025,payday_window,2026-06-01 10:00:00,0.708663,False,,none,0.0
cfo_SYN000243,evt_SYN000048,sub_SYN00025,plus_3_days,2026-06-03 19:02:00,0.828126,True,2026-06-05 18:46:00,auto_retry,1759.0
cfo_SYN000244,evt_SYN000048,sub_SYN00025,month_end_window,2026-06-30 18:00:00,0.414068,False,,none,0.0
cfo_SYN000245,evt_SYN000049,sub_SYN00026,immediate,2026-02-03 05:19:00,0.760197,True,2026-02-03 12:23:00,customer_self_serve,83.59
cfo_SYN000246,evt_SYN000049,sub_SYN00026,plus_1_day_morning,2026-02-04 09:39:00,0.938457,True,2026-02-07 21:51:00,auto_retry,85.0
cfo_SYN000247,evt_SYN000049,sub_SYN00026,payday_window,2026-02-26 10:00:00,0.872633,False,,none,0.0
cfo_SYN000248,evt_SYN000049,sub_SYN00026,plus_3_days,2026-02-06 17:41:00,0.973802,True,2026-02-09 10:26:00,auto_retry,85.0
cfo_SYN000249,evt_SYN000049,sub_SYN00026,month_end_window,2026-02-28 18:00:00,0.866928,False,,none,0.0
cfo_SYN000250,evt_SYN000050,sub_SYN00026,immediate,2026-05-16 10:33:00,0.950855,True,2026-05-17 01:11:00,auto_retry,85.0
cfo_SYN000251,evt_SYN000050,sub_SYN00026,plus_1_day_morning,2026-05-17 11:42:00,0.882396,True,2026-05-18 19:59:00,auto_retry,85.0
cfo_SYN000252,evt_SYN000050,sub_SYN00026,payday_window,2026-05-29 10:00:00,0.928237,True,2026-05-29 12:00:00,customer_self_serve,82.89
cfo_SYN000253,evt_SYN000050,sub_SYN00026,plus_3_days,2026-05-19 17:24:00,0.767786,False,,none,0.0
cfo_SYN000254,evt_SYN000050,sub_SYN00026,month_end_window,2026-05-31 18:00:00,0.907486,False,,none,0.0
cfo_SYN000255,evt_SYN000051,sub_SYN00027,immediate,2026-05-20 21:13:00,0.96223,True,2026-05-23 08:32:00,auto_retry,330.0
cfo_SYN000256,evt_SYN000051,sub_SYN00027,plus_1_day_morning,2026-05-21 08:36:00,0.940179,True,2026-05-23 05:07:00,auto_retry,330.0
cfo_SYN000257,evt_SYN000051,sub_SYN00027,payday_window,2026-05-29 10:00:00,0.960659,True,2026-06-02 17:49:00,customer_self_serve,330.0
cfo_SYN000258,evt_SYN000051,sub_SYN00027,plus_3_days,2026-05-23 14:04:00,0.950746,True,2026-05-24 09:01:00,customer_self_serve,330.0
cfo_SYN000259,evt_SYN000051,sub_SYN00027,month_end_window,2026-05-31 18:00:00,0.887398,True,2026-06-03 20:45:00,auto_retry,330.0
cfo_SYN000260,evt_SYN000052,sub_SYN00028,immediate,2026-02-16 06:15:00,0.723663,True,2026-02-16 21:48:00,customer_self_serve,469.0
cfo_SYN000261,evt_SYN000052,sub_SYN00028,plus_1_day_morning,2026-02-17 11:43:00,0.929078,True,2026-02-19 09:15:00,customer_self_serve,469.0
cfo_SYN000262,evt_SYN000052,sub_SYN00028,payday_window,2026-02-26 10:00:00,0.96477,True,2026-02-26 19:30:00,customer_self_serve,469.0
cfo_SYN000263,evt_SYN000052,sub_SYN00028,plus_3_days,2026-02-19 17:11:00,0.94092,True,2026-02-22 19:00:00,auto_retry,469.0
cfo_SYN000264,evt_SYN000052,sub_SYN00028,month_end_window,2026-02-28 18:00:00,0.935765,True,2026-03-01 14:59:00,auto_retry,469.0
cfo_SYN000265,evt_SYN000053,sub_SYN00029,immediate,2026-05-21 19:15:00,0.272875,False,,none,0.0
cfo_SYN000266,evt_SYN000053,sub_SYN00029,plus_1_day_morning,2026-05-22 09:51:00,0.835843,False,,none,0.0
cfo_SYN000267,evt_SYN000053,sub_SYN00029,payday_window,2026-05-29 10:00:00,0.693358,True,2026-05-29 22:49:00,customer_self_serve,180.0
cfo_SYN000268,evt_SYN000053,sub_SYN00029,plus_3_days,2026-05-24 14:47:00,0.795414,True,2026-05-28 19:12:00,auto_retry,180.0
cfo_SYN000269,evt_SYN000053,sub_SYN00029,month_end_window,2026-05-31 18:00:00,0.98,True,2026-06-04 19:03:00,customer_self_serve,180.0
cfo_SYN000270,evt_SYN000054,sub_SYN00029,immediate,2026-06-17 02:59:00,0.776302,True,2026-06-20 20:06:00,auto_retry,180.0
cfo_SYN000271,evt_SYN000054,sub_SYN00029,plus_1_day_morning,2026-06-18 09:36:00,0.535207,False,,none,0.0
cfo_SYN000272,evt_SYN000054,sub_SYN00029,payday_window,2026-06-28 10:00:00,0.92175,True,2026-06-29 02:55:00,customer_self_serve,180.0
cfo_SYN000273,evt_SYN000054,sub_SYN00029,plus_3_days,2026-06-20 19:26:00,0.797017,False,,none,0.0
cfo_SYN000274,evt_SYN000054,sub_SYN00029,month_end_window,2026-06-30 18:00:00,0.960375,True,2026-07-01 01:59:00,auto_retry,180.0
cfo_SYN000275,evt_SYN000055,sub_SYN00029,immediate,2026-07-21 16:23:00,0.75312,True,2026-07-31 00:06:00,auto_retry,164.54
cfo_SYN000276,evt_SYN000055,sub_SYN00029,plus_1_day_morning,2026-07-22 11:22:00,0.794534,True,2026-07-23 08:00:00,customer_self_serve,180.0
cfo_SYN000277,evt_SYN000055,sub_SYN00029,payday_window,2026-07-29 10:00:00,0.938531,True,2026-08-04 15:10:00,auto_retry,180.0
cfo_SYN000278,evt_SYN000055,sub_SYN00029,plus_3_days,2026-07-24 18:32:00,0.972494,True,2026-07-25 12:34:00,auto_retry,180.0
cfo_SYN000279,evt_SYN000055,sub_SYN00029,month_end_window,2026-07-31 18:00:00,0.974815,True,2026-08-04 15:10:00,auto_retry,180.0
cfo_SYN000280,evt_SYN000056,sub_SYN00030,immediate,2025-07-08 09:31:00,0.864398,True,2025-07-09 00:41:00,auto_retry,153.0
cfo_SYN000281,evt_SYN000056,sub_SYN00030,plus_1_day_morning,2025-07-09 09:37:00,0.93777,True,2025-07-10 12:45:00,auto_retry,153.0
cfo_SYN000282,evt_SYN000056,sub_SYN00030,payday_window,2025-07-29 10:00:00,0.964014,False,,none,0.0
cfo_SYN000283,evt_SYN000056,sub_SYN00030,plus_3_days,2025-07-11 12:38:00,0.871854,True,2025-07-14 04:33:00,auto_retry,153.0
cfo_SYN000284,evt_SYN000056,sub_SYN00030,month_end_window,2025-07-31 18:00:00,0.931941,False,,none,0.0
cfo_SYN000285,evt_SYN000057,sub_SYN00030,immediate,2025-08-01 15:22:00,0.718018,True,2025-08-02 09:17:00,auto_retry,153.0
cfo_SYN000286,evt_SYN000057,sub_SYN00030,plus_1_day_morning,2025-08-02 10:47:00,0.934205,True,2025-08-03 18:18:00,auto_retry,147.25
cfo_SYN000287,evt_SYN000057,sub_SYN00030,payday_window,2025-08-02 10:00:00,0.939874,True,2025-08-15 14:40:00,auto_retry,153.0
cfo_SYN000288,evt_SYN000057,sub_SYN00030,plus_3_days,2025-08-04 13:25:00,0.959168,True,2025-08-07 02:19:00,auto_retry,144.46
cfo_SYN000289,evt_SYN000057,sub_SYN00030,month_end_window,2025-08-31 18:00:00,0.98,False,,none,0.0
cfo_SYN000290,evt_SYN000058,sub_SYN00030,immediate,2025-08-31 06:39:00,0.872359,False,,none,0.0
cfo_SYN000291,evt_SYN000058,sub_SYN00030,plus_1_day_morning,2025-09-01 10:35:00,0.853926,True,2025-09-01 20:07:00,auto_retry,153.0
cfo_SYN000292,evt_SYN000058,sub_SYN00030,payday_window,2025-09-01 10:00:00,0.951868,True,2025-09-03 23:18:00,auto_retry,153.0
cfo_SYN000293,evt_SYN000058,sub_SYN00030,plus_3_days,2025-09-03 14:01:00,0.910763,True,2025-09-08 06:17:00,customer_self_serve,153.0
cfo_SYN000294,evt_SYN000058,sub_SYN00030,month_end_window,2025-09-30 18:00:00,0.907944,False,,none,0.0
cfo_SYN000295,evt_SYN000059,sub_SYN00031,immediate,2025-12-09 22:37:00,0.190259,False,,none,0.0
cfo_SYN000296,evt_SYN000059,sub_SYN00031,plus_1_day_morning,2025-12-10 08:51:00,0.397455,False,,none,0.0
cfo_SYN000297,evt_SYN000059,sub_SYN00031,payday_window,2025-12-29 10:00:00,0.361806,False,,none,0.0
cfo_SYN000298,evt_SYN000059,sub_SYN00031,plus_3_days,2025-12-12 18:04:00,0.080239,True,2025-12-12 22:09:00,customer_self_serve,336.0
cfo_SYN000299,evt_SYN000059,sub_SYN00031,month_end_window,2025-12-31 18:00:00,0.423486,False,,none,0.0
cfo_SYN000300,evt_SYN000060,sub_SYN00032,immediate,2025-11-07 14:08:00,0.604062,False,,none,0.0
cfo_SYN000301,evt_SYN000060,sub_SYN00032,plus_1_day_morning,2025-11-08 11:31:00,0.877347,True,2025-11-09 04:53:00,auto_retry,3101.0
cfo_SYN000302,evt_SYN000060,sub_SYN00032,payday_window,2025-11-28 10:00:00,0.847001,False,,none,0.0
cfo_SYN000303,evt_SYN000060,sub_SYN00032,plus_3_days,2025-11-10 12:36:00,0.623544,True,2025-11-11 22:14:00,auto_retry,3101.0
cfo_SYN000304,evt_SYN000060,sub_SYN00032,month_end_window,2025-11-30 18:00:00,0.627128,False,,none,0.0
cfo_SYN000305,evt_SYN000061,sub_SYN00033,immediate,2025-06-22 22:28:00,0.858652,False,,none,0.0
cfo_SYN000306,evt_SYN000061,sub_SYN00033,plus_1_day_morning,2025-06-23 08:22:00,0.973313,True,2025-06-24 05:54:00,auto_retry,450.0
cfo_SYN000307,evt_SYN000061,sub_SYN00033,payday_window,2025-06-28 10:00:00,0.889176,True,2025-06-28 14:07:00,auto_retry,450.0
cfo_SYN000308,evt_SYN000061,sub_SYN00033,plus_3_days,2025-06-25 18:46:00,0.659184,False,,none,0.0
cfo_SYN000309,evt_SYN000061,sub_SYN00033,month_end_window,2025-06-30 18:00:00,0.888222,True,2025-06-30 19:44:00,auto_retry,450.0
cfo_SYN000310,evt_SYN000062,sub_SYN00034,immediate,2026-01-27 20:50:00,0.905234,True,2026-01-29 19:56:00,auto_retry,3131.0
cfo_SYN000311,evt_SYN000062,sub_SYN00034,plus_1_day_morning,2026-01-28 10:53:00,0.873387,True,2026-01-28 12:05:00,auto_retry,3131.0
cfo_SYN000312,evt_SYN000062,sub_SYN00034,payday_window,2026-01-29 10:00:00,0.912488,True,2026-01-29 19:43:00,customer_self_serve,2762.83
cfo_SYN000313,evt_SYN000062,sub_SYN00034,plus_3_days,2026-01-30 19:45:00,0.943776,True,2026-02-01 19:02:00,auto_retry,3131.0
cfo_SYN000314,evt_SYN000062,sub_SYN00034,month_end_window,2026-01-31 18:00:00,0.954361,True,2026-01-31 21:57:00,auto_retry,3131.0
cfo_SYN000315,evt_SYN000063,sub_SYN00035,immediate,2026-01-01 20:16:00,0.963067,True,2026-01-02 15:24:00,auto_retry,916.0
cfo_SYN000316,evt_SYN000063,sub_SYN00035,plus_1_day_morning,2026-01-02 08:13:00,0.859522,True,2026-01-02 16:38:00,auto_retry,916.0
cfo_SYN000317,evt_SYN000063,sub_SYN00035,payday_window,2026-01-02 10:00:00,0.939183,True,2026-01-06 01:14:00,customer_self_serve,916.0
cfo_SYN000318,evt_SYN000063,sub_SYN00035,plus_3_days,2026-01-04 10:10:00,0.798673,True,2026-01-04 16:35:00,auto_retry,916.0
cfo_SYN000319,evt_SYN000063,sub_SYN00035,month_end_window,2026-01-31 18:00:00,0.950562,False,,none,0.0
cfo_SYN000320,evt_SYN000064,sub_SYN00035,immediate,2026-03-29 13:32:00,0.670424,True,2026-03-29 14:44:00,auto_retry,916.0
cfo_SYN000321,evt_SYN000064,sub_SYN00035,plus_1_day_morning,2026-03-30 10:23:00,0.637934,True,2026-04-01 06:11:00,auto_retry,916.0
cfo_SYN000322,evt_SYN000064,sub_SYN00035,payday_window,2026-03-30 10:00:00,0.931272,True,2026-03-30 16:30:00,auto_retry,916.0
cfo_SYN000323,evt_SYN000064,sub_SYN00035,plus_3_days,2026-04-01 13:14:00,0.938727,True,2026-04-02 17:28:00,customer_self_serve,916.0
cfo_SYN000324,evt_SYN000064,sub_SYN00035,month_end_window,2026-03-31 18:00:00,0.868108,True,2026-04-03 08:38:00,auto_retry,916.0
cfo_SYN000325,evt_SYN000065,sub_SYN00036,immediate,2025-06-16 19:23:00,0.56185,False,,none,0.0
cfo_SYN000326,evt_SYN000065,sub_SYN00036,plus_1_day_morning,2025-06-17 11:35:00,0.753023,True,2025-06-20 20:21:00,customer_self_serve,352.0
cfo_SYN000327,evt_SYN000065,sub_SYN00036,payday_window,2025-06-28 10:00:00,0.65825,True,2025-06-30 19:01:00,auto_retry,352.0
cfo_SYN000328,evt_SYN000065,sub_SYN00036,plus_3_days,2025-06-19 11:48:00,0.724714,True,2025-06-20 06:00:00,auto_retry,352.0
cfo_SYN000329,evt_SYN000065,sub_SYN00036,month_end_window,2025-06-30 18:00:00,0.950817,False,,none,0.0
cfo_SYN000330,evt_SYN000066,sub_SYN00037,immediate,2024-09-10 22:52:00,0.694124,False,,none,0.0
cfo_SYN000331,evt_SYN000066,sub_SYN00037,plus_1_day_morning,2024-09-11 11:09:00,0.977008,True,2024-09-15 21:01:00,auto_retry,851.9
cfo_SYN000332,evt_SYN000066,sub_SYN00037,payday_window,2024-09-28 10:00:00,0.83972,False,,none,0.0
cfo_SYN000333,evt_SYN000066,sub_SYN00037,plus_3_days,2024-09-13 16:58:00,0.665591,True,2024-09-13 19:48:00,customer_self_serve,900.0
cfo_SYN000334,evt_SYN000066,sub_SYN00037,month_end_window,2024-09-30 18:00:00,0.967499,False,,none,0.0
cfo_SYN000335,evt_SYN000067,sub_SYN00038,immediate,2025-11-20 09:38:00,0.967534,False,,none,0.0
cfo_SYN000336,evt_SYN000067,sub_SYN00038,plus_1_day_morning,2025-11-21 08:53:00,0.847424,True,2025-11-21 12:28:00,customer_self_serve,97.0
cfo_SYN000337,evt_SYN000067,sub_SYN00038,payday_window,2025-11-28 10:00:00,0.955961,True,2025-11-28 16:03:00,customer_self_serve,97.0
cfo_SYN000338,evt_SYN000067,sub_SYN00038,plus_3_days,2025-11-23 13:29:00,0.973723,True,2025-11-30 01:37:00,auto_retry,97.0
cfo_SYN000339,evt_SYN000067,sub_SYN00038,month_end_window,2025-11-30 18:00:00,0.936095,True,2025-11-30 19:43:00,auto_retry,85.43
cfo_SYN000340,evt_SYN000068,sub_SYN00039,immediate,2026-03-06 14:36:00,0.822538,True,2026-03-10 01:57:00,customer_self_serve,190.0
cfo_SYN000341,evt_SYN000068,sub_SYN00039,plus_1_day_morning,2026-03-07 11:07:00,0.96516,True,2026-03-08 04:38:00,auto_retry,190.0
cfo_SYN000342,evt_SYN000068,sub_SYN00039,payday_window,2026-03-29 10:00:00,0.98,False,,none,0.0
cfo_SYN000343,evt_SYN000068,sub_SYN00039,plus_3_days,2026-03-09 14:49:00,0.937007,True,2026-03-18 21:17:00,auto_retry,190.0
cfo_SYN000344,evt_SYN000068,sub_SYN00039,month_end_window,2026-03-31 18:00:00,0.878956,False,,none,0.0
cfo_SYN000345,evt_SYN000069,sub_SYN00040,immediate,2026-06-19 13:08:00,0.923328,True,2026-06-21 23:35:00,auto_retry,979.0
cfo_SYN000346,evt_SYN000069,sub_SYN00040,plus_1_day_morning,2026-06-20 09:03:00,0.758701,True,2026-06-20 10:21:00,customer_self_serve,979.0
cfo_SYN000347,evt_SYN000069,sub_SYN00040,payday_window,2026-06-28 10:00:00,0.98,True,2026-06-30 06:48:00,auto_retry,979.0
cfo_SYN000348,evt_SYN000069,sub_SYN00040,plus_3_days,2026-06-22 15:42:00,0.817276,True,2026-06-23 07:24:00,auto_retry,979.0
cfo_SYN000349,evt_SYN000069,sub_SYN00040,month_end_window,2026-06-30 18:00:00,0.619008,True,2026-07-01 07:27:00,auto_retry,979.0
cfo_SYN000350,evt_SYN000070,sub_SYN00041,immediate,2025-07-25 13:17:00,0.323365,False,,none,0.0
cfo_SYN000351,evt_SYN000070,sub_SYN00041,plus_1_day_morning,2025-07-26 11:36:00,0.306843,False,,none,0.0
cfo_SYN000352,evt_SYN000070,sub_SYN00041,payday_window,2025-07-29 10:00:00,0.715896,True,2025-07-29 15:43:00,auto_retry,661.0
cfo_SYN000353,evt_SYN000070,sub_SYN00041,plus_3_days,2025-07-28 14:03:00,0.583535,True,2025-07-29 19:54:00,auto_retry,661.0
cfo_SYN000354,evt_SYN000070,sub_SYN00041,month_end_window,2025-07-31 18:00:00,0.93589,True,2025-08-05 10:49:00,auto_retry,661.0
cfo_SYN000355,evt_SYN000071,sub_SYN00041,immediate,2025-08-30 13:10:00,0.887346,True,2025-09-05 21:15:00,auto_retry,661.0
cfo_SYN000356,evt_SYN000071,sub_SYN00041,plus_1_day_morning,2025-08-31 08:43:00,0.504455,True,2025-09-11 22:00:00,customer_self_serve,661.0
cfo_SYN000357,evt_SYN000071,sub_SYN00041,payday_window,2025-08-31 10:00:00,0.486199,False,,none,0.0
cfo_SYN000358,evt_SYN000071,sub_SYN00041,plus_3_days,2025-09-02 10:54:00,0.373323,True,2025-09-04 07:08:00,auto_retry,661.0
cfo_SYN000359,evt_SYN000071,sub_SYN00041,month_end_window,2025-08-31 18:00:00,0.239384,False,,none,0.0
cfo_SYN000360,evt_SYN000072,sub_SYN00041,immediate,2025-09-22 05:30:00,0.152543,False,,none,0.0
cfo_SYN000361,evt_SYN000072,sub_SYN00041,plus_1_day_morning,2025-09-23 09:08:00,0.208726,False,,none,0.0
cfo_SYN000362,evt_SYN000072,sub_SYN00041,payday_window,2025-09-28 10:00:00,0.244992,True,2025-10-06 04:51:00,auto_retry,661.0
cfo_SYN000363,evt_SYN000072,sub_SYN00041,plus_3_days,2025-09-25 11:55:00,0.236439,False,,none,0.0
cfo_SYN000364,evt_SYN000072,sub_SYN00041,month_end_window,2025-09-30 18:00:00,0.454387,False,,none,0.0
cfo_SYN000365,evt_SYN000073,sub_SYN00042,immediate,2026-06-16 19:22:00,0.296888,True,2026-06-17 23:29:00,auto_retry,122.0
cfo_SYN000366,evt_SYN000073,sub_SYN00042,plus_1_day_morning,2026-06-17 10:58:00,0.793189,True,2026-06-17 23:01:00,customer_self_serve,122.0
cfo_SYN000367,evt_SYN000073,sub_SYN00042,payday_window,2026-06-28 10:00:00,0.926849,True,2026-06-29 04:59:00,auto_retry,122.0
cfo_SYN000368,evt_SYN000073,sub_SYN00042,plus_3_days,2026-06-19 15:02:00,0.894674,True,2026-06-21 14:35:00,auto_retry,122.0
cfo_SYN000369,evt_SYN000073,sub_SYN00042,month_end_window,2026-06-30 18:00:00,0.978276,False,,none,0.0
cfo_SYN000370,evt_SYN000074,sub_SYN00042,immediate,2026-07-13 11:07:00,0.706273,True,2026-07-16 17:37:00,customer_self_serve,122.0
cfo_SYN000371,evt_SYN000074,sub_SYN00042,plus_1_day_morning,2026-07-14 09:16:00,0.888515,True,2026-07-18 03:25:00,auto_retry,117.23
cfo_SYN000372,evt_SYN000074,sub_SYN00042,payday_window,2026-07-29 10:00:00,0.97691,False,,none,0.0
cfo_SYN000373,evt_SYN000074,sub_SYN00042,plus_3_days,2026-07-16 11:30:00,0.787582,True,2026-07-19 07:48:00,auto_retry,122.0
cfo_SYN000374,evt_SYN000074,sub_SYN00042,month_end_window,2026-07-31 18:00:00,0.915012,False,,none,0.0
cfo_SYN000375,evt_SYN000075,sub_SYN00043,immediate,2026-01-02 01:29:00,0.817577,True,2026-01-03 05:47:00,customer_self_serve,385.0
cfo_SYN000376,evt_SYN000075,sub_SYN00043,plus_1_day_morning,2026-01-03 09:24:00,0.823529,True,2026-01-03 21:38:00,auto_retry,385.0
cfo_SYN000377,evt_SYN000075,sub_SYN00043,payday_window,2026-01-03 10:00:00,0.942484,True,2026-01-09 06:25:00,auto_retry,385.0
cfo_SYN000378,evt_SYN000075,sub_SYN00043,plus_3_days,2026-01-05 12:13:00,0.894979,True,2026-01-06 12:02:00,auto_retry,385.0
cfo_SYN000379,evt_SYN000075,sub_SYN00043,month_end_window,2026-01-31 18:00:00,0.96613,False,,none,0.0
cfo_SYN000380,evt_SYN000076,sub_SYN00044,immediate,2026-04-17 01:34:00,0.500294,True,2026-04-17 02:48:00,customer_self_serve,487.0
cfo_SYN000381,evt_SYN000076,sub_SYN00044,plus_1_day_morning,2026-04-18 11:30:00,0.410987,False,,none,0.0
cfo_SYN000382,evt_SYN000076,sub_SYN00044,payday_window,2026-04-28 10:00:00,0.482852,True,2026-05-01 00:37:00,auto_retry,487.0
cfo_SYN000383,evt_SYN000076,sub_SYN00044,plus_3_days,2026-04-20 15:59:00,0.555545,False,,none,0.0
cfo_SYN000384,evt_SYN000076,sub_SYN00044,month_end_window,2026-04-30 18:00:00,0.659737,True,2026-05-01 00:37:00,auto_retry,487.0
cfo_SYN000385,evt_SYN000077,sub_SYN00044,immediate,2026-05-23 22:32:00,0.083437,False,,none,0.0
cfo_SYN000386,evt_SYN000077,sub_SYN00044,plus_1_day_morning,2026-05-24 08:23:00,0.468214,True,2026-06-01 23:03:00,customer_self_serve,487.0
cfo_SYN000387,evt_SYN000077,sub_SYN00044,payday_window,2026-05-29 10:00:00,0.364287,False,,none,0.0
cfo_SYN000388,evt_SYN000077,sub_SYN00044,plus_3_days,2026-05-26 14:28:00,0.250309,False,,none,0.0
cfo_SYN000389,evt_SYN000077,sub_SYN00044,month_end_window,2026-05-31 18:00:00,0.291781,True,2026-06-06 21:17:00,auto_retry,487.0
cfo_SYN000390,evt_SYN000078,sub_SYN00044,immediate,2026-06-18 10:28:00,0.297727,False,,none,0.0
cfo_SYN000391,evt_SYN000078,sub_SYN00044,plus_1_day_morning,2026-06-19 08:20:00,0.334444,False,,none,0.0
cfo_SYN000392,evt_SYN000078,sub_SYN00044,payday_window,2026-06-28 10:00:00,0.573323,True,2026-06-30 04:41:00,customer_self_serve,487.0
cfo_SYN000393,evt_SYN000078,sub_SYN00044,plus_3_days,2026-06-21 19:43:00,0.870924,False,,none,0.0
cfo_SYN000394,evt_SYN000078,sub_SYN00044,month_end_window,2026-06-30 18:00:00,0.273593,False,,none,0.0
cfo_SYN000395,evt_SYN000079,sub_SYN00045,immediate,2025-09-07 11:41:00,0.190276,False,,none,0.0
cfo_SYN000396,evt_SYN000079,sub_SYN00045,plus_1_day_morning,2025-09-08 08:24:00,0.7079,True,2025-09-08 14:31:00,customer_self_serve,920.0
cfo_SYN000397,evt_SYN000079,sub_SYN00045,payday_window,2025-09-28 10:00:00,0.489488,False,,none,0.0
cfo_SYN000398,evt_SYN000079,sub_SYN00045,plus_3_days,2025-09-10 15:26:00,0.728068,False,,none,0.0
cfo_SYN000399,evt_SYN000079,sub_SYN00045,month_end_window,2025-09-30 18:00:00,0.832089,False,,none,0.0
cfo_SYN000400,evt_SYN000080,sub_SYN00045,immediate,2025-10-17 21:15:00,0.167713,False,,none,0.0
cfo_SYN000401,evt_SYN000080,sub_SYN00045,plus_1_day_morning,2025-10-18 09:03:00,0.614731,True,2025-10-19 23:57:00,auto_retry,920.0
cfo_SYN000402,evt_SYN000080,sub_SYN00045,payday_window,2025-10-29 10:00:00,0.808016,True,2025-10-29 17:48:00,customer_self_serve,920.0
cfo_SYN000403,evt_SYN000080,sub_SYN00045,plus_3_days,2025-10-20 18:55:00,0.673653,True,2025-10-26 12:09:00,customer_self_serve,920.0
cfo_SYN000404,evt_SYN000080,sub_SYN00045,month_end_window,2025-10-31 18:00:00,0.899716,True,2025-10-31 20:23:00,auto_retry,920.0
cfo_SYN000405,evt_SYN000081,sub_SYN00046,immediate,2025-12-28 12:54:00,0.969691,True,2025-12-30 02:39:00,auto_retry,431.0
cfo_SYN000406,evt_SYN000081,sub_SYN00046,plus_1_day_morning,2025-12-29 09:31:00,0.968882,True,2025-12-30 04:10:00,auto_retry,431.0
cfo_SYN000407,evt_SYN000081,sub_SYN00046,payday_window,2025-12-29 10:00:00,0.916149,True,2026-01-04 03:27:00,auto_retry,431.0
cfo_SYN000408,evt_SYN000081,sub_SYN00046,plus_3_days,2025-12-31 17:59:00,0.913999,False,,none,0.0
cfo_SYN000409,evt_SYN000081,sub_SYN00046,month_end_window,2025-12-31 18:00:00,0.890104,True,2026-01-01 01:52:00,auto_retry,431.0
cfo_SYN000410,evt_SYN000082,sub_SYN00047,immediate,2025-08-13 14:21:00,0.837178,True,2025-08-14 19:03:00,auto_retry,326.7
cfo_SYN000411,evt_SYN000082,sub_SYN00047,plus_1_day_morning,2025-08-14 10:56:00,0.952536,True,2025-08-14 13:29:00,customer_self_serve,331.0
cfo_SYN000412,evt_SYN000082,sub_SYN00047,payday_window,2025-08-29 10:00:00,0.967755,False,,none,0.0
cfo_SYN000413,evt_SYN000082,sub_SYN00047,plus_3_days,2025-08-16 18:17:00,0.882952,True,2025-08-18 03:55:00,customer_self_serve,331.0
cfo_SYN000414,evt_SYN000082,sub_SYN00047,month_end_window,2025-08-31 18:00:00,0.98,False,,none,0.0
cfo_SYN000415,evt_SYN000083,sub_SYN00048,immediate,2026-06-13 18:38:00,0.728508,True,2026-06-15 12:17:00,auto_retry,393.0
cfo_SYN000416,evt_SYN000083,sub_SYN00048,plus_1_day_morning,2026-06-14 09:01:00,0.277352,False,,none,0.0
cfo_SYN000417,evt_SYN000083,sub_SYN00048,payday_window,2026-06-28 10:00:00,0.98,False,,none,0.0
cfo_SYN000418,evt_SYN000083,sub_SYN00048,plus_3_days,2026-06-16 17:50:00,0.608362,False,,none,0.0
cfo_SYN000419,evt_SYN000083,sub_SYN00048,month_end_window,2026-06-30 18:00:00,0.98,False,,none,0.0
cfo_SYN000420,evt_SYN000084,sub_SYN00048,immediate,2026-07-12 14:59:00,0.260534,False,,none,0.0
cfo_SYN000421,evt_SYN000084,sub_SYN00048,plus_1_day_morning,2026-07-13 09:21:00,0.471819,False,,none,0.0
cfo_SYN000422,evt_SYN000084,sub_SYN00048,payday_window,2026-07-29 10:00:00,0.894085,False,,none,0.0
cfo_SYN000423,evt_SYN000084,sub_SYN00048,plus_3_days,2026-07-15 10:59:00,0.626954,True,2026-07-18 02:36:00,auto_retry,393.0
cfo_SYN000424,evt_SYN000084,sub_SYN00048,month_end_window,2026-07-31 18:00:00,0.821517,False,,none,0.0
cfo_SYN000425,evt_SYN000085,sub_SYN00049,immediate,2025-09-23 00:20:00,0.924527,False,,none,0.0
cfo_SYN000426,evt_SYN000085,sub_SYN00049,plus_1_day_morning,2025-09-24 10:00:00,0.900976,True,2025-09-24 21:26:00,auto_retry,371.0
cfo_SYN000427,evt_SYN000085,sub_SYN00049,payday_window,2025-09-28 10:00:00,0.953852,True,2025-09-28 19:54:00,auto_retry,371.0
cfo_SYN000428,evt_SYN000085,sub_SYN00049,plus_3_days,2025-09-26 16:54:00,0.744914,False,,none,0.0
cfo_SYN000429,evt_SYN000085,sub_SYN00049,month_end_window,2025-09-30 18:00:00,0.98,True,2025-09-30 23:57:00,auto_retry,371.0
cfo_SYN000430,evt_SYN000086,sub_SYN00050,immediate,2026-02-22 20:00:00,0.606171,False,,none,0.0
cfo_SYN000431,evt_SYN000086,sub_SYN00050,plus_1_day_morning,2026-02-23 10:49:00,0.918746,True,2026-02-23 13:24:00,auto_retry,352.0
cfo_SYN000432,evt_SYN000086,sub_SYN00050,payday_window,2026-02-26 10:00:00,0.885617,True,2026-03-03 17:43:00,auto_retry,352.0
cfo_SYN000433,evt_SYN000086,sub_SYN00050,plus_3_days,2026-02-25 19:51:00,0.829981,False,,none,0.0
cfo_SYN000434,evt_SYN000086,sub_SYN00050,month_end_window,2026-02-28 18:00:00,0.859585,True,2026-02-28 20:43:00,auto_retry,352.0
cfo_SYN000435,evt_SYN000087,sub_SYN00051,immediate,2026-04-09 20:51:00,0.914534,True,2026-04-10 04:38:00,customer_self_serve,888.0
cfo_SYN000436,evt_SYN000087,sub_SYN00051,plus_1_day_morning,2026-04-10 10:49:00,0.791522,False,,none,0.0
cfo_SYN000437,evt_SYN000087,sub_SYN00051,payday_window,2026-04-28 10:00:00,0.796833,False,,none,0.0
cfo_SYN000438,evt_SYN000087,sub_SYN00051,plus_3_days,2026-04-12 12:40:00,0.950075,True,2026-04-12 13:52:00,auto_retry,888.0
cfo_SYN000439,evt_SYN000087,sub_SYN00051,month_end_window,2026-04-30 18:00:00,0.953895,False,,none,0.0
cfo_SYN000440,evt_SYN000088,sub_SYN00052,immediate,2026-01-23 07:51:00,0.314317,False,,none,0.0
cfo_SYN000441,evt_SYN000088,sub_SYN00052,plus_1_day_morning,2026-01-24 11:36:00,0.629799,False,,none,0.0
cfo_SYN000442,evt_SYN000088,sub_SYN00052,payday_window,2026-01-29 10:00:00,0.318303,True,2026-02-04 23:32:00,auto_retry,483.0
cfo_SYN000443,evt_SYN000088,sub_SYN00052,plus_3_days,2026-01-26 17:49:00,0.562491,False,,none,0.0
cfo_SYN000444,evt_SYN000088,sub_SYN00052,month_end_window,2026-01-31 18:00:00,0.513182,False,,none,0.0
cfo_SYN000445,evt_SYN000089,sub_SYN00052,immediate,2026-03-03 23:45:00,0.095357,False,,none,0.0
cfo_SYN000446,evt_SYN000089,sub_SYN00052,plus_1_day_morning,2026-03-04 09:51:00,0.263388,False,,none,0.0
cfo_SYN000447,evt_SYN000089,sub_SYN00052,payday_window,2026-03-29 10:00:00,0.114572,False,,none,0.0
cfo_SYN000448,evt_SYN000089,sub_SYN00052,plus_3_days,2026-03-06 10:49:00,0.436175,True,2026-03-11 12:26:00,auto_retry,483.0
cfo_SYN000449,evt_SYN000089,sub_SYN00052,month_end_window,2026-03-31 18:00:00,0.515558,False,,none,0.0
cfo_SYN000450,evt_SYN000090,sub_SYN00052,immediate,2026-04-03 12:56:00,0.272775,False,,none,0.0
cfo_SYN000451,evt_SYN000090,sub_SYN00052,plus_1_day_morning,2026-04-04 10:30:00,0.346173,False,,none,0.0
cfo_SYN000452,evt_SYN000090,sub_SYN00052,payday_window,2026-04-28 10:00:00,0.653397,False,,none,0.0
cfo_SYN000453,evt_SYN000090,sub_SYN00052,plus_3_days,2026-04-06 16:50:00,0.431494,False,,none,0.0
cfo_SYN000454,evt_SYN000090,sub_SYN00052,month_end_window,2026-04-30 18:00:00,0.461453,False,,none,0.0
cfo_SYN000455,evt_SYN000091,sub_SYN00053,immediate,2025-08-06 13:02:00,0.57228,False,,none,0.0
cfo_SYN000456,evt_SYN000091,sub_SYN00053,plus_1_day_morning,2025-08-07 08:25:00,0.666471,True,2025-08-20 12:17:00,auto_retry,190.58
cfo_SYN000457,evt_SYN000091,sub_SYN00053,payday_window,2025-08-29 10:00:00,0.939206,False,,none,0.0
cfo_SYN000458,evt_SYN000091,sub_SYN00053,plus_3_days,2025-08-09 15:45:00,0.881982,True,2025-08-19 10:15:00,auto_retry,198.0
cfo_SYN000459,evt_SYN000091,sub_SYN00053,month_end_window,2025-08-31 18:00:00,0.914364,False,,none,0.0
cfo_SYN000460,evt_SYN000092,sub_SYN00054,immediate,2026-05-08 01:16:00,0.580371,False,,none,0.0
cfo_SYN000461,evt_SYN000092,sub_SYN00054,plus_1_day_morning,2026-05-08 09:56:00,0.905069,False,,none,0.0
cfo_SYN000462,evt_SYN000092,sub_SYN00054,payday_window,2026-05-29 10:00:00,0.724144,False,,none,0.0
cfo_SYN000463,evt_SYN000092,sub_SYN00054,plus_3_days,2026-05-10 09:07:00,0.931454,True,2026-05-12 20:16:00,auto_retry,108.0
cfo_SYN000464,evt_SYN000092,sub_SYN00054,month_end_window,2026-05-31 18:00:00,0.956519,False,,none,0.0
cfo_SYN000465,evt_SYN000093,sub_SYN00055,immediate,2025-11-04 08:47:00,0.289572,False,,none,0.0
cfo_SYN000466,evt_SYN000093,sub_SYN00055,plus_1_day_morning,2025-11-05 11:10:00,0.380546,False,,none,0.0
cfo_SYN000467,evt_SYN000093,sub_SYN00055,payday_window,2025-11-28 10:00:00,0.514592,False,,none,0.0
cfo_SYN000468,evt_SYN000093,sub_SYN00055,plus_3_days,2025-11-07 15:48:00,0.289876,True,2025-11-09 09:51:00,auto_retry,769.0
cfo_SYN000469,evt_SYN000093,sub_SYN00055,month_end_window,2025-11-30 18:00:00,0.472546,False,,none,0.0
cfo_SYN000470,evt_SYN000094,sub_SYN00055,immediate,2025-11-17 21:29:00,0.212845,False,,none,0.0
cfo_SYN000471,evt_SYN000094,sub_SYN00055,plus_1_day_morning,2025-11-18 11:03:00,0.207496,False,,none,0.0
cfo_SYN000472,evt_SYN000094,sub_SYN00055,payday_window,2025-11-28 10:00:00,0.806222,True,2025-12-01 19:56:00,customer_self_serve,769.0
cfo_SYN000473,evt_SYN000094,sub_SYN00055,plus_3_days,2025-11-20 13:30:00,0.434719,True,2025-12-01 19:56:00,auto_retry,769.0
cfo_SYN000474,evt_SYN000094,sub_SYN00055,month_end_window,2025-11-30 18:00:00,0.191018,False,,none,0.0
cfo_SYN000475,evt_SYN000095,sub_SYN00055,immediate,2025-12-04 14:06:00,0.144855,False,,none,0.0
cfo_SYN000476,evt_SYN000095,sub_SYN00055,plus_1_day_morning,2025-12-05 10:33:00,0.383864,True,2025-12-18 12:36:00,customer_self_serve,769.0
cfo_SYN000477,evt_SYN000095,sub_SYN00055,payday_window,2025-12-29 10:00:00,0.607185,False,,none,0.0
cfo_SYN000478,evt_SYN000095,sub_SYN00055,plus_3_days,2025-12-07 12:06:00,0.457385,True,2025-12-08 11:40:00,auto_retry,769.0
cfo_SYN000479,evt_SYN000095,sub_SYN00055,month_end_window,2025-12-31 18:00:00,0.090071,False,,none,0.0
cfo_SYN000480,evt_SYN000096,sub_SYN00056,immediate,2025-06-18 13:01:00,0.934446,True,2025-06-20 18:52:00,auto_retry,957.0
cfo_SYN000481,evt_SYN000096,sub_SYN00056,plus_1_day_morning,2025-06-19 09:33:00,0.814108,True,2025-06-20 09:21:00,auto_retry,957.0
cfo_SYN000482,evt_SYN000096,sub_SYN00056,payday_window,2025-06-28 10:00:00,0.784714,True,2025-06-30 17:29:00,customer_self_serve,857.12
cfo_SYN000483,evt_SYN000096,sub_SYN00056,plus_3_days,2025-06-21 17:33:00,0.955704,True,2025-06-22 10:42:00,auto_retry,957.0
cfo_SYN000484,evt_SYN000096,sub_SYN00056,month_end_window,2025-06-30 18:00:00,0.98,False,,none,0.0
cfo_SYN000485,evt_SYN000097,sub_SYN00056,immediate,2025-10-27 02:55:00,0.745154,True,2025-10-28 05:45:00,auto_retry,957.0
cfo_SYN000486,evt_SYN000097,sub_SYN00056,plus_1_day_morning,2025-10-28 08:38:00,0.962764,True,2025-10-30 11:13:00,auto_retry,957.0
cfo_SYN000487,evt_SYN000097,sub_SYN00056,payday_window,2025-10-29 10:00:00,0.866165,False,,none,0.0
cfo_SYN000488,evt_SYN000097,sub_SYN00056,plus_3_days,2025-10-30 13:07:00,0.963543,True,2025-11-01 04:16:00,auto_retry,957.0
cfo_SYN000489,evt_SYN000097,sub_SYN00056,month_end_window,2025-10-31 18:00:00,0.891195,True,2025-11-01 20:17:00,auto_retry,957.0
cfo_SYN000490,evt_SYN000098,sub_SYN00057,immediate,2026-03-31 00:40:00,0.825839,True,2026-04-01 15:27:00,auto_retry,156.0
cfo_SYN000491,evt_SYN000098,sub_SYN00057,plus_1_day_morning,2026-04-01 11:55:00,0.932522,True,2026-04-06 00:32:00,auto_retry,156.0
cfo_SYN000492,evt_SYN000098,sub_SYN00057,payday_window,2026-04-01 10:00:00,0.929444,True,2026-04-01 20:13:00,auto_retry,156.0
cfo_SYN000493,evt_SYN000098,sub_SYN00057,plus_3_days,2026-04-03 14:58:00,0.961079,True,2026-04-04 08:24:00,auto_retry,156.0
cfo_SYN000494,evt_SYN000098,sub_SYN00057,month_end_window,2026-04-30 18:00:00,0.922874,False,,none,0.0
cfo_SYN000495,evt_SYN000099,sub_SYN00057,immediate,2026-05-04 19:01:00,0.743716,True,2026-05-08 20:16:00,auto_retry,156.0
cfo_SYN000496,evt_SYN000099,sub_SYN00057,plus_1_day_morning,2026-05-05 09:55:00,0.847402,True,2026-05-10 09:41:00,auto_retry,156.0
cfo_SYN000497,evt_SYN000099,sub_SYN00057,payday_window,2026-05-29 10:00:00,0.888591,False,,none,0.0
cfo_SYN000498,evt_SYN000099,sub_SYN00057,plus_3_days,2026-05-07 10:39:00,0.94205,True,2026-05-10 19:47:00,auto_retry,156.0
cfo_SYN000499,evt_SYN000099,sub_SYN00057,month_end_window,2026-05-31 18:00:00,0.851641,False,,none,0.0
cfo_SYN000500,evt_SYN000100,sub_SYN00058,immediate,2025-11-23 12:22:00,0.774626,False,,none,0.0
cfo_SYN000501,evt_SYN000100,sub_SYN00058,plus_1_day_morning,2025-11-24 09:28:00,0.700858,False,,none,0.0
cfo_SYN000502,evt_SYN000100,sub_SYN00058,payday_window,2025-11-28 10:00:00,0.837218,True,2025-11-28 14:56:00,auto_retry,157.0
cfo_SYN000503,evt_SYN000100,sub_SYN00058,plus_3_days,2025-11-26 12:52:00,0.886727,True,2025-11-28 03:35:00,auto_retry,157.0
cfo_SYN000504,evt_SYN000100,sub_SYN00058,month_end_window,2025-11-30 18:00:00,0.923449,True,2025-12-01 16:07:00,auto_retry,157.0
cfo_SYN000505,evt_SYN000101,sub_SYN00059,immediate,2025-09-24 06:02:00,0.771166,True,2025-09-28 11:56:00,auto_retry,382.0
cfo_SYN000506,evt_SYN000101,sub_SYN00059,plus_1_day_morning,2025-09-25 10:31:00,0.969484,True,2025-09-25 11:43:00,auto_retry,382.0
cfo_SYN000507,evt_SYN000101,sub_SYN00059,payday_window,2025-09-28 10:00:00,0.853122,True,2025-09-29 17:47:00,auto_retry,382.0
cfo_SYN000508,evt_SYN000101,sub_SYN00059,plus_3_days,2025-09-27 09:14:00,0.828536,True,2025-09-27 13:43:00,auto_retry,382.0
cfo_SYN000509,evt_SYN000101,sub_SYN00059,month_end_window,2025-09-30 18:00:00,0.731028,True,2025-10-03 19:45:00,auto_retry,382.0
cfo_SYN000510,evt_SYN000102,sub_SYN00060,immediate,2025-03-30 09:27:00,0.925469,True,2025-04-04 16:49:00,auto_retry,89.0
cfo_SYN000511,evt_SYN000102,sub_SYN00060,plus_1_day_morning,2025-03-31 11:13:00,0.927031,True,2025-04-02 08:52:00,customer_self_serve,89.0
cfo_SYN000512,evt_SYN000102,sub_SYN00060,payday_window,2025-03-31 10:00:00,0.893572,True,2025-04-05 15:32:00,customer_self_serve,89.0
cfo_SYN000513,evt_SYN000102,sub_SYN00060,plus_3_days,2025-04-02 12:50:00,0.916698,True,2025-04-03 05:37:00,auto_retry,89.0
cfo_SYN000514,evt_SYN000102,sub_SYN00060,month_end_window,2025-03-31 18:00:00,0.97833,True,2025-04-01 17:19:00,auto_retry,89.0
cfo_SYN000515,evt_SYN000103,sub_SYN00060,immediate,2025-04-27 02:10:00,0.664868,False,,none,0.0
cfo_SYN000516,evt_SYN000103,sub_SYN00060,plus_1_day_morning,2025-04-28 10:02:00,0.943539,True,2025-04-28 22:57:00,auto_retry,89.0
cfo_SYN000517,evt_SYN000103,sub_SYN00060,payday_window,2025-04-28 10:00:00,0.864319,True,2025-04-28 23:14:00,auto_retry,89.0
cfo_SYN000518,evt_SYN000103,sub_SYN00060,plus_3_days,2025-04-30 15:33:00,0.977531,True,2025-05-04 02:42:00,auto_retry,89.0
cfo_SYN000519,evt_SYN000103,sub_SYN00060,month_end_window,2025-04-30 18:00:00,0.966567,True,2025-05-10 17:14:00,auto_retry,89.0
cfo_SYN000520,evt_SYN000104,sub_SYN00061,immediate,2025-02-13 01:11:00,0.642597,True,2025-02-14 21:28:00,auto_retry,795.69
cfo_SYN000521,evt_SYN000104,sub_SYN00061,plus_1_day_morning,2025-02-14 10:55:00,0.611716,True,2025-02-14 12:39:00,auto_retry,878.0
cfo_SYN000522,evt_SYN000104,sub_SYN00061,payday_window,2025-02-26 10:00:00,0.95624,True,2025-02-27 00:30:00,auto_retry,878.0
cfo_SYN000523,evt_SYN000104,sub_SYN00061,plus_3_days,2025-02-16 11:19:00,0.937421,True,2025-02-19 14:40:00,auto_retry,833.32
cfo_SYN000524,evt_SYN000104,sub_SYN00061,month_end_window,2025-02-28 18:00:00,0.541559,False,,none,0.0
cfo_SYN000525,evt_SYN000105,sub_SYN00062,immediate,2026-04-18 07:09:00,0.592286,False,,none,0.0
cfo_SYN000526,evt_SYN000105,sub_SYN00062,plus_1_day_morning,2026-04-19 11:04:00,0.653449,True,2026-04-20 14:12:00,auto_retry,143.0
cfo_SYN000527,evt_SYN000105,sub_SYN00062,payday_window,2026-04-28 10:00:00,0.966457,True,2026-05-02 00:26:00,auto_retry,143.0
cfo_SYN000528,evt_SYN000105,sub_SYN00062,plus_3_days,2026-04-21 18:46:00,0.707572,True,2026-04-22 04:50:00,auto_retry,143.0
cfo_SYN000529,evt_SYN000105,sub_SYN00062,month_end_window,2026-04-30 18:00:00,0.98,True,2026-05-02 06:27:00,customer_self_serve,143.0
cfo_SYN000530,evt_SYN000106,sub_SYN00062,immediate,2026-05-19 21:34:00,0.591987,False,,none,0.0
cfo_SYN000531,evt_SYN000106,sub_SYN00062,plus_1_day_morning,2026-05-20 10:53:00,0.377198,False,,none,0.0
cfo_SYN000532,evt_SYN000106,sub_SYN00062,payday_window,2026-05-29 10:00:00,0.98,True,2026-06-02 20:34:00,auto_retry,143.0
cfo_SYN000533,evt_SYN000106,sub_SYN00062,plus_3_days,2026-05-22 17:16:00,0.948132,True,2026-06-02 08:56:00,auto_retry,143.0
cfo_SYN000534,evt_SYN000106,sub_SYN00062,month_end_window,2026-05-31 18:00:00,0.98,True,2026-06-02 20:34:00,auto_retry,143.0
cfo_SYN000535,evt_SYN000107,sub_SYN00063,immediate,2025-07-28 00:08:00,0.517321,True,2025-08-01 21:12:00,auto_retry,193.0
cfo_SYN000536,evt_SYN000107,sub_SYN00063,plus_1_day_morning,2025-07-28 10:08:00,0.723399,True,2025-07-29 07:06:00,auto_retry,193.0
cfo_SYN000537,evt_SYN000107,sub_SYN00063,payday_window,2025-07-29 10:00:00,0.604094,False,,none,0.0
cfo_SYN000538,evt_SYN000107,sub_SYN00063,plus_3_days,2025-07-30 09:58:00,0.319951,False,,none,0.0
cfo_SYN000539,evt_SYN000107,sub_SYN00063,month_end_window,2025-07-31 18:00:00,0.7254,True,2025-08-10 11:53:00,customer_self_serve,186.38
cfo_SYN000540,evt_SYN000108,sub_SYN00063,immediate,2025-09-04 05:13:00,0.172223,True,2025-09-08 20:35:00,auto_retry,193.0
cfo_SYN000541,evt_SYN000108,sub_SYN00063,plus_1_day_morning,2025-09-05 10:13:00,0.439832,True,2025-09-18 04:14:00,customer_self_serve,193.0
cfo_SYN000542,evt_SYN000108,sub_SYN00063,payday_window,2025-09-28 10:00:00,0.213103,False,,none,0.0
cfo_SYN000543,evt_SYN000108,sub_SYN00063,plus_3_days,2025-09-07 10:03:00,0.597906,True,2025-09-08 01:56:00,customer_self_serve,183.98
cfo_SYN000544,evt_SYN000108,sub_SYN00063,month_end_window,2025-09-30 18:00:00,0.803512,False,,none,0.0
cfo_SYN000545,evt_SYN000109,sub_SYN00063,immediate,2025-10-02 00:05:00,0.256457,False,,none,0.0
cfo_SYN000546,evt_SYN000109,sub_SYN00063,plus_1_day_morning,2025-10-02 08:25:00,0.802547,True,2025-10-02 18:54:00,auto_retry,193.0
cfo_SYN000547,evt_SYN000109,sub_SYN00063,payday_window,2025-10-02 10:00:00,0.452516,False,,none,0.0
cfo_SYN000548,evt_SYN000109,sub_SYN00063,plus_3_days,2025-10-04 12:31:00,0.835689,True,2025-10-15 23:20:00,customer_self_serve,193.0
cfo_SYN000549,evt_SYN000109,sub_SYN00063,month_end_window,2025-10-31 18:00:00,0.891696,False,,none,0.0
cfo_SYN000550,evt_SYN000110,sub_SYN00064,immediate,2026-04-10 23:07:00,0.35284,False,,none,0.0
cfo_SYN000551,evt_SYN000110,sub_SYN00064,plus_1_day_morning,2026-04-11 09:27:00,0.363558,False,,none,0.0
cfo_SYN000552,evt_SYN000110,sub_SYN00064,payday_window,2026-04-28 10:00:00,0.805653,False,,none,0.0
cfo_SYN000553,evt_SYN000110,sub_SYN00064,plus_3_days,2026-04-13 09:18:00,0.699293,True,2026-04-22 16:02:00,customer_self_serve,2777.0
cfo_SYN000554,evt_SYN000110,sub_SYN00064,month_end_window,2026-04-30 18:00:00,0.918869,False,,none,0.0
cfo_SYN000555,evt_SYN000111,sub_SYN00065,immediate,2025-06-08 12:37:00,0.378485,False,,none,0.0
cfo_SYN000556,evt_SYN000111,sub_SYN00065,plus_1_day_morning,2025-06-09 11:29:00,0.688583,True,2025-06-11 12:59:00,auto_retry,173.0
cfo_SYN000557,evt_SYN000111,sub_SYN00065,payday_window,2025-06-28 10:00:00,0.930117,False,,none,0.0
cfo_SYN000558,evt_SYN000111,sub_SYN00065,plus_3_days,2025-06-11 19:30:00,0.900491,True,2025-06-13 03:36:00,auto_retry,173.0
cfo_SYN000559,evt_SYN000111,sub_SYN00065,month_end_window,2025-06-30 18:00:00,0.94415,False,,none,0.0
cfo_SYN000560,evt_SYN000112,sub_SYN00065,immediate,2025-07-06 15:02:00,0.68403,True,2025-07-07 05:47:00,auto_retry,173.0
cfo_SYN000561,evt_SYN000112,sub_SYN00065,plus_1_day_morning,2025-07-07 11:24:00,0.891803,True,2025-07-12 02:32:00,auto_retry,173.0
cfo_SYN000562,evt_SYN000112,sub_SYN00065,payday_window,2025-07-29 10:00:00,0.91145,False,,none,0.0
cfo_SYN000563,evt_SYN000112,sub_SYN00065,plus_3_days,2025-07-09 15:38:00,0.488606,False,,none,0.0
cfo_SYN000564,evt_SYN000112,sub_SYN00065,month_end_window,2025-07-31 18:00:00,0.958153,False,,none,0.0
cfo_SYN000565,evt_SYN000113,sub_SYN00066,immediate,2024-12-14 04:53:00,0.639699,True,2024-12-25 02:49:00,auto_retry,163.0
cfo_SYN000566,evt_SYN000113,sub_SYN00066,plus_1_day_morning,2024-12-15 10:30:00,0.579171,False,,none,0.0
cfo_SYN000567,evt_SYN000113,sub_SYN00066,payday_window,2024-12-29 10:00:00,0.729204,False,,none,0.0
cfo_SYN000568,evt_SYN000113,sub_SYN00066,plus_3_days,2024-12-17 13:17:00,0.661966,True,2024-12-21 09:37:00,auto_retry,163.0
cfo_SYN000569,evt_SYN000113,sub_SYN00066,month_end_window,2024-12-31 18:00:00,0.938528,False,,none,0.0
cfo_SYN000570,evt_SYN000114,sub_SYN00066,immediate,2025-01-11 11:45:00,0.747073,True,2025-01-17 23:48:00,customer_self_serve,163.0
cfo_SYN000571,evt_SYN000114,sub_SYN00066,plus_1_day_morning,2025-01-12 08:07:00,0.783639,True,2025-01-12 17:05:00,auto_retry,163.0
cfo_SYN000572,evt_SYN000114,sub_SYN00066,payday_window,2025-01-29 10:00:00,0.98,False,,none,0.0
cfo_SYN000573,evt_SYN000114,sub_SYN00066,plus_3_days,2025-01-14 18:19:00,0.497436,True,2025-01-25 10:15:00,auto_retry,163.0
cfo_SYN000574,evt_SYN000114,sub_SYN00066,month_end_window,2025-01-31 18:00:00,0.979026,False,,none,0.0
cfo_SYN000575,evt_SYN000115,sub_SYN00067,immediate,2026-03-19 20:06:00,0.927165,True,2026-03-21 01:51:00,auto_retry,171.16
cfo_SYN000576,evt_SYN000115,sub_SYN00067,plus_1_day_morning,2026-03-20 10:50:00,0.947359,True,2026-03-26 14:54:00,auto_retry,183.0
cfo_SYN000577,evt_SYN000115,sub_SYN00067,payday_window,2026-03-29 10:00:00,0.901939,True,2026-03-29 20:03:00,auto_retry,183.0
cfo_SYN000578,evt_SYN000115,sub_SYN00067,plus_3_days,2026-03-22 15:42:00,0.865673,True,2026-03-24 17:28:00,customer_self_serve,183.0
cfo_SYN000579,evt_SYN000115,sub_SYN00067,month_end_window,2026-03-31 18:00:00,0.932612,False,,none,0.0
cfo_SYN000580,evt_SYN000116,sub_SYN00068,immediate,2026-05-26 12:52:00,0.951935,True,2026-05-27 06:20:00,customer_self_serve,131.61
cfo_SYN000581,evt_SYN000116,sub_SYN00068,plus_1_day_morning,2026-05-27 11:02:00,0.98,True,2026-05-28 14:44:00,auto_retry,139.0
cfo_SYN000582,evt_SYN000116,sub_SYN00068,payday_window,2026-05-29 10:00:00,0.74171,True,2026-05-29 13:48:00,auto_retry,139.0
cfo_SYN000583,evt_SYN000116,sub_SYN00068,plus_3_days,2026-05-29 17:10:00,0.933677,True,2026-05-31 23:21:00,auto_retry,139.0
cfo_SYN000584,evt_SYN000116,sub_SYN00068,month_end_window,2026-05-31 18:00:00,0.959094,True,2026-06-02 01:52:00,auto_retry,139.0
cfo_SYN000585,evt_SYN000117,sub_SYN00069,immediate,2026-06-01 04:02:00,0.876672,True,2026-06-01 11:14:00,auto_retry,79.0
cfo_SYN000586,evt_SYN000117,sub_SYN00069,plus_1_day_morning,2026-06-02 08:14:00,0.963503,True,2026-06-03 02:47:00,auto_retry,75.28
cfo_SYN000587,evt_SYN000117,sub_SYN00069,payday_window,2026-06-02 10:00:00,0.944536,True,2026-06-03 04:11:00,customer_self_serve,79.0
cfo_SYN000588,evt_SYN000117,sub_SYN00069,plus_3_days,2026-06-04 11:36:00,0.948241,True,2026-06-10 09:58:00,auto_retry,79.0
cfo_SYN000589,evt_SYN000117,sub_SYN00069,month_end_window,2026-06-30 18:00:00,0.666364,False,,none,0.0
cfo_SYN000590,evt_SYN000118,sub_SYN00070,immediate,2025-08-24 04:02:00,0.874938,True,2025-08-26 03:39:00,auto_retry,131.0
cfo_SYN000591,evt_SYN000118,sub_SYN00070,plus_1_day_morning,2025-08-25 08:30:00,0.970997,True,2025-08-26 01:09:00,auto_retry,131.0
cfo_SYN000592,evt_SYN000118,sub_SYN00070,payday_window,2025-08-29 10:00:00,0.942423,False,,none,0.0
cfo_SYN000593,evt_SYN000118,sub_SYN00070,plus_3_days,2025-08-27 19:31:00,0.930342,True,2025-08-29 04:23:00,auto_retry,131.0
cfo_SYN000594,evt_SYN000118,sub_SYN00070,month_end_window,2025-08-31 18:00:00,0.816732,True,2025-09-01 08:29:00,auto_retry,131.0
cfo_SYN000595,evt_SYN000119,sub_SYN00070,immediate,2025-12-14 07:56:00,0.91207,True,2025-12-14 10:20:00,auto_retry,131.0
cfo_SYN000596,evt_SYN000119,sub_SYN00070,plus_1_day_morning,2025-12-15 10:33:00,0.852029,False,,none,0.0
cfo_SYN000597,evt_SYN000119,sub_SYN00070,payday_window,2025-12-29 10:00:00,0.930129,False,,none,0.0
cfo_SYN000598,evt_SYN000119,sub_SYN00070,plus_3_days,2025-12-17 13:35:00,0.963815,True,2025-12-18 16:34:00,auto_retry,131.0
cfo_SYN000599,evt_SYN000119,sub_SYN00070,month_end_window,2025-12-31 18:00:00,0.93901,False,,none,0.0
cfo_SYN000600,evt_SYN000120,sub_SYN00071,immediate,2026-06-08 14:24:00,0.876212,False,,none,0.0
cfo_SYN000601,evt_SYN000120,sub_SYN00071,plus_1_day_morning,2026-06-09 08:40:00,0.932146,True,2026-06-09 18:13:00,auto_retry,134.0
cfo_SYN000602,evt_SYN000120,sub_SYN00071,payday_window,2026-06-28 10:00:00,0.921552,False,,none,0.0
cfo_SYN000603,evt_SYN000120,sub_SYN00071,plus_3_days,2026-06-11 12:03:00,0.839141,True,2026-06-16 00:07:00,auto_retry,134.0
cfo_SYN000604,evt_SYN000120,sub_SYN00071,month_end_window,2026-06-30 18:00:00,0.952504,False,,none,0.0
cfo_SYN000605,evt_SYN000121,sub_SYN00072,immediate,2025-02-08 14:59:00,0.242297,False,,none,0.0
cfo_SYN000606,evt_SYN000121,sub_SYN00072,plus_1_day_morning,2025-02-09 11:19:00,0.346107,True,2025-02-17 17:05:00,auto_retry,104.0
cfo_SYN000607,evt_SYN000121,sub_SYN00072,payday_window,2025-02-26 10:00:00,0.678454,False,,none,0.0
cfo_SYN000608,evt_SYN000121,sub_SYN00072,plus_3_days,2025-02-11 09:43:00,0.101927,False,,none,0.0
cfo_SYN000609,evt_SYN000121,sub_SYN00072,month_end_window,2025-02-28 18:00:00,0.381279,False,,none,0.0
cfo_SYN000610,evt_SYN000122,sub_SYN00072,immediate,2025-02-19 03:45:00,0.687997,True,2025-02-27 18:36:00,auto_retry,104.0
cfo_SYN000611,evt_SYN000122,sub_SYN00072,plus_1_day_morning,2025-02-20 09:53:00,0.219218,False,,none,0.0
cfo_SYN000612,evt_SYN000122,sub_SYN00072,payday_window,2025-02-26 10:00:00,0.492298,False,,none,0.0
cfo_SYN000613,evt_SYN000122,sub_SYN00072,plus_3_days,2025-02-22 12:34:00,0.900269,True,2025-02-22 20:54:00,customer_self_serve,88.73
cfo_SYN000614,evt_SYN000122,sub_SYN00072,month_end_window,2025-02-28 18:00:00,0.306319,False,,none,0.0
cfo_SYN000615,evt_SYN000123,sub_SYN00072,immediate,2025-03-03 18:41:00,0.671872,True,2025-03-04 07:19:00,customer_self_serve,104.0
cfo_SYN000616,evt_SYN000123,sub_SYN00072,plus_1_day_morning,2025-03-04 10:12:00,0.255286,False,,none,0.0
cfo_SYN000617,evt_SYN000123,sub_SYN00072,payday_window,2025-03-29 10:00:00,0.579556,False,,none,0.0
cfo_SYN000618,evt_SYN000123,sub_SYN00072,plus_3_days,2025-03-06 16:44:00,0.256945,False,,none,0.0
cfo_SYN000619,evt_SYN000123,sub_SYN00072,month_end_window,2025-03-31 18:00:00,0.48149,False,,none,0.0
cfo_SYN000620,evt_SYN000124,sub_SYN00073,immediate,2026-01-07 20:26:00,0.952435,True,2026-01-10 02:51:00,auto_retry,497.0
cfo_SYN000621,evt_SYN000124,sub_SYN00073,plus_1_day_morning,2026-01-08 08:40:00,0.83951,False,,none,0.0
cfo_SYN000622,evt_SYN000124,sub_SYN00073,payday_window,2026-01-29 10:00:00,0.830051,False,,none,0.0
cfo_SYN000623,evt_SYN000124,sub_SYN00073,plus_3_days,2026-01-10 10:52:00,0.918861,True,2026-01-10 18:03:00,customer_self_serve,497.0
cfo_SYN000624,evt_SYN000124,sub_SYN00073,month_end_window,2026-01-31 18:00:00,0.943433,False,,none,0.0
cfo_SYN000625,evt_SYN000125,sub_SYN00074,immediate,2026-05-26 11:53:00,0.768442,False,,none,0.0
cfo_SYN000626,evt_SYN000125,sub_SYN00074,plus_1_day_morning,2026-05-27 11:40:00,0.812671,True,2026-05-29 01:19:00,customer_self_serve,460.0
cfo_SYN000627,evt_SYN000125,sub_SYN00074,payday_window,2026-05-29 10:00:00,0.886361,True,2026-05-29 21:32:00,auto_retry,460.0
cfo_SYN000628,evt_SYN000125,sub_SYN00074,plus_3_days,2026-05-29 13:16:00,0.972953,True,2026-05-30 04:43:00,auto_retry,460.0
cfo_SYN000629,evt_SYN000125,sub_SYN00074,month_end_window,2026-05-31 18:00:00,0.947015,True,2026-05-31 22:07:00,auto_retry,460.0
cfo_SYN000630,evt_SYN000126,sub_SYN00075,immediate,2025-08-04 22:38:00,0.979969,True,2025-08-06 14:48:00,auto_retry,486.0
cfo_SYN000631,evt_SYN000126,sub_SYN00075,plus_1_day_morning,2025-08-05 10:45:00,0.933903,True,2025-08-05 18:48:00,auto_retry,486.0
cfo_SYN000632,evt_SYN000126,sub_SYN00075,payday_window,2025-08-29 10:00:00,0.78004,False,,none,0.0
cfo_SYN000633,evt_SYN000126,sub_SYN00075,plus_3_days,2025-08-07 11:32:00,0.939719,True,2025-08-07 19:13:00,auto_retry,486.0
cfo_SYN000634,evt_SYN000126,sub_SYN00075,month_end_window,2025-08-31 18:00:00,0.937717,False,,none,0.0
cfo_SYN000635,evt_SYN000127,sub_SYN00076,immediate,2026-01-06 21:52:00,0.849727,True,2026-01-08 07:00:00,auto_retry,155.0
cfo_SYN000636,evt_SYN000127,sub_SYN00076,plus_1_day_morning,2026-01-07 09:41:00,0.775708,True,2026-01-08 21:13:00,auto_retry,155.0
cfo_SYN000637,evt_SYN000127,sub_SYN00076,payday_window,2026-01-29 10:00:00,0.978909,False,,none,0.0
cfo_SYN000638,evt_SYN000127,sub_SYN00076,plus_3_days,2026-01-09 10:50:00,0.960338,True,2026-01-10 07:19:00,auto_retry,155.0
cfo_SYN000639,evt_SYN000127,sub_SYN00076,month_end_window,2026-01-31 18:00:00,0.98,False,,none,0.0
cfo_SYN000640,evt_SYN000128,sub_SYN00077,immediate,2026-05-10 20:16:00,0.334906,False,,none,0.0
cfo_SYN000641,evt_SYN000128,sub_SYN00077,plus_1_day_morning,2026-05-11 09:27:00,0.886803,True,2026-05-13 22:31:00,auto_retry,424.0
cfo_SYN000642,evt_SYN000128,sub_SYN00077,payday_window,2026-05-29 10:00:00,0.98,False,,none,0.0
cfo_SYN000643,evt_SYN000128,sub_SYN00077,plus_3_days,2026-05-13 13:10:00,0.61876,False,,none,0.0
cfo_SYN000644,evt_SYN000128,sub_SYN00077,month_end_window,2026-05-31 18:00:00,0.959492,False,,none,0.0
cfo_SYN000645,evt_SYN000129,sub_SYN00078,immediate,2025-10-10 13:24:00,0.833841,True,2025-10-10 15:27:00,customer_self_serve,771.0
cfo_SYN000646,evt_SYN000129,sub_SYN00078,plus_1_day_morning,2025-10-11 08:59:00,0.927173,True,2025-10-17 23:06:00,customer_self_serve,771.0
cfo_SYN000647,evt_SYN000129,sub_SYN00078,payday_window,2025-10-29 10:00:00,0.946091,False,,none,0.0
cfo_SYN000648,evt_SYN000129,sub_SYN00078,plus_3_days,2025-10-13 09:20:00,0.786802,True,2025-10-15 03:18:00,auto_retry,771.0
cfo_SYN000649,evt_SYN000129,sub_SYN00078,month_end_window,2025-10-31 18:00:00,0.98,False,,none,0.0
cfo_SYN000650,evt_SYN000130,sub_SYN00078,immediate,2025-11-13 13:35:00,0.776146,True,2025-11-27 11:44:00,auto_retry,771.0
cfo_SYN000651,evt_SYN000130,sub_SYN00078,plus_1_day_morning,2025-11-14 08:04:00,0.420137,False,,none,0.0
cfo_SYN000652,evt_SYN000130,sub_SYN00078,payday_window,2025-11-28 10:00:00,0.924889,False,,none,0.0
cfo_SYN000653,evt_SYN000130,sub_SYN00078,plus_3_days,2025-11-16 17:04:00,0.713434,True,2025-11-26 19:47:00,auto_retry,771.0
cfo_SYN000654,evt_SYN000130,sub_SYN00078,month_end_window,2025-11-30 18:00:00,0.962006,False,,none,0.0
cfo_SYN000655,evt_SYN000131,sub_SYN00079,immediate,2026-01-27 21:22:00,0.451711,True,2026-01-31 09:00:00,customer_self_serve,849.0
cfo_SYN000656,evt_SYN000131,sub_SYN00079,plus_1_day_morning,2026-01-28 09:52:00,0.145161,False,,none,0.0
cfo_SYN000657,evt_SYN000131,sub_SYN00079,payday_window,2026-01-29 10:00:00,0.212524,False,,none,0.0
cfo_SYN000658,evt_SYN000131,sub_SYN00079,plus_3_days,2026-01-30 11:08:00,0.60208,True,2026-01-31 14:29:00,auto_retry,849.0
cfo_SYN000659,evt_SYN000131,sub_SYN00079,month_end_window,2026-01-31 18:00:00,0.784397,True,2026-02-10 19:34:00,auto_retry,849.0
cfo_SYN000660,evt_SYN000132,sub_SYN00079,immediate,2026-03-09 07:54:00,0.918977,True,2026-03-13 07:32:00,customer_self_serve,849.0
cfo_SYN000661,evt_SYN000132,sub_SYN00079,plus_1_day_morning,2026-03-10 11:54:00,0.388493,False,,none,0.0
cfo_SYN000662,evt_SYN000132,sub_SYN00079,payday_window,2026-03-29 10:00:00,0.732529,False,,none,0.0
cfo_SYN000663,evt_SYN000132,sub_SYN00079,plus_3_days,2026-03-12 12:24:00,0.357876,False,,none,0.0
cfo_SYN000664,evt_SYN000132,sub_SYN00079,month_end_window,2026-03-31 18:00:00,0.640166,False,,none,0.0
cfo_SYN000665,evt_SYN000133,sub_SYN00079,immediate,2026-04-01 21:54:00,0.418382,False,,none,0.0
cfo_SYN000666,evt_SYN000133,sub_SYN00079,plus_1_day_morning,2026-04-02 09:14:00,0.575186,False,,none,0.0
cfo_SYN000667,evt_SYN000133,sub_SYN00079,payday_window,2026-04-02 10:00:00,0.510236,True,2026-04-06 20:57:00,auto_retry,849.0
cfo_SYN000668,evt_SYN000133,sub_SYN00079,plus_3_days,2026-04-04 13:36:00,0.387084,False,,none,0.0
cfo_SYN000669,evt_SYN000133,sub_SYN00079,month_end_window,2026-04-30 18:00:00,0.789022,False,,none,0.0
cfo_SYN000670,evt_SYN000134,sub_SYN00080,immediate,2025-11-25 05:58:00,0.568011,True,2025-11-29 21:30:00,customer_self_serve,125.0
cfo_SYN000671,evt_SYN000134,sub_SYN00080,plus_1_day_morning,2025-11-26 09:17:00,0.85268,True,2025-11-27 21:15:00,auto_retry,125.0
cfo_SYN000672,evt_SYN000134,sub_SYN00080,payday_window,2025-11-28 10:00:00,0.74305,True,2025-11-29 10:53:00,auto_retry,125.0
cfo_SYN000673,evt_SYN000134,sub_SYN00080,plus_3_days,2025-11-28 09:07:00,0.747609,True,2025-12-09 05:49:00,auto_retry,125.0
cfo_SYN000674,evt_SYN000134,sub_SYN00080,month_end_window,2025-11-30 18:00:00,0.970855,True,2025-12-02 14:12:00,auto_retry,125.0
cfo_SYN000675,evt_SYN000135,sub_SYN00081,immediate,2025-08-02 18:52:00,0.944269,True,2025-08-03 11:44:00,auto_retry,80.0
cfo_SYN000676,evt_SYN000135,sub_SYN00081,plus_1_day_morning,2025-08-03 08:20:00,0.962048,False,,none,0.0
cfo_SYN000677,evt_SYN000135,sub_SYN00081,payday_window,2025-08-03 10:00:00,0.918744,True,2025-08-05 21:12:00,auto_retry,80.0
cfo_SYN000678,evt_SYN000135,sub_SYN00081,plus_3_days,2025-08-05 15:52:00,0.858719,True,2025-08-08 11:43:00,auto_retry,80.0
cfo_SYN000679,evt_SYN000135,sub_SYN00081,month_end_window,2025-08-31 18:00:00,0.950557,False,,none,0.0
cfo_SYN000680,evt_SYN000136,sub_SYN00082,immediate,2025-02-11 16:21:00,0.391229,False,,none,0.0
cfo_SYN000681,evt_SYN000136,sub_SYN00082,plus_1_day_morning,2025-02-12 09:06:00,0.145024,False,,none,0.0
cfo_SYN000682,evt_SYN000136,sub_SYN00082,payday_window,2025-02-26 10:00:00,0.553772,False,,none,0.0
cfo_SYN000683,evt_SYN000136,sub_SYN00082,plus_3_days,2025-02-14 13:28:00,0.564446,True,2025-02-16 07:18:00,customer_self_serve,148.0
cfo_SYN000684,evt_SYN000136,sub_SYN00082,month_end_window,2025-02-28 18:00:00,0.730644,False,,none,0.0
cfo_SYN000685,evt_SYN000137,sub_SYN00082,immediate,2025-03-01 02:19:00,0.136621,False,,none,0.0
cfo_SYN000686,evt_SYN000137,sub_SYN00082,plus_1_day_morning,2025-03-02 09:56:00,0.411765,True,2025-03-15 00:43:00,auto_retry,148.0
cfo_SYN000687,evt_SYN000137,sub_SYN00082,payday_window,2025-03-02 10:00:00,0.457167,False,,none,0.0
cfo_SYN000688,evt_SYN000137,sub_SYN00082,plus_3_days,2025-03-04 10:03:00,0.536707,False,,none,0.0
cfo_SYN000689,evt_SYN000137,sub_SYN00082,month_end_window,2025-03-31 18:00:00,0.716704,False,,none,0.0
cfo_SYN000690,evt_SYN000138,sub_SYN00082,immediate,2025-03-22 16:06:00,0.666941,False,,none,0.0
cfo_SYN000691,evt_SYN000138,sub_SYN00082,plus_1_day_morning,2025-03-23 09:11:00,0.620886,False,,none,0.0
cfo_SYN000692,evt_SYN000138,sub_SYN00082,payday_window,2025-03-29 10:00:00,0.405481,True,2025-03-31 05:36:00,customer_self_serve,148.0
cfo_SYN000693,evt_SYN000138,sub_SYN00082,plus_3_days,2025-03-25 10:14:00,0.582802,True,2025-03-26 22:50:00,customer_self_serve,148.0
cfo_SYN000694,evt_SYN000138,sub_SYN00082,month_end_window,2025-03-31 18:00:00,0.666198,True,2025-04-05 16:01:00,auto_retry,148.0
cfo_SYN000695,evt_SYN000139,sub_SYN00083,immediate,2025-09-08 03:10:00,0.874892,True,2025-09-08 17:46:00,customer_self_serve,140.0
cfo_SYN000696,evt_SYN000139,sub_SYN00083,plus_1_day_morning,2025-09-09 11:01:00,0.897606,True,2025-09-11 00:23:00,auto_retry,140.0
cfo_SYN000697,evt_SYN000139,sub_SYN00083,payday_window,2025-09-28 10:00:00,0.920453,False,,none,0.0
cfo_SYN000698,evt_SYN000139,sub_SYN00083,plus_3_days,2025-09-11 19:12:00,0.816387,True,2025-09-14 04:11:00,auto_retry,140.0
cfo_SYN000699,evt_SYN000139,sub_SYN00083,month_end_window,2025-09-30 18:00:00,0.899971,False,,none,0.0
cfo_SYN000700,evt_SYN000140,sub_SYN00084,immediate,2026-02-28 17:33:00,0.321099,True,2026-03-01 11:45:00,auto_retry,312.0
cfo_SYN000701,evt_SYN000140,sub_SYN00084,plus_1_day_morning,2026-03-01 09:24:00,0.720373,False,,none,0.0
cfo_SYN000702,evt_SYN000140,sub_SYN00084,payday_window,2026-03-01 10:00:00,0.915577,True,2026-03-03 01:45:00,auto_retry,312.0
cfo_SYN000703,evt_SYN000140,sub_SYN00084,plus_3_days,2026-03-03 17:42:00,0.909157,True,2026-03-06 11:12:00,customer_self_serve,312.0
cfo_SYN000704,evt_SYN000140,sub_SYN00084,month_end_window,2026-03-31 18:00:00,0.90387,False,,none,0.0
cfo_SYN000705,evt_SYN000141,sub_SYN00085,immediate,2026-02-11 17:04:00,0.885156,True,2026-02-13 22:13:00,auto_retry,366.0
cfo_SYN000706,evt_SYN000141,sub_SYN00085,plus_1_day_morning,2026-02-12 10:43:00,0.85397,False,,none,0.0
cfo_SYN000707,evt_SYN000141,sub_SYN00085,payday_window,2026-02-26 10:00:00,0.859701,False,,none,0.0
cfo_SYN000708,evt_SYN000141,sub_SYN00085,plus_3_days,2026-02-14 11:23:00,0.900013,True,2026-02-18 04:13:00,auto_retry,366.0
cfo_SYN000709,evt_SYN000141,sub_SYN00085,month_end_window,2026-02-28 18:00:00,0.94356,False,,none,0.0
cfo_SYN000710,evt_SYN000142,sub_SYN00086,immediate,2026-05-24 03:18:00,0.928516,True,2026-05-25 14:14:00,customer_self_serve,122.0
cfo_SYN000711,evt_SYN000142,sub_SYN00086,plus_1_day_morning,2026-05-25 10:26:00,0.752049,True,2026-05-27 03:32:00,auto_retry,122.0
cfo_SYN000712,evt_SYN000142,sub_SYN00086,payday_window,2026-05-29 10:00:00,0.893936,True,2026-05-29 21:32:00,auto_retry,122.0
cfo_SYN000713,evt_SYN000142,sub_SYN00086,plus_3_days,2026-05-27 16:33:00,0.913462,True,2026-05-28 19:05:00,auto_retry,122.0
cfo_SYN000714,evt_SYN000142,sub_SYN00086,month_end_window,2026-05-31 18:00:00,0.881074,True,2026-05-31 23:08:00,auto_retry,122.0
cfo_SYN000715,evt_SYN000143,sub_SYN00087,immediate,2026-05-12 02:28:00,0.893481,True,2026-05-12 08:52:00,customer_self_serve,453.0
cfo_SYN000716,evt_SYN000143,sub_SYN00087,plus_1_day_morning,2026-05-13 08:58:00,0.860111,True,2026-05-15 17:54:00,customer_self_serve,453.0
cfo_SYN000717,evt_SYN000143,sub_SYN00087,payday_window,2026-05-29 10:00:00,0.812199,False,,none,0.0
cfo_SYN000718,evt_SYN000143,sub_SYN00087,plus_3_days,2026-05-15 12:06:00,0.845707,True,2026-05-18 21:11:00,auto_retry,453.0
cfo_SYN000719,evt_SYN000143,sub_SYN00087,month_end_window,2026-05-31 18:00:00,0.859293,False,,none,0.0
cfo_SYN000720,evt_SYN000144,sub_SYN00088,immediate,2026-04-01 16:37:00,0.94863,True,2026-04-09 07:58:00,auto_retry,365.0
cfo_SYN000721,evt_SYN000144,sub_SYN00088,plus_1_day_morning,2026-04-02 11:15:00,0.924354,False,,none,0.0
cfo_SYN000722,evt_SYN000144,sub_SYN00088,payday_window,2026-04-02 10:00:00,0.920536,True,2026-04-07 19:31:00,customer_self_serve,365.0
cfo_SYN000723,evt_SYN000144,sub_SYN00088,plus_3_days,2026-04-04 19:27:00,0.939955,True,2026-04-07 07:01:00,customer_self_serve,365.0
cfo_SYN000724,evt_SYN000144,sub_SYN00088,month_end_window,2026-04-30 18:00:00,0.782985,False,,none,0.0
cfo_SYN000725,evt_SYN000145,sub_SYN00089,immediate,2025-03-24 20:27:00,0.849187,True,2025-03-30 20:06:00,auto_retry,116.0
cfo_SYN000726,evt_SYN000145,sub_SYN00089,plus_1_day_morning,2025-03-25 10:02:00,0.832047,True,2025-03-27 01:03:00,customer_self_serve,116.0
cfo_SYN000727,evt_SYN000145,sub_SYN00089,payday_window,2025-03-29 10:00:00,0.916126,True,2025-04-02 20:18:00,customer_self_serve,116.0
cfo_SYN000728,evt_SYN000145,sub_SYN00089,plus_3_days,2025-03-27 14:25:00,0.859157,True,2025-03-28 18:20:00,auto_retry,116.0
cfo_SYN000729,evt_SYN000145,sub_SYN00089,month_end_window,2025-03-31 18:00:00,0.98,True,2025-03-31 22:55:00,customer_self_serve,116.0
cfo_SYN000730,evt_SYN000146,sub_SYN00090,immediate,2026-04-03 12:40:00,0.918276,True,2026-04-03 21:20:00,auto_retry,577.89
cfo_SYN000731,evt_SYN000146,sub_SYN00090,plus_1_day_morning,2026-04-04 10:06:00,0.797138,False,,none,0.0
cfo_SYN000732,evt_SYN000146,sub_SYN00090,payday_window,2026-04-28 10:00:00,0.928939,False,,none,0.0
cfo_SYN000733,evt_SYN000146,sub_SYN00090,plus_3_days,2026-04-06 16:49:00,0.904356,True,2026-04-07 03:22:00,auto_retry,665.0
cfo_SYN000734,evt_SYN000146,sub_SYN00090,month_end_window,2026-04-30 18:00:00,0.949539,False,,none,0.0
cfo_SYN000735,evt_SYN000147,sub_SYN00091,immediate,2026-04-29 03:07:00,0.93177,True,2026-05-10 03:25:00,auto_retry,81.0
cfo_SYN000736,evt_SYN000147,sub_SYN00091,plus_1_day_morning,2026-04-30 09:39:00,0.98,True,2026-05-05 07:07:00,auto_retry,81.0
cfo_SYN000737,evt_SYN000147,sub_SYN00091,payday_window,2026-04-30 10:00:00,0.98,True,2026-04-30 11:12:00,auto_retry,81.0
cfo_SYN000738,evt_SYN000147,sub_SYN00091,plus_3_days,2026-05-02 09:23:00,0.74302,True,2026-05-02 10:35:00,auto_retry,81.0
cfo_SYN000739,evt_SYN000147,sub_SYN00091,month_end_window,2026-04-30 18:00:00,0.93252,True,2026-05-02 17:04:00,auto_retry,81.0
cfo_SYN000740,evt_SYN000148,sub_SYN00092,immediate,2026-03-21 22:57:00,0.930965,True,2026-03-22 10:19:00,auto_retry,3909.0
cfo_SYN000741,evt_SYN000148,sub_SYN00092,plus_1_day_morning,2026-03-22 08:48:00,0.79282,True,2026-03-24 16:22:00,auto_retry,3909.0
cfo_SYN000742,evt_SYN000148,sub_SYN00092,payday_window,2026-03-29 10:00:00,0.685188,True,2026-03-31 11:10:00,auto_retry,3909.0
cfo_SYN000743,evt_SYN000148,sub_SYN00092,plus_3_days,2026-03-24 13:45:00,0.8999,True,2026-03-26 02:06:00,auto_retry,3909.0
cfo_SYN000744,evt_SYN000148,sub_SYN00092,month_end_window,2026-03-31 18:00:00,0.761568,True,2026-04-01 00:03:00,auto_retry,3909.0
cfo_SYN000745,evt_SYN000149,sub_SYN00093,immediate,2026-05-06 23:30:00,0.774288,True,2026-05-08 00:07:00,customer_self_serve,102.0
cfo_SYN000746,evt_SYN000149,sub_SYN00093,plus_1_day_morning,2026-05-07 11:59:00,0.808008,True,2026-05-07 13:22:00,auto_retry,90.5
cfo_SYN000747,evt_SYN000149,sub_SYN00093,payday_window,2026-05-29 10:00:00,0.929874,False,,none,0.0
cfo_SYN000748,evt_SYN000149,sub_SYN00093,plus_3_days,2026-05-09 15:21:00,0.915642,True,2026-05-10 00:59:00,auto_retry,102.0
cfo_SYN000749,evt_SYN000149,sub_SYN00093,month_end_window,2026-05-31 18:00:00,0.955359,False,,none,0.0
cfo_SYN000750,evt_SYN000150,sub_SYN00094,immediate,2025-03-03 11:12:00,0.921573,True,2025-03-08 07:57:00,auto_retry,814.0
cfo_SYN000751,evt_SYN000150,sub_SYN00094,plus_1_day_morning,2025-03-04 11:25:00,0.829215,True,2025-03-05 23:14:00,auto_retry,814.0
cfo_SYN000752,evt_SYN000150,sub_SYN00094,payday_window,2025-03-29 10:00:00,0.816987,False,,none,0.0
cfo_SYN000753,evt_SYN000150,sub_SYN00094,plus_3_days,2025-03-06 14:11:00,0.924457,True,2025-03-08 01:38:00,auto_retry,814.0
cfo_SYN000754,evt_SYN000150,sub_SYN00094,month_end_window,2025-03-31 18:00:00,0.928085,False,,none,0.0
cfo_SYN000755,evt_SYN000151,sub_SYN00095,immediate,2025-06-17 16:26:00,0.47611,False,,none,0.0
cfo_SYN000756,evt_SYN000151,sub_SYN00095,plus_1_day_morning,2025-06-18 10:19:00,0.638939,True,2025-06-18 16:53:00,auto_retry,3337.0
cfo_SYN000757,evt_SYN000151,sub_SYN00095,payday_window,2025-06-28 10:00:00,0.729252,False,,none,0.0
cfo_SYN000758,evt_SYN000151,sub_SYN00095,plus_3_days,2025-06-20 15:24:00,0.825984,True,2025-06-25 09:34:00,auto_retry,3337.0
cfo_SYN000759,evt_SYN000151,sub_SYN00095,month_end_window,2025-06-30 18:00:00,0.943442,True,2025-07-01 14:28:00,customer_self_serve,3337.0
cfo_SYN000760,evt_SYN000152,sub_SYN00095,immediate,2025-07-18 04:21:00,0.28511,True,2025-07-20 08:44:00,auto_retry,3337.0
cfo_SYN000761,evt_SYN000152,sub_SYN00095,plus_1_day_morning,2025-07-19 11:53:00,0.656106,False,,none,0.0
cfo_SYN000762,evt_SYN000152,sub_SYN00095,payday_window,2025-07-29 10:00:00,0.890746,True,2025-08-01 03:59:00,auto_retry,3029.45
cfo_SYN000763,evt_SYN000152,sub_SYN00095,plus_3_days,2025-07-21 18:22:00,0.861086,True,2025-07-22 06:32:00,auto_retry,3162.18
cfo_SYN000764,evt_SYN000152,sub_SYN00095,month_end_window,2025-07-31 18:00:00,0.955441,True,2025-08-01 03:59:00,auto_retry,3337.0
cfo_SYN000765,evt_SYN000153,sub_SYN00096,immediate,2026-02-02 22:43:00,0.864087,True,2026-02-03 01:02:00,auto_retry,2375.0
cfo_SYN000766,evt_SYN000153,sub_SYN00096,plus_1_day_morning,2026-02-03 08:43:00,0.654873,True,2026-02-04 07:14:00,customer_self_serve,2375.0
cfo_SYN000767,evt_SYN000153,sub_SYN00096,payday_window,2026-02-03 10:00:00,0.975496,True,2026-02-04 10:06:00,auto_retry,2375.0
cfo_SYN000768,evt_SYN000153,sub_SYN00096,plus_3_days,2026-02-05 12:53:00,0.555062,False,,none,0.0
cfo_SYN000769,evt_SYN000153,sub_SYN00096,month_end_window,2026-02-28 18:00:00,0.883487,False,,none,0.0
cfo_SYN000770,evt_SYN000154,sub_SYN00097,immediate,2026-02-12 04:00:00,0.783067,False,,none,0.0
cfo_SYN000771,evt_SYN000154,sub_SYN00097,plus_1_day_morning,2026-02-13 08:55:00,0.889623,True,2026-02-13 10:07:00,auto_retry,816.0
cfo_SYN000772,evt_SYN000154,sub_SYN00097,payday_window,2026-02-26 10:00:00,0.800505,False,,none,0.0
cfo_SYN000773,evt_SYN000154,sub_SYN00097,plus_3_days,2026-02-15 10:29:00,0.770547,True,2026-02-20 04:37:00,auto_retry,816.0
cfo_SYN000774,evt_SYN000154,sub_SYN00097,month_end_window,2026-02-28 18:00:00,0.870889,False,,none,0.0
cfo_SYN000775,evt_SYN000155,sub_SYN00098,immediate,2026-04-07 17:41:00,0.867789,True,2026-04-08 02:55:00,auto_retry,991.0
cfo_SYN000776,evt_SYN000155,sub_SYN00098,plus_1_day_morning,2026-04-08 11:39:00,0.972779,True,2026-04-09 15:21:00,auto_retry,991.0
cfo_SYN000777,evt_SYN000155,sub_SYN00098,payday_window,2026-04-28 10:00:00,0.914462,False,,none,0.0
cfo_SYN000778,evt_SYN000155,sub_SYN00098,plus_3_days,2026-04-10 18:35:00,0.761004,False,,none,0.0
cfo_SYN000779,evt_SYN000155,sub_SYN00098,month_end_window,2026-04-30 18:00:00,0.804671,False,,none,0.0
cfo_SYN000780,evt_SYN000156,sub_SYN00099,immediate,2026-01-23 06:15:00,0.21624,False,,none,0.0
cfo_SYN000781,evt_SYN000156,sub_SYN00099,plus_1_day_morning,2026-01-24 11:51:00,0.041933,False,,none,0.0
cfo_SYN000782,evt_SYN000156,sub_SYN00099,payday_window,2026-01-29 10:00:00,0.060347,False,,none,0.0
cfo_SYN000783,evt_SYN000156,sub_SYN00099,plus_3_days,2026-01-26 13:22:00,0.093342,False,,none,0.0
cfo_SYN000784,evt_SYN000156,sub_SYN00099,month_end_window,2026-01-31 18:00:00,0.172609,False,,none,0.0
cfo_SYN000785,evt_SYN000157,sub_SYN00100,immediate,2025-12-24 22:56:00,0.152216,False,,none,0.0
cfo_SYN000786,evt_SYN000157,sub_SYN00100,plus_1_day_morning,2025-12-25 11:55:00,0.088596,True,2026-01-07 20:58:00,auto_retry,669.0
cfo_SYN000787,evt_SYN000157,sub_SYN00100,payday_window,2025-12-29 10:00:00,0.064135,False,,none,0.0
cfo_SYN000788,evt_SYN000157,sub_SYN00100,plus_3_days,2025-12-27 15:55:00,0.193465,False,,none,0.0
cfo_SYN000789,evt_SYN000157,sub_SYN00100,month_end_window,2025-12-31 18:00:00,0.247901,True,2026-01-07 20:58:00,customer_self_serve,669.0
cfo_SYN000790,evt_SYN000158,sub_SYN00101,immediate,2025-12-27 08:31:00,0.811881,True,2025-12-27 12:23:00,auto_retry,134.0
cfo_SYN000791,evt_SYN000158,sub_SYN00101,plus_1_day_morning,2025-12-28 10:10:00,0.886939,True,2025-12-30 01:59:00,customer_self_serve,134.0
cfo_SYN000792,evt_SYN000158,sub_SYN00101,payday_window,2025-12-29 10:00:00,0.955981,True,2025-12-29 21:50:00,auto_retry,134.0
cfo_SYN000793,evt_SYN000158,sub_SYN00101,plus_3_days,2025-12-30 15:43:00,0.895258,False,,none,0.0
cfo_SYN000794,evt_SYN000158,sub_SYN00101,month_end_window,2025-12-31 18:00:00,0.891911,False,,none,0.0
cfo_SYN000795,evt_SYN000159,sub_SYN00102,immediate,2026-05-21 14:51:00,0.864789,True,2026-05-22 09:36:00,customer_self_serve,324.0
cfo_SYN000796,evt_SYN000159,sub_SYN00102,plus_1_day_morning,2026-05-22 11:19:00,0.971475,True,2026-05-23 13:11:00,auto_retry,324.0
cfo_SYN000797,evt_SYN000159,sub_SYN00102,payday_window,2026-05-29 10:00:00,0.891214,True,2026-05-29 18:56:00,customer_self_serve,324.0
cfo_SYN000798,evt_SYN000159,sub_SYN00102,plus_3_days,2026-05-24 12:58:00,0.71811,True,2026-05-27 22:59:00,auto_retry,314.01
cfo_SYN000799,evt_SYN000159,sub_SYN00102,month_end_window,2026-05-31 18:00:00,0.58411,False,,none,0.0
cfo_SYN000800,evt_SYN000160,sub_SYN00103,immediate,2025-10-25 13:45:00,0.146509,False,,none,0.0
cfo_SYN000801,evt_SYN000160,sub_SYN00103,plus_1_day_morning,2025-10-26 08:22:00,0.461026,True,2025-10-27 03:48:00,auto_retry,300.0
cfo_SYN000802,evt_SYN000160,sub_SYN00103,payday_window,2025-10-29 10:00:00,0.34391,False,,none,0.0
cfo_SYN000803,evt_SYN000160,sub_SYN00103,plus_3_days,2025-10-28 19:11:00,0.070271,False,,none,0.0
cfo_SYN000804,evt_SYN000160,sub_SYN00103,month_end_window,2025-10-31 18:00:00,0.034961,False,,none,0.0
cfo_SYN000805,evt_SYN000161,sub_SYN00104,immediate,2025-10-03 22:57:00,0.493233,True,2025-10-14 05:18:00,auto_retry,680.0
cfo_SYN000806,evt_SYN000161,sub_SYN00104,plus_1_day_morning,2025-10-04 08:10:00,0.506446,True,2025-10-08 12:26:00,auto_retry,610.88
cfo_SYN000807,evt_SYN000161,sub_SYN00104,payday_window,2025-10-29 10:00:00,0.764434,False,,none,0.0
cfo_SYN000808,evt_SYN000161,sub_SYN00104,plus_3_days,2025-10-06 17:36:00,0.562298,True,2025-10-17 21:22:00,auto_retry,680.0
cfo_SYN000809,evt_SYN000161,sub_SYN00104,month_end_window,2025-10-31 18:00:00,0.33708,False,,none,0.0
cfo_SYN000810,evt_SYN000162,sub_SYN00104,immediate,2025-10-22 12:20:00,0.450767,True,2025-11-02 14:17:00,auto_retry,680.0
cfo_SYN000811,evt_SYN000162,sub_SYN00104,plus_1_day_morning,2025-10-23 11:18:00,0.51853,True,2025-10-26 02:14:00,auto_retry,680.0
cfo_SYN000812,evt_SYN000162,sub_SYN00104,payday_window,2025-10-29 10:00:00,0.336689,False,,none,0.0
cfo_SYN000813,evt_SYN000162,sub_SYN00104,plus_3_days,2025-10-25 14:36:00,0.172051,False,,none,0.0
cfo_SYN000814,evt_SYN000162,sub_SYN00104,month_end_window,2025-10-31 18:00:00,0.645513,True,2025-11-02 12:49:00,auto_retry,680.0
cfo_SYN000815,evt_SYN000163,sub_SYN00104,immediate,2025-11-16 04:44:00,0.51172,True,2025-11-30 03:14:00,customer_self_serve,680.0
cfo_SYN000816,evt_SYN000163,sub_SYN00104,plus_1_day_morning,2025-11-17 09:38:00,0.240041,True,2025-11-21 16:36:00,auto_retry,680.0
cfo_SYN000817,evt_SYN000163,sub_SYN00104,payday_window,2025-11-28 10:00:00,0.651146,True,2025-11-30 03:14:00,auto_retry,680.0
cfo_SYN000818,evt_SYN000163,sub_SYN00104,plus_3_days,2025-11-19 13:32:00,0.380977,False,,none,0.0
cfo_SYN000819,evt_SYN000163,sub_SYN00104,month_end_window,2025-11-30 18:00:00,0.814497,False,,none,0.0
cfo_SYN000820,evt_SYN000164,sub_SYN00105,immediate,2026-02-15 02:38:00,0.37266,False,,none,0.0
cfo_SYN000821,evt_SYN000164,sub_SYN00105,plus_1_day_morning,2026-02-16 09:40:00,0.856163,False,,none,0.0
cfo_SYN000822,evt_SYN000164,sub_SYN00105,payday_window,2026-02-26 10:00:00,0.871214,True,2026-03-01 00:54:00,customer_self_serve,348.0
cfo_SYN000823,evt_SYN000164,sub_SYN00105,plus_3_days,2026-02-18 19:45:00,0.925053,False,,none,0.0
cfo_SYN000824,evt_SYN000164,sub_SYN00105,month_end_window,2026-02-28 18:00:00,0.920805,True,2026-03-01 00:54:00,auto_retry,348.0
cfo_SYN000825,evt_SYN000165,sub_SYN00105,immediate,2026-03-17 04:30:00,0.814811,True,2026-03-31 02:32:00,auto_retry,348.0
cfo_SYN000826,evt_SYN000165,sub_SYN00105,plus_1_day_morning,2026-03-18 10:16:00,0.605175,True,2026-03-18 17:10:00,customer_self_serve,348.0
cfo_SYN000827,evt_SYN000165,sub_SYN00105,payday_window,2026-03-29 10:00:00,0.956605,False,,none,0.0
cfo_SYN000828,evt_SYN000165,sub_SYN00105,plus_3_days,2026-03-20 19:38:00,0.804079,True,2026-03-28 15:29:00,customer_self_serve,348.0
cfo_SYN000829,evt_SYN000165,sub_SYN00105,month_end_window,2026-03-31 18:00:00,0.98,False,,none,0.0
cfo_SYN000830,evt_SYN000166,sub_SYN00105,immediate,2026-04-09 03:59:00,0.930333,True,2026-04-10 15:00:00,customer_self_serve,348.0
cfo_SYN000831,evt_SYN000166,sub_SYN00105,plus_1_day_morning,2026-04-10 09:15:00,0.855069,True,2026-04-11 15:08:00,auto_retry,348.0
cfo_SYN000832,evt_SYN000166,sub_SYN00105,payday_window,2026-04-28 10:00:00,0.931467,False,,none,0.0
cfo_SYN000833,evt_SYN000166,sub_SYN00105,plus_3_days,2026-04-12 18:05:00,0.900835,True,2026-04-14 20:27:00,auto_retry,348.0
cfo_SYN000834,evt_SYN000166,sub_SYN00105,month_end_window,2026-04-30 18:00:00,0.935153,False,,none,0.0
cfo_SYN000835,evt_SYN000167,sub_SYN00106,immediate,2026-06-04 08:08:00,0.925775,True,2026-06-07 00:17:00,auto_retry,434.0
cfo_SYN000836,evt_SYN000167,sub_SYN00106,plus_1_day_morning,2026-06-05 10:04:00,0.77604,True,2026-06-06 06:26:00,customer_self_serve,434.0
cfo_SYN000837,evt_SYN000167,sub_SYN00106,payday_window,2026-06-28 10:00:00,0.951406,False,,none,0.0
cfo_SYN000838,evt_SYN000167,sub_SYN00106,plus_3_days,2026-06-07 15:45:00,0.969874,True,2026-06-07 19:13:00,auto_retry,434.0
cfo_SYN000839,evt_SYN000167,sub_SYN00106,month_end_window,2026-06-30 18:00:00,0.978449,False,,none,0.0
cfo_SYN000840,evt_SYN000168,sub_SYN00107,immediate,2026-04-20 20:08:00,0.904923,False,,none,0.0
cfo_SYN000841,evt_SYN000168,sub_SYN00107,plus_1_day_morning,2026-04-21 10:20:00,0.938706,True,2026-04-21 22:26:00,auto_retry,476.0
cfo_SYN000842,evt_SYN000168,sub_SYN00107,payday_window,2026-04-28 10:00:00,0.880834,True,2026-04-30 08:26:00,customer_self_serve,476.0
cfo_SYN000843,evt_SYN000168,sub_SYN00107,plus_3_days,2026-04-23 10:00:00,0.955219,True,2026-04-23 16:17:00,customer_self_serve,476.0
cfo_SYN000844,evt_SYN000168,sub_SYN00107,month_end_window,2026-04-30 18:00:00,0.614194,True,2026-05-01 06:47:00,auto_retry,476.0
cfo_SYN000845,evt_SYN000169,sub_SYN00108,immediate,2026-03-10 03:11:00,0.957221,True,2026-03-11 08:04:00,auto_retry,100.98
cfo_SYN000846,evt_SYN000169,sub_SYN00108,plus_1_day_morning,2026-03-11 10:02:00,0.782575,True,2026-03-13 04:18:00,auto_retry,107.0
cfo_SYN000847,evt_SYN000169,sub_SYN00108,payday_window,2026-03-29 10:00:00,0.858542,False,,none,0.0
cfo_SYN000848,evt_SYN000169,sub_SYN00108,plus_3_days,2026-03-13 19:35:00,0.938267,True,2026-03-17 01:04:00,customer_self_serve,107.0
cfo_SYN000849,evt_SYN000169,sub_SYN00108,month_end_window,2026-03-31 18:00:00,0.694663,False,,none,0.0
cfo_SYN000850,evt_SYN000170,sub_SYN00109,immediate,2025-11-29 07:27:00,0.06544,False,,none,0.0
cfo_SYN000851,evt_SYN000170,sub_SYN00109,plus_1_day_morning,2025-11-30 11:11:00,0.237836,False,,none,0.0
cfo_SYN000852,evt_SYN000170,sub_SYN00109,payday_window,2025-11-30 10:00:00,0.183344,True,2025-12-03 03:42:00,customer_self_serve,95.0
cfo_SYN000853,evt_SYN000170,sub_SYN00109,plus_3_days,2025-12-02 19:16:00,0.060036,False,,none,0.0
cfo_SYN000854,evt_SYN000170,sub_SYN00109,month_end_window,2025-11-30 18:00:00,0.098275,False,,none,0.0
cfo_SYN000855,evt_SYN000171,sub_SYN00110,immediate,2024-12-22 09:59:00,0.946838,True,2024-12-22 15:41:00,customer_self_serve,361.0
cfo_SYN000856,evt_SYN000171,sub_SYN00110,plus_1_day_morning,2024-12-23 09:59:00,0.857589,True,2024-12-24 16:16:00,auto_retry,361.0
cfo_SYN000857,evt_SYN000171,sub_SYN00110,payday_window,2024-12-29 10:00:00,0.797478,False,,none,0.0
cfo_SYN000858,evt_SYN000171,sub_SYN00110,plus_3_days,2024-12-25 11:58:00,0.949896,True,2024-12-28 22:52:00,auto_retry,361.0
cfo_SYN000859,evt_SYN000171,sub_SYN00110,month_end_window,2024-12-31 18:00:00,0.857681,True,2025-01-02 13:56:00,auto_retry,361.0
cfo_SYN000860,evt_SYN000172,sub_SYN00111,immediate,2026-06-09 01:55:00,0.946956,True,2026-06-10 02:30:00,auto_retry,359.0
cfo_SYN000861,evt_SYN000172,sub_SYN00111,plus_1_day_morning,2026-06-10 09:38:00,0.938696,True,2026-06-11 23:23:00,customer_self_serve,359.0
cfo_SYN000862,evt_SYN000172,sub_SYN00111,payday_window,2026-06-28 10:00:00,0.866663,False,,none,0.0
cfo_SYN000863,evt_SYN000172,sub_SYN00111,plus_3_days,2026-06-12 16:20:00,0.859007,True,2026-06-14 17:50:00,auto_retry,359.0
cfo_SYN000864,evt_SYN000172,sub_SYN00111,month_end_window,2026-06-30 18:00:00,0.930849,False,,none,0.0
cfo_SYN000865,evt_SYN000173,sub_SYN00112,immediate,2026-06-11 15:16:00,0.960123,True,2026-06-12 06:12:00,auto_retry,172.0
cfo_SYN000866,evt_SYN000173,sub_SYN00112,plus_1_day_morning,2026-06-12 09:32:00,0.965809,True,2026-06-14 16:22:00,auto_retry,172.0
cfo_SYN000867,evt_SYN000173,sub_SYN00112,payday_window,2026-06-28 10:00:00,0.978029,False,,none,0.0
cfo_SYN000868,evt_SYN000173,sub_SYN00112,plus_3_days,2026-06-14 09:04:00,0.930485,True,2026-06-15 17:34:00,auto_retry,172.0
cfo_SYN000869,evt_SYN000173,sub_SYN00112,month_end_window,2026-06-30 18:00:00,0.98,False,,none,0.0
cfo_SYN000870,evt_SYN000174,sub_SYN00113,immediate,2025-12-11 13:31:00,0.692468,True,2025-12-12 01:44:00,auto_retry,320.0
cfo_SYN000871,evt_SYN000174,sub_SYN00113,plus_1_day_morning,2025-12-12 08:24:00,0.890357,True,2025-12-16 22:51:00,auto_retry,320.0
cfo_SYN000872,evt_SYN000174,sub_SYN00113,payday_window,2025-12-29 10:00:00,0.904598,False,,none,0.0
cfo_SYN000873,evt_SYN000174,sub_SYN00113,plus_3_days,2025-12-14 17:19:00,0.853203,True,2025-12-15 09:12:00,auto_retry,320.0
cfo_SYN000874,evt_SYN000174,sub_SYN00113,month_end_window,2025-12-31 18:00:00,0.955427,False,,none,0.0
cfo_SYN000875,evt_SYN000175,sub_SYN00113,immediate,2026-01-06 23:45:00,0.797489,True,2026-01-11 03:29:00,auto_retry,320.0
cfo_SYN000876,evt_SYN000175,sub_SYN00113,plus_1_day_morning,2026-01-07 08:47:00,0.656362,True,2026-01-11 05:12:00,auto_retry,320.0
cfo_SYN000877,evt_SYN000175,sub_SYN00113,payday_window,2026-01-29 10:00:00,0.901927,False,,none,0.0
cfo_SYN000878,evt_SYN000175,sub_SYN00113,plus_3_days,2026-01-09 15:51:00,0.823498,True,2026-01-11 16:45:00,customer_self_serve,320.0
cfo_SYN000879,evt_SYN000175,sub_SYN00113,month_end_window,2026-01-31 18:00:00,0.888912,False,,none,0.0
cfo_SYN000880,evt_SYN000176,sub_SYN00114,immediate,2026-03-09 18:59:00,0.941568,True,2026-03-09 22:38:00,auto_retry,422.0
cfo_SYN000881,evt_SYN000176,sub_SYN00114,plus_1_day_morning,2026-03-10 09:02:00,0.970886,True,2026-03-10 15:18:00,customer_self_serve,422.0
cfo_SYN000882,evt_SYN000176,sub_SYN00114,payday_window,2026-03-29 10:00:00,0.771519,False,,none,0.0
cfo_SYN000883,evt_SYN000176,sub_SYN00114,plus_3_days,2026-03-12 12:08:00,0.970127,True,2026-03-16 20:06:00,auto_retry,422.0
cfo_SYN000884,evt_SYN000176,sub_SYN00114,month_end_window,2026-03-31 18:00:00,0.947948,False,,none,0.0
cfo_SYN000885,evt_SYN000177,sub_SYN00115,immediate,2025-02-28 16:26:00,0.219782,False,,none,0.0
cfo_SYN000886,evt_SYN000177,sub_SYN00115,plus_1_day_morning,2025-03-01 08:55:00,0.35166,False,,none,0.0
cfo_SYN000887,evt_SYN000177,sub_SYN00115,payday_window,2025-03-01 10:00:00,0.662312,True,2025-03-14 15:20:00,customer_self_serve,121.0
cfo_SYN000888,evt_SYN000177,sub_SYN00115,plus_3_days,2025-03-03 15:15:00,0.7357,True,2025-03-13 00:12:00,customer_self_serve,121.0
cfo_SYN000889,evt_SYN000177,sub_SYN00115,month_end_window,2025-03-31 18:00:00,0.2288,False,,none,0.0
cfo_SYN000890,evt_SYN000178,sub_SYN00115,immediate,2025-03-20 07:11:00,0.348031,True,2025-04-01 18:56:00,customer_self_serve,121.0
cfo_SYN000891,evt_SYN000178,sub_SYN00115,plus_1_day_morning,2025-03-21 11:26:00,0.149634,False,,none,0.0
cfo_SYN000892,evt_SYN000178,sub_SYN00115,payday_window,2025-03-29 10:00:00,0.576706,True,2025-03-31 00:31:00,customer_self_serve,121.0
cfo_SYN000893,evt_SYN000178,sub_SYN00115,plus_3_days,2025-03-23 10:20:00,0.423199,True,2025-03-24 16:21:00,auto_retry,121.0
cfo_SYN000894,evt_SYN000178,sub_SYN00115,month_end_window,2025-03-31 18:00:00,0.79324,True,2025-04-02 19:10:00,auto_retry,121.0
cfo_SYN000895,evt_SYN000179,sub_SYN00116,immediate,2026-04-28 13:45:00,0.169963,False,,none,0.0
cfo_SYN000896,evt_SYN000179,sub_SYN00116,plus_1_day_morning,2026-04-29 11:15:00,0.803663,True,2026-04-30 10:39:00,auto_retry,417.0
cfo_SYN000897,evt_SYN000179,sub_SYN00116,payday_window,2026-04-29 10:00:00,0.91006,True,2026-05-06 16:28:00,customer_self_serve,417.0
cfo_SYN000898,evt_SYN000179,sub_SYN00116,plus_3_days,2026-05-01 17:16:00,0.66882,True,2026-05-09 05:36:00,customer_self_serve,417.0
cfo_SYN000899,evt_SYN000179,sub_SYN00116,month_end_window,2026-04-30 18:00:00,0.694114,True,2026-05-12 12:33:00,auto_retry,417.0
cfo_SYN000900,evt_SYN000180,sub_SYN00116,immediate,2026-05-25 08:23:00,0.573964,True,2026-05-26 20:41:00,customer_self_serve,417.0
cfo_SYN000901,evt_SYN000180,sub_SYN00116,plus_1_day_morning,2026-05-26 09:09:00,0.762293,False,,none,0.0
cfo_SYN000902,evt_SYN000180,sub_SYN00116,payday_window,2026-05-29 10:00:00,0.707975,False,,none,0.0
cfo_SYN000903,evt_SYN000180,sub_SYN00116,plus_3_days,2026-05-28 13:21:00,0.408736,False,,none,0.0
cfo_SYN000904,evt_SYN000180,sub_SYN00116,month_end_window,2026-05-31 18:00:00,0.636765,True,2026-06-08 07:50:00,auto_retry,358.96
cfo_SYN000905,evt_SYN000181,sub_SYN00116,immediate,2026-07-03 05:06:00,0.490484,True,2026-07-07 23:23:00,auto_retry,417.0
cfo_SYN000906,evt_SYN000181,sub_SYN00116,plus_1_day_morning,2026-07-04 11:19:00,0.868318,True,2026-07-11 02:47:00,auto_retry,417.0
cfo_SYN000907,evt_SYN000181,sub_SYN00116,payday_window,2026-07-29 10:00:00,0.733047,False,,none,0.0
cfo_SYN000908,evt_SYN000181,sub_SYN00116,plus_3_days,2026-07-06 16:43:00,0.864774,True,2026-07-11 10:45:00,auto_retry,417.0
cfo_SYN000909,evt_SYN000181,sub_SYN00116,month_end_window,2026-07-31 18:00:00,0.70931,False,,none,0.0
cfo_SYN000910,evt_SYN000182,sub_SYN00116,immediate,2026-07-16 07:28:00,0.430167,False,,none,0.0
cfo_SYN000911,evt_SYN000182,sub_SYN00116,plus_1_day_morning,2026-07-17 09:49:00,0.71672,True,2026-07-18 16:37:00,customer_self_serve,394.57
cfo_SYN000912,evt_SYN000182,sub_SYN00116,payday_window,2026-07-29 10:00:00,0.784505,False,,none,0.0
cfo_SYN000913,evt_SYN000182,sub_SYN00116,plus_3_days,2026-07-19 11:16:00,0.429172,False,,none,0.0
cfo_SYN000914,evt_SYN000182,sub_SYN00116,month_end_window,2026-07-31 18:00:00,0.700029,False,,none,0.0
cfo_SYN000915,evt_SYN000183,sub_SYN00117,immediate,2026-04-25 09:11:00,0.727091,True,2026-04-27 10:47:00,auto_retry,381.0
cfo_SYN000916,evt_SYN000183,sub_SYN00117,plus_1_day_morning,2026-04-26 09:41:00,0.682368,True,2026-04-26 15:59:00,customer_self_serve,381.0
cfo_SYN000917,evt_SYN000183,sub_SYN00117,payday_window,2026-04-28 10:00:00,0.657292,True,2026-04-30 22:21:00,auto_retry,381.0
cfo_SYN000918,evt_SYN000183,sub_SYN00117,plus_3_days,2026-04-28 09:36:00,0.845725,True,2026-05-05 07:59:00,auto_retry,365.27
cfo_SYN000919,evt_SYN000183,sub_SYN00117,month_end_window,2026-04-30 18:00:00,0.824274,True,2026-05-09 07:26:00,customer_self_serve,346.6
cfo_SYN000920,evt_SYN000184,sub_SYN00117,immediate,2026-05-30 12:01:00,0.925233,True,2026-06-08 05:32:00,auto_retry,381.0
cfo_SYN000921,evt_SYN000184,sub_SYN00117,plus_1_day_morning,2026-05-31 10:34:00,0.98,True,2026-05-31 23:37:00,auto_retry,362.2
cfo_SYN000922,evt_SYN000184,sub_SYN00117,payday_window,2026-05-31 10:00:00,0.952031,True,2026-06-09 22:22:00,auto_retry,381.0
cfo_SYN000923,evt_SYN000184,sub_SYN00117,plus_3_days,2026-06-02 18:17:00,0.962987,True,2026-06-05 22:16:00,auto_retry,381.0
cfo_SYN000924,evt_SYN000184,sub_SYN00117,month_end_window,2026-05-31 18:00:00,0.968597,True,2026-06-05 01:43:00,auto_retry,381.0
cfo_SYN000925,evt_SYN000185,sub_SYN00117,immediate,2026-06-30 00:53:00,0.573461,True,2026-07-05 14:10:00,auto_retry,381.0
cfo_SYN000926,evt_SYN000185,sub_SYN00117,plus_1_day_morning,2026-07-01 08:41:00,0.955343,False,,none,0.0
cfo_SYN000927,evt_SYN000185,sub_SYN00117,payday_window,2026-07-01 10:00:00,0.865405,True,2026-07-03 11:09:00,auto_retry,381.0
cfo_SYN000928,evt_SYN000185,sub_SYN00117,plus_3_days,2026-07-03 16:45:00,0.862386,True,2026-07-05 03:07:00,customer_self_serve,381.0
cfo_SYN000929,evt_SYN000185,sub_SYN00117,month_end_window,2026-07-31 18:00:00,0.781959,False,,none,0.0
cfo_SYN000930,evt_SYN000186,sub_SYN00118,immediate,2026-05-30 13:42:00,0.827866,True,2026-05-31 07:06:00,auto_retry,164.09
cfo_SYN000931,evt_SYN000186,sub_SYN00118,plus_1_day_morning,2026-05-31 08:39:00,0.945775,True,2026-05-31 19:03:00,auto_retry,192.0
cfo_SYN000932,evt_SYN000186,sub_SYN00118,payday_window,2026-05-31 10:00:00,0.948955,True,2026-05-31 11:12:00,auto_retry,192.0
cfo_SYN000933,evt_SYN000186,sub_SYN00118,plus_3_days,2026-06-02 17:12:00,0.890214,True,2026-06-03 23:16:00,auto_retry,192.0
cfo_SYN000934,evt_SYN000186,sub_SYN00118,month_end_window,2026-05-31 18:00:00,0.866426,True,2026-06-01 07:18:00,customer_self_serve,192.0
cfo_SYN000935,evt_SYN000187,sub_SYN00119,immediate,2026-05-10 01:00:00,0.653264,True,2026-05-10 16:40:00,auto_retry,1636.97
cfo_SYN000936,evt_SYN000187,sub_SYN00119,plus_1_day_morning,2026-05-11 11:24:00,0.931575,True,2026-05-16 04:53:00,customer_self_serve,1889.0
cfo_SYN000937,evt_SYN000187,sub_SYN00119,payday_window,2026-05-29 10:00:00,0.72471,False,,none,0.0
cfo_SYN000938,evt_SYN000187,sub_SYN00119,plus_3_days,2026-05-13 17:31:00,0.671362,True,2026-05-15 00:05:00,customer_self_serve,1651.87
cfo_SYN000939,evt_SYN000187,sub_SYN00119,month_end_window,2026-05-31 18:00:00,0.976023,False,,none,0.0
cfo_SYN000940,evt_SYN000188,sub_SYN00120,immediate,2026-05-27 08:55:00,0.486647,True,2026-05-29 12:21:00,auto_retry,2515.1
cfo_SYN000941,evt_SYN000188,sub_SYN00120,plus_1_day_morning,2026-05-28 10:39:00,0.934629,True,2026-05-30 13:02:00,customer_self_serve,2701.0
cfo_SYN000942,evt_SYN000188,sub_SYN00120,payday_window,2026-05-29 10:00:00,0.962942,True,2026-06-01 03:02:00,auto_retry,2701.0
cfo_SYN000943,evt_SYN000188,sub_SYN00120,plus_3_days,2026-05-30 17:54:00,0.97001,True,2026-05-31 13:25:00,auto_retry,2701.0
cfo_SYN000944,evt_SYN000188,sub_SYN00120,month_end_window,2026-05-31 18:00:00,0.966543,True,2026-05-31 21:57:00,auto_retry,2701.0
cfo_SYN000945,evt_SYN000189,sub_SYN00120,immediate,2026-06-29 13:06:00,0.795352,True,2026-07-01 00:12:00,auto_retry,2351.98
cfo_SYN000946,evt_SYN000189,sub_SYN00120,plus_1_day_morning,2026-06-30 11:37:00,0.856512,True,2026-07-01 06:17:00,auto_retry,2701.0
cfo_SYN000947,evt_SYN000189,sub_SYN00120,payday_window,2026-06-30 10:00:00,0.950174,True,2026-07-01 02:21:00,customer_self_serve,2701.0
cfo_SYN000948,evt_SYN000189,sub_SYN00120,plus_3_days,2026-07-02 15:19:00,0.903738,True,2026-07-02 19:05:00,auto_retry,2701.0
cfo_SYN000949,evt_SYN000189,sub_SYN00120,month_end_window,2026-06-30 18:00:00,0.945308,True,2026-07-02 15:58:00,auto_retry,2701.0
cfo_SYN000950,evt_SYN000190,sub_SYN00121,immediate,2025-02-25 13:18:00,0.73136,True,2025-03-03 11:11:00,auto_retry,463.0
cfo_SYN000951,evt_SYN000190,sub_SYN00121,plus_1_day_morning,2025-02-26 10:21:00,0.885499,True,2025-03-02 12:38:00,auto_retry,463.0
cfo_SYN000952,evt_SYN000190,sub_SYN00121,payday_window,2025-02-26 10:00:00,0.973565,True,2025-02-26 20:18:00,auto_retry,463.0
cfo_SYN000953,evt_SYN000190,sub_SYN00121,plus_3_days,2025-02-28 12:49:00,0.972105,True,2025-03-02 10:13:00,auto_retry,463.0
cfo_SYN000954,evt_SYN000190,sub_SYN00121,month_end_window,2025-02-28 18:00:00,0.974249,True,2025-03-08 22:00:00,auto_retry,463.0
cfo_SYN000955,evt_SYN000191,sub_SYN00121,immediate,2025-03-31 18:23:00,0.720422,False,,none,0.0
cfo_SYN000956,evt_SYN000191,sub_SYN00121,plus_1_day_morning,2025-04-01 10:01:00,0.811836,True,2025-04-07 17:16:00,auto_retry,463.0
cfo_SYN000957,evt_SYN000191,sub_SYN00121,payday_window,2025-04-01 10:00:00,0.914886,True,2025-04-06 06:43:00,auto_retry,463.0
cfo_SYN000958,evt_SYN000191,sub_SYN00121,plus_3_days,2025-04-03 09:50:00,0.862588,True,2025-04-05 13:39:00,auto_retry,404.08
cfo_SYN000959,evt_SYN000191,sub_SYN00121,month_end_window,2025-04-30 18:00:00,0.98,False,,none,0.0
cfo_SYN000960,evt_SYN000192,sub_SYN00121,immediate,2025-04-29 12:24:00,0.958599,False,,none,0.0
cfo_SYN000961,evt_SYN000192,sub_SYN00121,plus_1_day_morning,2025-04-30 11:54:00,0.909515,True,2025-05-12 09:49:00,auto_retry,463.0
cfo_SYN000962,evt_SYN000192,sub_SYN00121,payday_window,2025-04-30 10:00:00,0.921986,True,2025-05-04 20:21:00,auto_retry,463.0
cfo_SYN000963,evt_SYN000192,sub_SYN00121,plus_3_days,2025-05-02 14:53:00,0.784113,True,2025-05-03 10:46:00,auto_retry,463.0
cfo_SYN000964,evt_SYN000192,sub_SYN00121,month_end_window,2025-04-30 18:00:00,0.954054,True,2025-05-04 09:56:00,auto_retry,463.0
cfo_SYN000965,evt_SYN000193,sub_SYN00122,immediate,2026-04-15 16:59:00,0.778596,True,2026-04-22 08:23:00,auto_retry,168.0
cfo_SYN000966,evt_SYN000193,sub_SYN00122,plus_1_day_morning,2026-04-16 11:14:00,0.946948,True,2026-04-16 12:26:00,auto_retry,168.0
cfo_SYN000967,evt_SYN000193,sub_SYN00122,payday_window,2026-04-28 10:00:00,0.932074,True,2026-04-29 16:05:00,auto_retry,161.46
cfo_SYN000968,evt_SYN000193,sub_SYN00122,plus_3_days,2026-04-18 13:23:00,0.957365,True,2026-04-18 14:50:00,auto_retry,168.0
cfo_SYN000969,evt_SYN000193,sub_SYN00122,month_end_window,2026-04-30 18:00:00,0.730892,False,,none,0.0
cfo_SYN000970,evt_SYN000194,sub_SYN00123,immediate,2026-06-14 08:50:00,0.789696,True,2026-06-14 16:45:00,auto_retry,379.0
cfo_SYN000971,evt_SYN000194,sub_SYN00123,plus_1_day_morning,2026-06-15 08:49:00,0.958263,True,2026-06-15 10:53:00,auto_retry,379.0
cfo_SYN000972,evt_SYN000194,sub_SYN00123,payday_window,2026-06-28 10:00:00,0.934044,False,,none,0.0
cfo_SYN000973,evt_SYN000194,sub_SYN00123,plus_3_days,2026-06-17 09:18:00,0.689714,False,,none,0.0
cfo_SYN000974,evt_SYN000194,sub_SYN00123,month_end_window,2026-06-30 18:00:00,0.903779,False,,none,0.0
cfo_SYN000975,evt_SYN000195,sub_SYN00124,immediate,2026-05-11 01:15:00,0.834501,False,,none,0.0
cfo_SYN000976,evt_SYN000195,sub_SYN00124,plus_1_day_morning,2026-05-12 08:29:00,0.92198,True,2026-05-13 15:15:00,auto_retry,831.0
cfo_SYN000977,evt_SYN000195,sub_SYN00124,payday_window,2026-05-29 10:00:00,0.776252,False,,none,0.0
cfo_SYN000978,evt_SYN000195,sub_SYN00124,plus_3_days,2026-05-14 19:49:00,0.813922,True,2026-05-15 09:01:00,auto_retry,831.0
cfo_SYN000979,evt_SYN000195,sub_SYN00124,month_end_window,2026-05-31 18:00:00,0.753464,False,,none,0.0
cfo_SYN000980,evt_SYN000196,sub_SYN00125,immediate,2026-05-12 01:45:00,0.916083,True,2026-05-13 09:03:00,auto_retry,315.0
cfo_SYN000981,evt_SYN000196,sub_SYN00125,plus_1_day_morning,2026-05-13 10:35:00,0.950531,True,2026-05-15 05:17:00,customer_self_serve,270.25
cfo_SYN000982,evt_SYN000196,sub_SYN00125,payday_window,2026-05-29 10:00:00,0.98,False,,none,0.0
cfo_SYN000983,evt_SYN000196,sub_SYN00125,plus_3_days,2026-05-15 09:39:00,0.933894,True,2026-05-16 00:18:00,auto_retry,315.0
cfo_SYN000984,evt_SYN000196,sub_SYN00125,month_end_window,2026-05-31 18:00:00,0.976119,False,,none,0.0
cfo_SYN000985,evt_SYN000197,sub_SYN00126,immediate,2026-04-26 07:30:00,0.892348,True,2026-04-26 08:42:00,customer_self_serve,808.0
cfo_SYN000986,evt_SYN000197,sub_SYN00126,plus_1_day_morning,2026-04-27 10:17:00,0.962908,True,2026-04-29 20:54:00,auto_retry,808.0
cfo_SYN000987,evt_SYN000197,sub_SYN00126,payday_window,2026-04-28 10:00:00,0.844226,False,,none,0.0
cfo_SYN000988,evt_SYN000197,sub_SYN00126,plus_3_days,2026-04-29 11:44:00,0.876383,False,,none,0.0
cfo_SYN000989,evt_SYN000197,sub_SYN00126,month_end_window,2026-04-30 18:00:00,0.76553,True,2026-05-05 20:45:00,customer_self_serve,808.0
cfo_SYN000990,evt_SYN000198,sub_SYN00127,immediate,2025-12-06 14:03:00,0.933658,True,2025-12-07 02:55:00,auto_retry,320.0
cfo_SYN000991,evt_SYN000198,sub_SYN00127,plus_1_day_morning,2025-12-07 08:12:00,0.881776,True,2025-12-07 18:51:00,auto_retry,320.0
cfo_SYN000992,evt_SYN000198,sub_SYN00127,payday_window,2025-12-29 10:00:00,0.937872,False,,none,0.0
cfo_SYN000993,evt_SYN000198,sub_SYN00127,plus_3_days,2025-12-09 15:49:00,0.787234,True,2025-12-10 08:30:00,auto_retry,320.0
cfo_SYN000994,evt_SYN000198,sub_SYN00127,month_end_window,2025-12-31 18:00:00,0.936296,False,,none,0.0
cfo_SYN000995,evt_SYN000199,sub_SYN00128,immediate,2026-04-20 17:57:00,0.673203,False,,none,0.0
cfo_SYN000996,evt_SYN000199,sub_SYN00128,plus_1_day_morning,2026-04-21 08:48:00,0.943888,True,2026-04-24 10:11:00,auto_retry,374.0
cfo_SYN000997,evt_SYN000199,sub_SYN00128,payday_window,2026-04-28 10:00:00,0.904085,True,2026-05-04 13:34:00,auto_retry,374.0
cfo_SYN000998,evt_SYN000199,sub_SYN00128,plus_3_days,2026-04-23 16:54:00,0.935384,False,,none,0.0
cfo_SYN000999,evt_SYN000199,sub_SYN00128,month_end_window,2026-04-30 18:00:00,0.98,True,2026-05-01 07:35:00,auto_retry,374.0
cfo_SYN001000,evt_SYN000200,sub_SYN00129,immediate,2026-06-14 21:20:00,0.270312,False,,none,0.0
cfo_SYN001001,evt_SYN000200,sub_SYN00129,plus_1_day_morning,2026-06-15 11:11:00,0.720547,True,2026-06-21 01:37:00,auto_retry,142.0
cfo_SYN001002,evt_SYN000200,sub_SYN00129,payday_window,2026-06-28 10:00:00,0.98,True,2026-06-28 11:12:00,auto_retry,142.0
cfo_SYN001003,evt_SYN000200,sub_SYN00129,plus_3_days,2026-06-17 11:14:00,0.904754,True,2026-06-28 16:20:00,auto_retry,142.0
cfo_SYN001004,evt_SYN000200,sub_SYN00129,month_end_window,2026-06-30 18:00:00,0.778213,False,,none,0.0
cfo_SYN001005,evt_SYN000201,sub_SYN00129,immediate,2026-07-14 10:12:00,0.681719,True,2026-07-15 04:18:00,auto_retry,142.0
cfo_SYN001006,evt_SYN000201,sub_SYN00129,plus_1_day_morning,2026-07-15 11:39:00,0.333722,False,,none,0.0
cfo_SYN001007,evt_SYN000201,sub_SYN00129,payday_window,2026-07-29 10:00:00,0.960671,False,,none,0.0
cfo_SYN001008,evt_SYN000201,sub_SYN00129,plus_3_days,2026-07-17 09:11:00,0.825991,True,2026-07-20 05:48:00,customer_self_serve,142.0
cfo_SYN001009,evt_SYN000201,sub_SYN00129,month_end_window,2026-07-31 18:00:00,0.943479,False,,none,0.0
cfo_SYN001010,evt_SYN000202,sub_SYN00130,immediate,2025-12-14 08:05:00,0.900138,True,2025-12-18 13:11:00,auto_retry,908.0
cfo_SYN001011,evt_SYN000202,sub_SYN00130,plus_1_day_morning,2025-12-15 09:27:00,0.954797,True,2025-12-16 04:55:00,auto_retry,908.0
cfo_SYN001012,evt_SYN000202,sub_SYN00130,payday_window,2025-12-29 10:00:00,0.774583,False,,none,0.0
cfo_SYN001013,evt_SYN000202,sub_SYN00130,plus_3_days,2025-12-17 12:55:00,0.890032,True,2025-12-17 19:41:00,customer_self_serve,908.0
cfo_SYN001014,evt_SYN000202,sub_SYN00130,month_end_window,2025-12-31 18:00:00,0.844619,False,,none,0.0
cfo_SYN001015,evt_SYN000203,sub_SYN00131,immediate,2026-06-04 12:01:00,0.446298,False,,none,0.0
cfo_SYN001016,evt_SYN000203,sub_SYN00131,plus_1_day_morning,2026-06-05 10:26:00,0.201023,False,,none,0.0
cfo_SYN001017,evt_SYN000203,sub_SYN00131,payday_window,2026-06-28 10:00:00,0.20263,False,,none,0.0
cfo_SYN001018,evt_SYN000203,sub_SYN00131,plus_3_days,2026-06-07 13:49:00,0.101099,False,,none,0.0
cfo_SYN001019,evt_SYN000203,sub_SYN00131,month_end_window,2026-06-30 18:00:00,0.480056,False,,none,0.0
cfo_SYN001020,evt_SYN000204,sub_SYN00132,immediate,2026-04-19 21:57:00,0.158088,False,,none,0.0
cfo_SYN001021,evt_SYN000204,sub_SYN00132,plus_1_day_morning,2026-04-20 08:27:00,0.855498,True,2026-05-03 20:00:00,auto_retry,418.93
cfo_SYN001022,evt_SYN000204,sub_SYN00132,payday_window,2026-04-28 10:00:00,0.864625,False,,none,0.0
cfo_SYN001023,evt_SYN000204,sub_SYN00132,plus_3_days,2026-04-22 10:26:00,0.198686,False,,none,0.0
cfo_SYN001024,evt_SYN000204,sub_SYN00132,month_end_window,2026-04-30 18:00:00,0.98,True,2026-05-01 17:28:00,auto_retry,466.0
cfo_SYN001025,evt_SYN000205,sub_SYN00132,immediate,2026-05-24 04:19:00,0.833343,True,2026-05-29 15:02:00,auto_retry,466.0
cfo_SYN001026,evt_SYN000205,sub_SYN00132,plus_1_day_morning,2026-05-25 09:18:00,0.962868,True,2026-05-29 15:09:00,auto_retry,466.0
cfo_SYN001027,evt_SYN000205,sub_SYN00132,payday_window,2026-05-29 10:00:00,0.930689,True,2026-05-31 16:06:00,auto_retry,466.0
cfo_SYN001028,evt_SYN000205,sub_SYN00132,plus_3_days,2026-05-27 12:17:00,0.976339,True,2026-05-28 00:22:00,customer_self_serve,466.0
cfo_SYN001029,evt_SYN000205,sub_SYN00132,month_end_window,2026-05-31 18:00:00,0.98,True,2026-06-06 07:36:00,auto_retry,466.0
cfo_SYN001030,evt_SYN000206,sub_SYN00132,immediate,2026-06-17 19:55:00,0.72522,True,2026-06-18 04:21:00,auto_retry,466.0
cfo_SYN001031,evt_SYN000206,sub_SYN00132,plus_1_day_morning,2026-06-18 09:41:00,0.632919,False,,none,0.0
cfo_SYN001032,evt_SYN000206,sub_SYN00132,payday_window,2026-06-28 10:00:00,0.88466,True,2026-06-30 17:53:00,customer_self_serve,466.0
cfo_SYN001033,evt_SYN000206,sub_SYN00132,plus_3_days,2026-06-20 10:02:00,0.7356,False,,none,0.0
cfo_SYN001034,evt_SYN000206,sub_SYN00132,month_end_window,2026-06-30 18:00:00,0.916058,True,2026-07-01 19:13:00,auto_retry,466.0
cfo_SYN001035,evt_SYN000207,sub_SYN00133,immediate,2025-08-21 23:50:00,0.806145,True,2025-08-24 05:27:00,auto_retry,687.0
cfo_SYN001036,evt_SYN000207,sub_SYN00133,plus_1_day_morning,2025-08-22 10:15:00,0.98,True,2025-08-27 06:04:00,customer_self_serve,687.0
cfo_SYN001037,evt_SYN000207,sub_SYN00133,payday_window,2025-08-29 10:00:00,0.908483,False,,none,0.0
cfo_SYN001038,evt_SYN000207,sub_SYN00133,plus_3_days,2025-08-24 11:37:00,0.889256,True,2025-08-27 01:32:00,auto_retry,687.0
cfo_SYN001039,evt_SYN000207,sub_SYN00133,month_end_window,2025-08-31 18:00:00,0.886876,True,2025-09-01 17:56:00,auto_retry,687.0
cfo_SYN001040,evt_SYN000208,sub_SYN00134,immediate,2025-06-29 04:39:00,0.72644,True,2025-07-07 03:01:00,auto_retry,82.0
cfo_SYN001041,evt_SYN000208,sub_SYN00134,plus_1_day_morning,2025-06-30 10:08:00,0.946641,True,2025-07-01 07:11:00,auto_retry,82.0
cfo_SYN001042,evt_SYN000208,sub_SYN00134,payday_window,2025-06-30 10:00:00,0.98,True,2025-07-01 04:12:00,auto_retry,82.0
cfo_SYN001043,evt_SYN000208,sub_SYN00134,plus_3_days,2025-07-02 10:33:00,0.971098,True,2025-07-13 03:50:00,auto_retry,82.0
cfo_SYN001044,evt_SYN000208,sub_SYN00134,month_end_window,2025-06-30 18:00:00,0.976979,True,2025-07-01 06:55:00,auto_retry,82.0
cfo_SYN001045,evt_SYN000209,sub_SYN00134,immediate,2025-07-25 04:56:00,0.431556,False,,none,0.0
cfo_SYN001046,evt_SYN000209,sub_SYN00134,plus_1_day_morning,2025-07-26 10:30:00,0.774327,True,2025-08-02 13:12:00,auto_retry,82.0
cfo_SYN001047,evt_SYN000209,sub_SYN00134,payday_window,2025-07-29 10:00:00,0.681397,True,2025-08-02 09:35:00,customer_self_serve,82.0
cfo_SYN001048,evt_SYN000209,sub_SYN00134,plus_3_days,2025-07-28 12:09:00,0.842219,True,2025-08-01 04:22:00,customer_self_serve,82.0
cfo_SYN001049,evt_SYN000209,sub_SYN00134,month_end_window,2025-07-31 18:00:00,0.896,True,2025-08-01 13:35:00,auto_retry,82.0
cfo_SYN001050,evt_SYN000210,sub_SYN00135,immediate,2026-05-24 15:39:00,0.945542,True,2026-05-26 20:16:00,auto_retry,307.0
cfo_SYN001051,evt_SYN000210,sub_SYN00135,plus_1_day_morning,2026-05-25 11:13:00,0.9379,True,2026-05-25 14:29:00,auto_retry,307.0
cfo_SYN001052,evt_SYN000210,sub_SYN00135,payday_window,2026-05-29 10:00:00,0.936752,True,2026-06-02 14:19:00,customer_self_serve,307.0
cfo_SYN001053,evt_SYN000210,sub_SYN00135,plus_3_days,2026-05-27 14:49:00,0.948713,True,2026-05-27 16:01:00,customer_self_serve,307.0
cfo_SYN001054,evt_SYN000210,sub_SYN00135,month_end_window,2026-05-31 18:00:00,0.81243,True,2026-06-02 01:02:00,customer_self_serve,307.0
cfo_SYN001055,evt_SYN000211,sub_SYN00136,immediate,2025-04-11 23:06:00,0.314969,False,,none,0.0
cfo_SYN001056,evt_SYN000211,sub_SYN00136,plus_1_day_morning,2025-04-12 09:06:00,0.023105,False,,none,0.0
cfo_SYN001057,evt_SYN000211,sub_SYN00136,payday_window,2025-04-28 10:00:00,0.161118,False,,none,0.0
cfo_SYN001058,evt_SYN000211,sub_SYN00136,plus_3_days,2025-04-14 17:41:00,0.157846,False,,none,0.0
cfo_SYN001059,evt_SYN000211,sub_SYN00136,month_end_window,2025-04-30 18:00:00,0.354485,False,,none,0.0
cfo_SYN001060,evt_SYN000212,sub_SYN00137,immediate,2026-06-09 12:36:00,0.941055,True,2026-06-10 20:32:00,auto_retry,792.0
cfo_SYN001061,evt_SYN000212,sub_SYN00137,plus_1_day_morning,2026-06-10 10:11:00,0.812439,True,2026-06-10 16:40:00,customer_self_serve,792.0
cfo_SYN001062,evt_SYN000212,sub_SYN00137,payday_window,2026-06-28 10:00:00,0.878833,False,,none,0.0
cfo_SYN001063,evt_SYN000212,sub_SYN00137,plus_3_days,2026-06-12 16:43:00,0.877456,True,2026-06-12 23:40:00,customer_self_serve,792.0
cfo_SYN001064,evt_SYN000212,sub_SYN00137,month_end_window,2026-06-30 18:00:00,0.97353,False,,none,0.0
cfo_SYN001065,evt_SYN000213,sub_SYN00138,immediate,2026-04-04 23:13:00,0.501071,False,,none,0.0
cfo_SYN001066,evt_SYN000213,sub_SYN00138,plus_1_day_morning,2026-04-05 09:20:00,0.394127,False,,none,0.0
cfo_SYN001067,evt_SYN000213,sub_SYN00138,payday_window,2026-04-28 10:00:00,0.240396,False,,none,0.0
cfo_SYN001068,evt_SYN000213,sub_SYN00138,plus_3_days,2026-04-07 09:07:00,0.711241,False,,none,0.0
cfo_SYN001069,evt_SYN000213,sub_SYN00138,month_end_window,2026-04-30 18:00:00,0.807244,False,,none,0.0
cfo_SYN001070,evt_SYN000214,sub_SYN00138,immediate,2026-04-28 13:36:00,0.742182,True,2026-05-05 20:25:00,customer_self_serve,107.0
cfo_SYN001071,evt_SYN000214,sub_SYN00138,plus_1_day_morning,2026-04-29 09:08:00,0.966257,True,2026-05-03 10:22:00,auto_retry,91.16
cfo_SYN001072,evt_SYN000214,sub_SYN00138,payday_window,2026-04-29 10:00:00,0.705175,False,,none,0.0
cfo_SYN001073,evt_SYN000214,sub_SYN00138,plus_3_days,2026-05-01 09:21:00,0.764673,False,,none,0.0
cfo_SYN001074,evt_SYN000214,sub_SYN00138,month_end_window,2026-04-30 18:00:00,0.831503,False,,none,0.0
cfo_SYN001075,evt_SYN000215,sub_SYN00138,immediate,2026-05-17 12:32:00,0.420901,False,,none,0.0
cfo_SYN001076,evt_SYN000215,sub_SYN00138,plus_1_day_morning,2026-05-18 09:59:00,0.502175,True,2026-05-21 20:15:00,customer_self_serve,107.0
cfo_SYN001077,evt_SYN000215,sub_SYN00138,payday_window,2026-05-29 10:00:00,0.68639,True,2026-05-31 10:34:00,auto_retry,107.0
cfo_SYN001078,evt_SYN000215,sub_SYN00138,plus_3_days,2026-05-20 14:45:00,0.571049,True,2026-05-31 10:34:00,customer_self_serve,107.0
cfo_SYN001079,evt_SYN000215,sub_SYN00138,month_end_window,2026-05-31 18:00:00,0.928241,False,,none,0.0
cfo_SYN001080,evt_SYN000216,sub_SYN00139,immediate,2026-05-07 00:34:00,0.767182,True,2026-05-09 14:00:00,customer_self_serve,3907.0
cfo_SYN001081,evt_SYN000216,sub_SYN00139,plus_1_day_morning,2026-05-07 08:00:00,0.914464,True,2026-05-08 00:54:00,auto_retry,3907.0
cfo_SYN001082,evt_SYN000216,sub_SYN00139,payday_window,2026-05-29 10:00:00,0.928142,False,,none,0.0
cfo_SYN001083,evt_SYN000216,sub_SYN00139,plus_3_days,2026-05-09 19:55:00,0.721463,True,2026-05-15 19:14:00,customer_self_serve,3907.0
cfo_SYN001084,evt_SYN000216,sub_SYN00139,month_end_window,2026-05-31 18:00:00,0.74464,False,,none,0.0
cfo_SYN001085,evt_SYN000217,sub_SYN00140,immediate,2026-06-08 19:07:00,0.656481,True,2026-06-10 05:40:00,customer_self_serve,125.0
cfo_SYN001086,evt_SYN000217,sub_SYN00140,plus_1_day_morning,2026-06-09 10:55:00,0.900955,True,2026-06-12 09:19:00,auto_retry,113.73
cfo_SYN001087,evt_SYN000217,sub_SYN00140,payday_window,2026-06-28 10:00:00,0.860447,False,,none,0.0
cfo_SYN001088,evt_SYN000217,sub_SYN00140,plus_3_days,2026-06-11 19:17:00,0.953192,True,2026-06-13 07:41:00,auto_retry,125.0
cfo_SYN001089,evt_SYN000217,sub_SYN00140,month_end_window,2026-06-30 18:00:00,0.972327,False,,none,0.0
cfo_SYN001090,evt_SYN000218,sub_SYN00141,immediate,2026-04-26 01:25:00,0.782379,True,2026-04-28 09:06:00,auto_retry,1711.0
cfo_SYN001091,evt_SYN000218,sub_SYN00141,plus_1_day_morning,2026-04-26 10:55:00,0.891845,True,2026-04-27 12:53:00,customer_self_serve,1711.0
cfo_SYN001092,evt_SYN000218,sub_SYN00141,payday_window,2026-04-28 10:00:00,0.965313,True,2026-04-28 14:01:00,auto_retry,1711.0
cfo_SYN001093,evt_SYN000218,sub_SYN00141,plus_3_days,2026-04-28 10:36:00,0.978763,True,2026-04-28 22:29:00,auto_retry,1711.0
cfo_SYN001094,evt_SYN000218,sub_SYN00141,month_end_window,2026-04-30 18:00:00,0.956757,True,2026-04-30 20:07:00,auto_retry,1711.0
cfo_SYN001095,evt_SYN000219,sub_SYN00142,immediate,2026-02-17 20:12:00,0.025417,False,,none,0.0
cfo_SYN001096,evt_SYN000219,sub_SYN00142,plus_1_day_morning,2026-02-18 09:00:00,0.020926,False,,none,0.0
cfo_SYN001097,evt_SYN000219,sub_SYN00142,payday_window,2026-02-26 10:00:00,0.026729,False,,none,0.0
cfo_SYN001098,evt_SYN000219,sub_SYN00142,plus_3_days,2026-02-20 13:48:00,0.046106,False,,none,0.0
cfo_SYN001099,evt_SYN000219,sub_SYN00142,month_end_window,2026-02-28 18:00:00,0.151209,True,2026-03-03 20:05:00,auto_retry,865.0
cfo_SYN001100,evt_SYN000220,sub_SYN00143,immediate,2025-11-11 05:19:00,0.846816,True,2025-11-11 14:21:00,customer_self_serve,429.0
cfo_SYN001101,evt_SYN000220,sub_SYN00143,plus_1_day_morning,2025-11-12 09:25:00,0.854031,True,2025-11-15 06:29:00,auto_retry,429.0
cfo_SYN001102,evt_SYN000220,sub_SYN00143,payday_window,2025-11-28 10:00:00,0.940257,False,,none,0.0
cfo_SYN001103,evt_SYN000220,sub_SYN00143,plus_3_days,2025-11-14 13:43:00,0.714676,True,2025-11-14 18:31:00,auto_retry,365.4
cfo_SYN001104,evt_SYN000220,sub_SYN00143,month_end_window,2025-11-30 18:00:00,0.769701,False,,none,0.0
cfo_SYN001105,evt_SYN000221,sub_SYN00144,immediate,2026-01-13 16:31:00,0.616112,False,,none,0.0
cfo_SYN001106,evt_SYN000221,sub_SYN00144,plus_1_day_morning,2026-01-14 08:30:00,0.818542,True,2026-01-14 18:20:00,auto_retry,670.0
cfo_SYN001107,evt_SYN000221,sub_SYN00144,payday_window,2026-01-29 10:00:00,0.805318,False,,none,0.0
cfo_SYN001108,evt_SYN000221,sub_SYN00144,plus_3_days,2026-01-16 18:28:00,0.889194,True,2026-01-18 20:43:00,auto_retry,670.0
cfo_SYN001109,evt_SYN000221,sub_SYN00144,month_end_window,2026-01-31 18:00:00,0.85545,False,,none,0.0
cfo_SYN001110,evt_SYN000222,sub_SYN00145,immediate,2026-04-28 10:41:00,0.759087,False,,none,0.0
cfo_SYN001111,evt_SYN000222,sub_SYN00145,plus_1_day_morning,2026-04-29 08:56:00,0.888957,True,2026-05-02 17:16:00,auto_retry,714.0
cfo_SYN001112,evt_SYN000222,sub_SYN00145,payday_window,2026-04-29 10:00:00,0.928787,True,2026-04-30 23:46:00,auto_retry,639.66
cfo_SYN001113,evt_SYN000222,sub_SYN00145,plus_3_days,2026-05-01 17:09:00,0.908167,True,2026-05-02 04:36:00,auto_retry,714.0
cfo_SYN001114,evt_SYN000222,sub_SYN00145,month_end_window,2026-04-30 18:00:00,0.886365,True,2026-04-30 19:12:00,auto_retry,714.0
cfo_SYN001115,evt_SYN000223,sub_SYN00146,immediate,2025-12-24 15:37:00,0.441685,False,,none,0.0
cfo_SYN001116,evt_SYN000223,sub_SYN00146,plus_1_day_morning,2025-12-25 08:22:00,0.745614,True,2025-12-25 16:30:00,auto_retry,4516.0
cfo_SYN001117,evt_SYN000223,sub_SYN00146,payday_window,2025-12-29 10:00:00,0.846238,True,2026-01-01 04:00:00,customer_self_serve,4516.0
cfo_SYN001118,evt_SYN000223,sub_SYN00146,plus_3_days,2025-12-27 17:09:00,0.775282,True,2025-12-28 04:31:00,auto_retry,4516.0
cfo_SYN001119,evt_SYN000223,sub_SYN00146,month_end_window,2025-12-31 18:00:00,0.695146,False,,none,0.0
cfo_SYN001120,evt_SYN000224,sub_SYN00147,immediate,2024-11-04 21:47:00,0.775212,True,2024-11-07 21:06:00,auto_retry,95.0
cfo_SYN001121,evt_SYN000224,sub_SYN00147,plus_1_day_morning,2024-11-05 08:44:00,0.79527,True,2024-11-06 16:08:00,auto_retry,95.0
cfo_SYN001122,evt_SYN000224,sub_SYN00147,payday_window,2024-11-28 10:00:00,0.889438,False,,none,0.0
cfo_SYN001123,evt_SYN000224,sub_SYN00147,plus_3_days,2024-11-07 12:57:00,0.884345,True,2024-11-07 15:42:00,customer_self_serve,95.0
cfo_SYN001124,evt_SYN000224,sub_SYN00147,month_end_window,2024-11-30 18:00:00,0.876694,False,,none,0.0
cfo_SYN001125,evt_SYN000225,sub_SYN00147,immediate,2024-12-02 07:31:00,0.946441,True,2024-12-08 12:56:00,auto_retry,95.0
cfo_SYN001126,evt_SYN000225,sub_SYN00147,plus_1_day_morning,2024-12-03 09:14:00,0.848002,True,2024-12-09 03:40:00,customer_self_serve,95.0
cfo_SYN001127,evt_SYN000225,sub_SYN00147,payday_window,2024-12-03 10:00:00,0.91035,True,2024-12-10 12:18:00,auto_retry,95.0
cfo_SYN001128,evt_SYN000225,sub_SYN00147,plus_3_days,2024-12-05 18:24:00,0.949434,True,2024-12-06 19:38:00,auto_retry,95.0
cfo_SYN001129,evt_SYN000225,sub_SYN00147,month_end_window,2024-12-31 18:00:00,0.98,False,,none,0.0
cfo_SYN001130,evt_SYN000226,sub_SYN00148,immediate,2025-12-23 17:44:00,0.955328,True,2025-12-23 21:14:00,auto_retry,401.8
cfo_SYN001131,evt_SYN000226,sub_SYN00148,plus_1_day_morning,2025-12-24 10:32:00,0.813534,True,2025-12-25 00:27:00,auto_retry,414.0
cfo_SYN001132,evt_SYN000226,sub_SYN00148,payday_window,2025-12-29 10:00:00,0.800166,True,2026-01-04 08:08:00,auto_retry,414.0
cfo_SYN001133,evt_SYN000226,sub_SYN00148,plus_3_days,2025-12-26 16:26:00,0.950236,True,2025-12-30 02:11:00,auto_retry,414.0
cfo_SYN001134,evt_SYN000226,sub_SYN00148,month_end_window,2025-12-31 18:00:00,0.928446,True,2026-01-01 11:32:00,auto_retry,414.0
cfo_SYN001135,evt_SYN000227,sub_SYN00149,immediate,2026-02-18 07:08:00,0.919495,True,2026-02-19 01:58:00,customer_self_serve,169.0
cfo_SYN001136,evt_SYN000227,sub_SYN00149,plus_1_day_morning,2026-02-19 08:02:00,0.97564,True,2026-02-25 08:21:00,auto_retry,169.0
cfo_SYN001137,evt_SYN000227,sub_SYN00149,payday_window,2026-02-26 10:00:00,0.825931,True,2026-02-26 23:30:00,auto_retry,169.0
cfo_SYN001138,evt_SYN000227,sub_SYN00149,plus_3_days,2026-02-21 15:30:00,0.938983,True,2026-02-25 10:18:00,auto_retry,169.0
cfo_SYN001139,evt_SYN000227,sub_SYN00149,month_end_window,2026-02-28 18:00:00,0.949603,True,2026-03-01 10:39:00,auto_retry,169.0
cfo_SYN001140,evt_SYN000228,sub_SYN00150,immediate,2025-08-28 00:03:00,0.256207,False,,none,0.0
cfo_SYN001141,evt_SYN000228,sub_SYN00150,plus_1_day_morning,2025-08-28 11:10:00,0.390802,False,,none,0.0
cfo_SYN001142,evt_SYN000228,sub_SYN00150,payday_window,2025-08-29 10:00:00,0.347434,False,,none,0.0
cfo_SYN001143,evt_SYN000228,sub_SYN00150,plus_3_days,2025-08-30 19:55:00,0.579283,False,,none,0.0
cfo_SYN001144,evt_SYN000228,sub_SYN00150,month_end_window,2025-08-31 18:00:00,0.278044,False,,none,0.0
cfo_SYN001145,evt_SYN000229,sub_SYN00150,immediate,2025-09-07 05:12:00,0.359415,True,2025-09-08 09:44:00,customer_self_serve,406.0
cfo_SYN001146,evt_SYN000229,sub_SYN00150,plus_1_day_morning,2025-09-08 10:10:00,0.564032,True,2025-09-11 01:16:00,auto_retry,406.0
cfo_SYN001147,evt_SYN000229,sub_SYN00150,payday_window,2025-09-28 10:00:00,0.422866,False,,none,0.0
cfo_SYN001148,evt_SYN000229,sub_SYN00150,plus_3_days,2025-09-10 10:01:00,0.80558,True,2025-09-14 16:56:00,auto_retry,406.0
cfo_SYN001149,evt_SYN000229,sub_SYN00150,month_end_window,2025-09-30 18:00:00,0.875587,False,,none,0.0
cfo_SYN001150,evt_SYN000230,sub_SYN00150,immediate,2025-10-16 13:08:00,0.287257,True,2025-10-23 05:21:00,auto_retry,406.0
cfo_SYN001151,evt_SYN000230,sub_SYN00150,plus_1_day_morning,2025-10-17 09:11:00,0.604118,True,2025-10-30 11:49:00,auto_retry,406.0
cfo_SYN001152,evt_SYN000230,sub_SYN00150,payday_window,2025-10-29 10:00:00,0.626697,True,2025-10-30 11:49:00,customer_self_serve,406.0
cfo_SYN001153,evt_SYN000230,sub_SYN00150,plus_3_days,2025-10-19 10:03:00,0.72538,True,2025-10-23 09:22:00,customer_self_serve,406.0
cfo_SYN001154,evt_SYN000230,sub_SYN00150,month_end_window,2025-10-31 18:00:00,0.758964,False,,none,0.0
cfo_SYN001155,evt_SYN000231,sub_SYN00151,immediate,2026-03-07 05:02:00,0.469446,True,2026-03-11 03:51:00,auto_retry,166.0
cfo_SYN001156,evt_SYN000231,sub_SYN00151,plus_1_day_morning,2026-03-08 10:37:00,0.23834,True,2026-03-12 21:56:00,auto_retry,166.0
cfo_SYN001157,evt_SYN000231,sub_SYN00151,payday_window,2026-03-29 10:00:00,0.793171,False,,none,0.0
cfo_SYN001158,evt_SYN000231,sub_SYN00151,plus_3_days,2026-03-10 10:02:00,0.420929,False,,none,0.0
cfo_SYN001159,evt_SYN000231,sub_SYN00151,month_end_window,2026-03-31 18:00:00,0.432919,False,,none,0.0
cfo_SYN001160,evt_SYN000232,sub_SYN00151,immediate,2026-04-14 03:47:00,0.213168,False,,none,0.0
cfo_SYN001161,evt_SYN000232,sub_SYN00151,plus_1_day_morning,2026-04-15 11:44:00,0.566642,True,2026-04-16 08:51:00,customer_self_serve,166.0
cfo_SYN001162,evt_SYN000232,sub_SYN00151,payday_window,2026-04-28 10:00:00,0.69057,False,,none,0.0
cfo_SYN001163,evt_SYN000232,sub_SYN00151,plus_3_days,2026-04-17 12:03:00,0.681895,True,2026-04-17 19:24:00,auto_retry,166.0
cfo_SYN001164,evt_SYN000232,sub_SYN00151,month_end_window,2026-04-30 18:00:00,0.806829,False,,none,0.0
cfo_SYN001165,evt_SYN000233,sub_SYN00152,immediate,2026-03-25 11:54:00,0.785681,True,2026-03-28 11:18:00,auto_retry,365.0
cfo_SYN001166,evt_SYN000233,sub_SYN00152,plus_1_day_morning,2026-03-26 11:08:00,0.5418,False,,none,0.0
cfo_SYN001167,evt_SYN000233,sub_SYN00152,payday_window,2026-03-29 10:00:00,0.633434,True,2026-03-29 11:12:00,auto_retry,365.0
cfo_SYN001168,evt_SYN000233,sub_SYN00152,plus_3_days,2026-03-28 17:27:00,0.859381,True,2026-03-29 19:29:00,customer_self_serve,365.0
cfo_SYN001169,evt_SYN000233,sub_SYN00152,month_end_window,2026-03-31 18:00:00,0.657776,False,,none,0.0
cfo_SYN001170,evt_SYN000234,sub_SYN00153,immediate,2026-04-25 16:23:00,0.663953,True,2026-05-05 08:47:00,auto_retry,358.0
cfo_SYN001171,evt_SYN000234,sub_SYN00153,plus_1_day_morning,2026-04-26 11:31:00,0.930253,True,2026-04-26 14:47:00,auto_retry,358.0
cfo_SYN001172,evt_SYN000234,sub_SYN00153,payday_window,2026-04-28 10:00:00,0.974312,True,2026-04-30 00:27:00,auto_retry,358.0
cfo_SYN001173,evt_SYN000234,sub_SYN00153,plus_3_days,2026-04-28 16:05:00,0.947903,True,2026-05-07 13:18:00,auto_retry,358.0
cfo_SYN001174,evt_SYN000234,sub_SYN00153,month_end_window,2026-04-30 18:00:00,0.98,True,2026-05-09 16:02:00,auto_retry,358.0
cfo_SYN001175,evt_SYN000235,sub_SYN00153,immediate,2026-05-26 03:06:00,0.64365,False,,none,0.0
cfo_SYN001176,evt_SYN000235,sub_SYN00153,plus_1_day_morning,2026-05-27 10:38:00,0.859624,False,,none,0.0
cfo_SYN001177,evt_SYN000235,sub_SYN00153,payday_window,2026-05-29 10:00:00,0.913332,True,2026-05-30 02:13:00,auto_retry,358.0
cfo_SYN001178,evt_SYN000235,sub_SYN00153,plus_3_days,2026-05-29 09:36:00,0.966799,True,2026-06-04 05:01:00,auto_retry,335.76
cfo_SYN001179,evt_SYN000235,sub_SYN00153,month_end_window,2026-05-31 18:00:00,0.933232,True,2026-06-01 14:21:00,auto_retry,358.0
cfo_SYN001180,evt_SYN000236,sub_SYN00154,immediate,2024-09-29 11:13:00,0.960402,True,2024-09-30 14:57:00,customer_self_serve,306.0
cfo_SYN001181,evt_SYN000236,sub_SYN00154,plus_1_day_morning,2024-09-30 11:12:00,0.770604,True,2024-09-30 12:50:00,auto_retry,306.0
cfo_SYN001182,evt_SYN000236,sub_SYN00154,payday_window,2024-09-30 10:00:00,0.842745,True,2024-10-02 04:40:00,customer_self_serve,306.0
cfo_SYN001183,evt_SYN000236,sub_SYN00154,plus_3_days,2024-10-02 19:40:00,0.84477,True,2024-10-07 20:35:00,auto_retry,306.0
cfo_SYN001184,evt_SYN000236,sub_SYN00154,month_end_window,2024-09-30 18:00:00,0.790335,True,2024-10-01 23:54:00,auto_retry,306.0
cfo_SYN001185,evt_SYN000237,sub_SYN00155,immediate,2025-12-24 04:45:00,0.934354,True,2025-12-28 01:42:00,customer_self_serve,313.0
cfo_SYN001186,evt_SYN000237,sub_SYN00155,plus_1_day_morning,2025-12-25 08:55:00,0.961332,True,2025-12-25 23:22:00,auto_retry,313.0
cfo_SYN001187,evt_SYN000237,sub_SYN00155,payday_window,2025-12-29 10:00:00,0.9781,True,2026-01-03 06:33:00,customer_self_serve,313.0
cfo_SYN001188,evt_SYN000237,sub_SYN00155,plus_3_days,2025-12-27 11:05:00,0.968828,True,2025-12-30 02:11:00,customer_self_serve,313.0
cfo_SYN001189,evt_SYN000237,sub_SYN00155,month_end_window,2025-12-31 18:00:00,0.972383,True,2026-01-07 04:34:00,auto_retry,313.0
cfo_SYN001190,evt_SYN000238,sub_SYN00155,immediate,2026-01-17 11:09:00,0.419607,False,,none,0.0
cfo_SYN001191,evt_SYN000238,sub_SYN00155,plus_1_day_morning,2026-01-18 10:34:00,0.585498,True,2026-01-19 00:55:00,auto_retry,313.0
cfo_SYN001192,evt_SYN000238,sub_SYN00155,payday_window,2026-01-29 10:00:00,0.928082,True,2026-01-29 19:27:00,auto_retry,313.0
cfo_SYN001193,evt_SYN000238,sub_SYN00155,plus_3_days,2026-01-20 16:59:00,0.898532,True,2026-01-30 09:13:00,auto_retry,313.0
cfo_SYN001194,evt_SYN000238,sub_SYN00155,month_end_window,2026-01-31 18:00:00,0.806581,False,,none,0.0
cfo_SYN001195,evt_SYN000239,sub_SYN00156,immediate,2025-01-26 04:42:00,0.870814,True,2025-01-26 05:54:00,auto_retry,650.0
cfo_SYN001196,evt_SYN000239,sub_SYN00156,plus_1_day_morning,2025-01-27 08:05:00,0.62096,True,2025-01-28 03:09:00,auto_retry,650.0
cfo_SYN001197,evt_SYN000239,sub_SYN00156,payday_window,2025-01-29 10:00:00,0.796792,True,2025-01-29 15:31:00,auto_retry,626.7
cfo_SYN001198,evt_SYN000239,sub_SYN00156,plus_3_days,2025-01-29 09:23:00,0.890822,True,2025-02-01 01:12:00,auto_retry,650.0
cfo_SYN001199,evt_SYN000239,sub_SYN00156,month_end_window,2025-01-31 18:00:00,0.882868,True,2025-02-01 08:23:00,customer_self_serve,650.0
cfo_SYN001200,evt_SYN000240,sub_SYN00157,immediate,2025-08-20 05:40:00,0.80087,False,,none,0.0
cfo_SYN001201,evt_SYN000240,sub_SYN00157,plus_1_day_morning,2025-08-21 11:21:00,0.899805,True,2025-08-27 08:35:00,auto_retry,764.0
cfo_SYN001202,evt_SYN000240,sub_SYN00157,payday_window,2025-08-29 10:00:00,0.881428,True,2025-08-29 17:01:00,auto_retry,764.0
cfo_SYN001203,evt_SYN000240,sub_SYN00157,plus_3_days,2025-08-23 09:53:00,0.915576,True,2025-08-25 00:32:00,auto_retry,666.99
cfo_SYN001204,evt_SYN000240,sub_SYN00157,month_end_window,2025-08-31 18:00:00,0.888905,True,2025-09-02 02:59:00,auto_retry,764.0
cfo_SYN001205,evt_SYN000241,sub_SYN00158,immediate,2025-08-02 11:13:00,0.888775,True,2025-08-02 12:25:00,auto_retry,355.0
cfo_SYN001206,evt_SYN000241,sub_SYN00158,plus_1_day_morning,2025-08-03 11:46:00,0.933932,True,2025-08-16 10:39:00,auto_retry,355.0
cfo_SYN001207,evt_SYN000241,sub_SYN00158,payday_window,2025-08-03 10:00:00,0.889561,True,2025-08-05 15:10:00,customer_self_serve,355.0
cfo_SYN001208,evt_SYN000241,sub_SYN00158,plus_3_days,2025-08-05 18:49:00,0.704301,True,2025-08-09 09:07:00,auto_retry,355.0
cfo_SYN001209,evt_SYN000241,sub_SYN00158,month_end_window,2025-08-31 18:00:00,0.98,False,,none,0.0
cfo_SYN001210,evt_SYN000242,sub_SYN00158,immediate,2025-09-01 15:23:00,0.681285,True,2025-09-08 02:46:00,auto_retry,355.0
cfo_SYN001211,evt_SYN000242,sub_SYN00158,plus_1_day_morning,2025-09-02 10:24:00,0.791148,True,2025-09-07 01:13:00,auto_retry,314.78
cfo_SYN001212,evt_SYN000242,sub_SYN00158,payday_window,2025-09-02 10:00:00,0.883998,True,2025-09-04 22:27:00,auto_retry,355.0
cfo_SYN001213,evt_SYN000242,sub_SYN00158,plus_3_days,2025-09-04 15:44:00,0.84693,True,2025-09-13 03:11:00,auto_retry,307.44
cfo_SYN001214,evt_SYN000242,sub_SYN00158,month_end_window,2025-09-30 18:00:00,0.971073,False,,none,0.0
cfo_SYN001215,evt_SYN000243,sub_SYN00158,immediate,2025-09-27 05:42:00,0.530718,False,,none,0.0
cfo_SYN001216,evt_SYN000243,sub_SYN00158,plus_1_day_morning,2025-09-28 09:54:00,0.975007,True,2025-09-29 09:58:00,customer_self_serve,355.0
cfo_SYN001217,evt_SYN000243,sub_SYN00158,payday_window,2025-09-28 10:00:00,0.662236,False,,none,0.0
cfo_SYN001218,evt_SYN000243,sub_SYN00158,plus_3_days,2025-09-30 16:53:00,0.901583,True,2025-10-01 17:40:00,auto_retry,355.0
cfo_SYN001219,evt_SYN000243,sub_SYN00158,month_end_window,2025-09-30 18:00:00,0.92745,True,2025-10-04 08:19:00,auto_retry,355.0
cfo_SYN001220,evt_SYN000244,sub_SYN00159,immediate,2026-06-03 05:39:00,0.150419,False,,none,0.0
cfo_SYN001221,evt_SYN000244,sub_SYN00159,plus_1_day_morning,2026-06-04 11:19:00,0.517312,False,,none,0.0
cfo_SYN001222,evt_SYN000244,sub_SYN00159,payday_window,2026-06-28 10:00:00,0.605523,False,,none,0.0
cfo_SYN001223,evt_SYN000244,sub_SYN00159,plus_3_days,2026-06-06 14:51:00,0.615997,True,2026-06-08 23:59:00,auto_retry,389.0
cfo_SYN001224,evt_SYN000244,sub_SYN00159,month_end_window,2026-06-30 18:00:00,0.454782,False,,none,0.0
cfo_SYN001225,evt_SYN000245,sub_SYN00159,immediate,2026-07-05 10:11:00,0.432599,False,,none,0.0
cfo_SYN001226,evt_SYN000245,sub_SYN00159,plus_1_day_morning,2026-07-06 09:54:00,0.10976,False,,none,0.0
cfo_SYN001227,evt_SYN000245,sub_SYN00159,payday_window,2026-07-29 10:00:00,0.54797,False,,none,0.0
cfo_SYN001228,evt_SYN000245,sub_SYN00159,plus_3_days,2026-07-08 19:18:00,0.477983,True,2026-07-16 17:07:00,customer_self_serve,389.0
cfo_SYN001229,evt_SYN000245,sub_SYN00159,month_end_window,2026-07-31 18:00:00,0.483137,False,,none,0.0
cfo_SYN001230,evt_SYN000246,sub_SYN00159,immediate,2026-08-16 08:12:00,0.755041,True,2026-08-22 19:35:00,customer_self_serve,389.0
cfo_SYN001231,evt_SYN000246,sub_SYN00159,plus_1_day_morning,2026-08-17 08:01:00,0.585313,False,,none,0.0
cfo_SYN001232,evt_SYN000246,sub_SYN00159,payday_window,2026-08-29 10:00:00,0.493944,False,,none,0.0
cfo_SYN001233,evt_SYN000246,sub_SYN00159,plus_3_days,2026-08-19 15:15:00,0.787445,True,2026-08-21 05:24:00,customer_self_serve,389.0
cfo_SYN001234,evt_SYN000246,sub_SYN00159,month_end_window,2026-08-31 18:00:00,0.663537,False,,none,0.0
cfo_SYN001235,evt_SYN000247,sub_SYN00160,immediate,2026-04-18 07:17:00,0.679342,False,,none,0.0
cfo_SYN001236,evt_SYN000247,sub_SYN00160,plus_1_day_morning,2026-04-19 08:38:00,0.925103,True,2026-04-20 14:11:00,auto_retry,2573.0
cfo_SYN001237,evt_SYN000247,sub_SYN00160,payday_window,2026-04-28 10:00:00,0.764477,True,2026-04-29 01:45:00,auto_retry,2573.0
cfo_SYN001238,evt_SYN000247,sub_SYN00160,plus_3_days,2026-04-21 14:36:00,0.884543,True,2026-04-21 16:39:00,auto_retry,2573.0
cfo_SYN001239,evt_SYN000247,sub_SYN00160,month_end_window,2026-04-30 18:00:00,0.700248,False,,none,0.0
cfo_SYN001240,evt_SYN000248,sub_SYN00161,immediate,2026-02-02 15:11:00,0.050986,False,,none,0.0
cfo_SYN001241,evt_SYN000248,sub_SYN00161,plus_1_day_morning,2026-02-03 09:37:00,0.066411,False,,none,0.0
cfo_SYN001242,evt_SYN000248,sub_SYN00161,payday_window,2026-02-03 10:00:00,0.09391,False,,none,0.0
cfo_SYN001243,evt_SYN000248,sub_SYN00161,plus_3_days,2026-02-05 12:52:00,0.34793,False,,none,0.0
cfo_SYN001244,evt_SYN000248,sub_SYN00161,month_end_window,2026-02-28 18:00:00,0.108788,False,,none,0.0
cfo_SYN001245,evt_SYN000249,sub_SYN00162,immediate,2026-05-29 00:24:00,0.98,True,2026-05-31 07:19:00,auto_retry,122.0
cfo_SYN001246,evt_SYN000249,sub_SYN00162,plus_1_day_morning,2026-05-29 09:01:00,0.901262,True,2026-05-29 17:33:00,customer_self_serve,122.0
cfo_SYN001247,evt_SYN000249,sub_SYN00162,payday_window,2026-05-29 10:00:00,0.944001,True,2026-05-29 13:30:00,auto_retry,122.0
cfo_SYN001248,evt_SYN000249,sub_SYN00162,plus_3_days,2026-05-31 10:28:00,0.963036,True,2026-05-31 22:30:00,auto_retry,122.0
cfo_SYN001249,evt_SYN000249,sub_SYN00162,month_end_window,2026-05-31 18:00:00,0.952647,True,2026-06-01 03:40:00,auto_retry,120.48
cfo_SYN001250,evt_SYN000250,sub_SYN00163,immediate,2026-06-20 02:16:00,0.92796,True,2026-06-21 00:02:00,auto_retry,114.76
cfo_SYN001251,evt_SYN000250,sub_SYN00163,plus_1_day_morning,2026-06-21 11:47:00,0.69487,True,2026-06-24 01:03:00,customer_self_serve,122.0
cfo_SYN001252,evt_SYN000250,sub_SYN00163,payday_window,2026-06-28 10:00:00,0.807972,True,2026-06-29 03:52:00,auto_retry,122.0
cfo_SYN001253,evt_SYN000250,sub_SYN00163,plus_3_days,2026-06-23 10:35:00,0.851415,True,2026-06-23 22:51:00,auto_retry,122.0
cfo_SYN001254,evt_SYN000250,sub_SYN00163,month_end_window,2026-06-30 18:00:00,0.958068,True,2026-07-01 22:24:00,auto_retry,122.0
cfo_SYN001255,evt_SYN000251,sub_SYN00164,immediate,2025-12-06 11:12:00,0.7761,True,2025-12-08 13:50:00,auto_retry,335.0
cfo_SYN001256,evt_SYN000251,sub_SYN00164,plus_1_day_morning,2025-12-07 08:39:00,0.945612,True,2025-12-08 05:45:00,auto_retry,335.0
cfo_SYN001257,evt_SYN000251,sub_SYN00164,payday_window,2025-12-29 10:00:00,0.790101,False,,none,0.0
cfo_SYN001258,evt_SYN000251,sub_SYN00164,plus_3_days,2025-12-09 14:05:00,0.937127,True,2025-12-16 13:18:00,auto_retry,335.0
cfo_SYN001259,evt_SYN000251,sub_SYN00164,month_end_window,2025-12-31 18:00:00,0.98,False,,none,0.0
cfo_SYN001260,evt_SYN000252,sub_SYN00164,immediate,2026-01-02 13:11:00,0.8481,True,2026-01-05 02:34:00,auto_retry,335.0
cfo_SYN001261,evt_SYN000252,sub_SYN00164,plus_1_day_morning,2026-01-03 10:19:00,0.979078,True,2026-01-04 13:09:00,auto_retry,335.0
cfo_SYN001262,evt_SYN000252,sub_SYN00164,payday_window,2026-01-03 10:00:00,0.933997,True,2026-01-05 11:11:00,auto_retry,335.0
cfo_SYN001263,evt_SYN000252,sub_SYN00164,plus_3_days,2026-01-05 12:06:00,0.975573,True,2026-01-05 13:18:00,customer_self_serve,335.0
cfo_SYN001264,evt_SYN000252,sub_SYN00164,month_end_window,2026-01-31 18:00:00,0.976229,False,,none,0.0
cfo_SYN001265,evt_SYN000253,sub_SYN00165,immediate,2025-09-15 16:46:00,0.831646,True,2025-09-16 07:30:00,auto_retry,316.0
cfo_SYN001266,evt_SYN000253,sub_SYN00165,plus_1_day_morning,2025-09-16 11:37:00,0.670838,False,,none,0.0
cfo_SYN001267,evt_SYN000253,sub_SYN00165,payday_window,2025-09-28 10:00:00,0.98,True,2025-09-29 09:49:00,customer_self_serve,316.0
cfo_SYN001268,evt_SYN000253,sub_SYN00165,plus_3_days,2025-09-18 10:28:00,0.826626,True,2025-09-21 07:47:00,auto_retry,316.0
cfo_SYN001269,evt_SYN000253,sub_SYN00165,month_end_window,2025-09-30 18:00:00,0.960866,False,,none,0.0
cfo_SYN001270,evt_SYN000254,sub_SYN00165,immediate,2026-01-21 12:22:00,0.698318,True,2026-01-21 19:59:00,auto_retry,304.98
cfo_SYN001271,evt_SYN000254,sub_SYN00165,plus_1_day_morning,2026-01-22 09:08:00,0.968589,True,2026-01-24 04:19:00,auto_retry,316.0
cfo_SYN001272,evt_SYN000254,sub_SYN00165,payday_window,2026-01-29 10:00:00,0.941914,True,2026-01-29 14:33:00,auto_retry,316.0
cfo_SYN001273,evt_SYN000254,sub_SYN00165,plus_3_days,2026-01-24 15:34:00,0.920396,True,2026-01-26 04:14:00,auto_retry,316.0
cfo_SYN001274,evt_SYN000254,sub_SYN00165,month_end_window,2026-01-31 18:00:00,0.976192,True,2026-02-01 00:12:00,auto_retry,316.0
cfo_SYN001275,evt_SYN000255,sub_SYN00166,immediate,2024-10-05 04:10:00,0.192961,False,,none,0.0
cfo_SYN001276,evt_SYN000255,sub_SYN00166,plus_1_day_morning,2024-10-06 09:17:00,0.48565,True,2024-10-18 14:43:00,customer_self_serve,941.0
cfo_SYN001277,evt_SYN000255,sub_SYN00166,payday_window,2024-10-29 10:00:00,0.190684,False,,none,0.0
cfo_SYN001278,evt_SYN000255,sub_SYN00166,plus_3_days,2024-10-08 11:12:00,0.313465,False,,none,0.0
cfo_SYN001279,evt_SYN000255,sub_SYN00166,month_end_window,2024-10-31 18:00:00,0.693787,False,,none,0.0
cfo_SYN001280,evt_SYN000256,sub_SYN00166,immediate,2024-10-22 15:39:00,0.419985,False,,none,0.0
cfo_SYN001281,evt_SYN000256,sub_SYN00166,plus_1_day_morning,2024-10-23 09:40:00,0.338813,False,,none,0.0
cfo_SYN001282,evt_SYN000256,sub_SYN00166,payday_window,2024-10-29 10:00:00,0.370722,False,,none,0.0
cfo_SYN001283,evt_SYN000256,sub_SYN00166,plus_3_days,2024-10-25 09:16:00,0.097894,False,,none,0.0
cfo_SYN001284,evt_SYN000256,sub_SYN00166,month_end_window,2024-10-31 18:00:00,0.797596,False,,none,0.0
cfo_SYN001285,evt_SYN000257,sub_SYN00167,immediate,2026-05-20 10:12:00,0.370676,True,2026-05-20 20:02:00,auto_retry,328.0
cfo_SYN001286,evt_SYN000257,sub_SYN00167,plus_1_day_morning,2026-05-21 11:55:00,0.697725,True,2026-05-25 15:14:00,auto_retry,328.0
cfo_SYN001287,evt_SYN000257,sub_SYN00167,payday_window,2026-05-29 10:00:00,0.663135,False,,none,0.0
cfo_SYN001288,evt_SYN000257,sub_SYN00167,plus_3_days,2026-05-23 12:08:00,0.143166,False,,none,0.0
cfo_SYN001289,evt_SYN000257,sub_SYN00167,month_end_window,2026-05-31 18:00:00,0.787985,True,2026-06-01 21:39:00,auto_retry,328.0
cfo_SYN001290,evt_SYN000258,sub_SYN00167,immediate,2026-05-31 12:10:00,0.285768,False,,none,0.0
cfo_SYN001291,evt_SYN000258,sub_SYN00167,plus_1_day_morning,2026-06-01 08:57:00,0.577986,True,2026-06-05 13:18:00,customer_self_serve,328.0
cfo_SYN001292,evt_SYN000258,sub_SYN00167,payday_window,2026-06-01 10:00:00,0.156982,False,,none,0.0
cfo_SYN001293,evt_SYN000258,sub_SYN00167,plus_3_days,2026-06-03 18:48:00,0.444392,False,,none,0.0
cfo_SYN001294,evt_SYN000258,sub_SYN00167,month_end_window,2026-06-30 18:00:00,0.360893,False,,none,0.0
cfo_SYN001295,evt_SYN000259,sub_SYN00168,immediate,2025-12-18 04:56:00,0.909716,True,2025-12-19 10:00:00,auto_retry,124.0
cfo_SYN001296,evt_SYN000259,sub_SYN00168,plus_1_day_morning,2025-12-19 09:28:00,0.872584,True,2025-12-20 11:20:00,customer_self_serve,124.0
cfo_SYN001297,evt_SYN000259,sub_SYN00168,payday_window,2025-12-29 10:00:00,0.835681,True,2025-12-30 11:25:00,auto_retry,124.0
cfo_SYN001298,evt_SYN000259,sub_SYN00168,plus_3_days,2025-12-21 18:48:00,0.80918,True,2025-12-22 12:45:00,auto_retry,115.91
cfo_SYN001299,evt_SYN000259,sub_SYN00168,month_end_window,2025-12-31 18:00:00,0.833557,True,2026-01-01 03:28:00,auto_retry,124.0
cfo_SYN001300,evt_SYN000260,sub_SYN00169,immediate,2026-02-15 01:54:00,0.584449,True,2026-02-15 17:25:00,customer_self_serve,985.0
cfo_SYN001301,evt_SYN000260,sub_SYN00169,plus_1_day_morning,2026-02-16 11:20:00,0.322485,False,,none,0.0
cfo_SYN001302,evt_SYN000260,sub_SYN00169,payday_window,2026-02-26 10:00:00,0.044833,False,,none,0.0
cfo_SYN001303,evt_SYN000260,sub_SYN00169,plus_3_days,2026-02-18 13:50:00,0.020226,False,,none,0.0
cfo_SYN001304,evt_SYN000260,sub_SYN00169,month_end_window,2026-02-28 18:00:00,0.238701,True,2026-03-01 00:50:00,customer_self_serve,862.86
cfo_SYN001305,evt_SYN000261,sub_SYN00170,immediate,2026-06-13 23:29:00,0.872957,True,2026-06-14 00:41:00,customer_self_serve,706.0
cfo_SYN001306,evt_SYN000261,sub_SYN00170,plus_1_day_morning,2026-06-14 11:27:00,0.733997,True,2026-06-15 05:55:00,auto_retry,706.0
cfo_SYN001307,evt_SYN000261,sub_SYN00170,payday_window,2026-06-28 10:00:00,0.936749,False,,none,0.0
cfo_SYN001308,evt_SYN000261,sub_SYN00170,plus_3_days,2026-06-16 12:13:00,0.938275,True,2026-06-17 13:13:00,auto_retry,706.0
cfo_SYN001309,evt_SYN000261,sub_SYN00170,month_end_window,2026-06-30 18:00:00,0.974083,False,,none,0.0
cfo_SYN001310,evt_SYN000262,sub_SYN00171,immediate,2026-06-21 00:05:00,0.385391,True,2026-06-22 01:47:00,customer_self_serve,184.0
cfo_SYN001311,evt_SYN000262,sub_SYN00171,plus_1_day_morning,2026-06-21 09:22:00,0.831895,True,2026-06-26 04:01:00,auto_retry,184.0
cfo_SYN001312,evt_SYN000262,sub_SYN00171,payday_window,2026-06-28 10:00:00,0.84632,True,2026-07-04 22:51:00,auto_retry,184.0
cfo_SYN001313,evt_SYN000262,sub_SYN00171,plus_3_days,2026-06-23 17:00:00,0.926673,True,2026-06-26 00:38:00,auto_retry,184.0
cfo_SYN001314,evt_SYN000262,sub_SYN00171,month_end_window,2026-06-30 18:00:00,0.98,True,2026-07-02 09:52:00,auto_retry,184.0
cfo_SYN001315,evt_SYN000263,sub_SYN00171,immediate,2026-07-25 03:30:00,0.56205,False,,none,0.0
cfo_SYN001316,evt_SYN000263,sub_SYN00171,plus_1_day_morning,2026-07-26 11:39:00,0.950774,True,2026-08-01 12:31:00,auto_retry,165.64
cfo_SYN001317,evt_SYN000263,sub_SYN00171,payday_window,2026-07-29 10:00:00,0.931389,True,2026-07-31 22:04:00,auto_retry,184.0
cfo_SYN001318,evt_SYN000263,sub_SYN00171,plus_3_days,2026-07-28 15:00:00,0.933465,True,2026-08-01 20:40:00,auto_retry,184.0
cfo_SYN001319,evt_SYN000263,sub_SYN00171,month_end_window,2026-07-31 18:00:00,0.943715,True,2026-07-31 21:19:00,auto_retry,184.0
cfo_SYN001320,evt_SYN000264,sub_SYN00172,immediate,2026-06-04 12:28:00,0.94063,True,2026-06-04 14:40:00,customer_self_serve,375.0
cfo_SYN001321,evt_SYN000264,sub_SYN00172,plus_1_day_morning,2026-06-05 09:35:00,0.919274,True,2026-06-07 06:07:00,auto_retry,375.0
cfo_SYN001322,evt_SYN000264,sub_SYN00172,payday_window,2026-06-28 10:00:00,0.866387,False,,none,0.0
cfo_SYN001323,evt_SYN000264,sub_SYN00172,plus_3_days,2026-06-07 09:33:00,0.689147,True,2026-06-14 16:09:00,auto_retry,375.0
cfo_SYN001324,evt_SYN000264,sub_SYN00172,month_end_window,2026-06-30 18:00:00,0.650431,False,,none,0.0
cfo_SYN001325,evt_SYN000265,sub_SYN00173,immediate,2025-02-05 07:58:00,0.164978,False,,none,0.0
cfo_SYN001326,evt_SYN000265,sub_SYN00173,plus_1_day_morning,2025-02-06 09:03:00,0.40345,False,,none,0.0
cfo_SYN001327,evt_SYN000265,sub_SYN00173,payday_window,2025-02-26 10:00:00,0.047684,False,,none,0.0
cfo_SYN001328,evt_SYN000265,sub_SYN00173,plus_3_days,2025-02-08 19:42:00,0.041731,False,,none,0.0
cfo_SYN001329,evt_SYN000265,sub_SYN00173,month_end_window,2025-02-28 18:00:00,0.143026,False,,none,0.0
cfo_SYN001330,evt_SYN000266,sub_SYN00174,immediate,2025-11-06 15:56:00,0.837184,True,2025-11-06 22:41:00,auto_retry,79.0
cfo_SYN001331,evt_SYN000266,sub_SYN00174,plus_1_day_morning,2025-11-07 11:40:00,0.894635,True,2025-11-14 16:43:00,customer_self_serve,79.0
cfo_SYN001332,evt_SYN000266,sub_SYN00174,payday_window,2025-11-28 10:00:00,0.915913,False,,none,0.0
cfo_SYN001333,evt_SYN000266,sub_SYN00174,plus_3_days,2025-11-09 10:27:00,0.857042,True,2025-11-13 13:22:00,auto_retry,79.0
cfo_SYN001334,evt_SYN000266,sub_SYN00174,month_end_window,2025-11-30 18:00:00,0.885401,False,,none,0.0
cfo_SYN001335,evt_SYN000267,sub_SYN00175,immediate,2026-01-31 03:02:00,0.972287,True,2026-02-01 09:28:00,auto_retry,189.0
cfo_SYN001336,evt_SYN000267,sub_SYN00175,plus_1_day_morning,2026-02-01 09:58:00,0.853028,True,2026-02-01 12:58:00,auto_retry,189.0
cfo_SYN001337,evt_SYN000267,sub_SYN00175,payday_window,2026-02-01 10:00:00,0.894147,True,2026-02-02 09:39:00,customer_self_serve,189.0
cfo_SYN001338,evt_SYN000267,sub_SYN00175,plus_3_days,2026-02-03 09:19:00,0.907387,True,2026-02-03 18:30:00,auto_retry,189.0
cfo_SYN001339,evt_SYN000267,sub_SYN00175,month_end_window,2026-02-28 18:00:00,0.899509,False,,none,0.0
cfo_SYN001340,evt_SYN000268,sub_SYN00176,immediate,2026-03-21 13:11:00,0.711146,True,2026-03-21 19:06:00,auto_retry,1287.0
cfo_SYN001341,evt_SYN000268,sub_SYN00176,plus_1_day_morning,2026-03-22 10:10:00,0.870832,True,2026-03-23 03:34:00,auto_retry,1287.0
cfo_SYN001342,evt_SYN000268,sub_SYN00176,payday_window,2026-03-29 10:00:00,0.962126,True,2026-03-29 14:43:00,auto_retry,1287.0
cfo_SYN001343,evt_SYN000268,sub_SYN00176,plus_3_days,2026-03-24 11:39:00,0.944652,True,2026-03-26 16:16:00,auto_retry,1287.0
cfo_SYN001344,evt_SYN000268,sub_SYN00176,month_end_window,2026-03-31 18:00:00,0.968616,True,2026-04-02 23:48:00,auto_retry,1287.0
cfo_SYN001345,evt_SYN000269,sub_SYN00177,immediate,2026-01-31 08:18:00,0.109485,False,,none,0.0
cfo_SYN001346,evt_SYN000269,sub_SYN00177,plus_1_day_morning,2026-02-01 11:52:00,0.472377,False,,none,0.0
cfo_SYN001347,evt_SYN000269,sub_SYN00177,payday_window,2026-02-01 10:00:00,0.271024,True,2026-02-01 11:42:00,customer_self_serve,494.0
cfo_SYN001348,evt_SYN000269,sub_SYN00177,plus_3_days,2026-02-03 12:33:00,0.190451,False,,none,0.0
cfo_SYN001349,evt_SYN000269,sub_SYN00177,month_end_window,2026-02-28 18:00:00,0.182416,False,,none,0.0
cfo_SYN001350,evt_SYN000270,sub_SYN00178,immediate,2025-11-18 04:25:00,0.241389,False,,none,0.0
cfo_SYN001351,evt_SYN000270,sub_SYN00178,plus_1_day_morning,2025-11-19 09:40:00,0.143063,False,,none,0.0
cfo_SYN001352,evt_SYN000270,sub_SYN00178,payday_window,2025-11-28 10:00:00,0.406607,True,2025-12-01 14:15:00,auto_retry,405.0
cfo_SYN001353,evt_SYN000270,sub_SYN00178,plus_3_days,2025-11-21 12:08:00,0.796701,True,2025-11-21 20:25:00,auto_retry,405.0
cfo_SYN001354,evt_SYN000270,sub_SYN00178,month_end_window,2025-11-30 18:00:00,0.754842,True,2025-12-02 03:42:00,customer_self_serve,405.0
cfo_SYN001355,evt_SYN000271,sub_SYN00178,immediate,2025-12-04 18:27:00,0.240349,True,2025-12-08 14:53:00,customer_self_serve,405.0
cfo_SYN001356,evt_SYN000271,sub_SYN00178,plus_1_day_morning,2025-12-05 11:15:00,0.692612,True,2025-12-08 13:18:00,customer_self_serve,405.0
cfo_SYN001357,evt_SYN000271,sub_SYN00178,payday_window,2025-12-29 10:00:00,0.884919,False,,none,0.0
cfo_SYN001358,evt_SYN000271,sub_SYN00178,plus_3_days,2025-12-07 13:37:00,0.351915,False,,none,0.0
cfo_SYN001359,evt_SYN000271,sub_SYN00178,month_end_window,2025-12-31 18:00:00,0.129325,False,,none,0.0
cfo_SYN001360,evt_SYN000272,sub_SYN00178,immediate,2025-12-21 20:23:00,0.215927,False,,none,0.0
cfo_SYN001361,evt_SYN000272,sub_SYN00178,plus_1_day_morning,2025-12-22 09:10:00,0.490358,True,2026-01-04 20:07:00,customer_self_serve,405.0
cfo_SYN001362,evt_SYN000272,sub_SYN00178,payday_window,2025-12-29 10:00:00,0.781244,True,2025-12-29 11:12:00,auto_retry,405.0
cfo_SYN001363,evt_SYN000272,sub_SYN00178,plus_3_days,2025-12-24 19:55:00,0.807177,True,2025-12-31 04:23:00,auto_retry,405.0
cfo_SYN001364,evt_SYN000272,sub_SYN00178,month_end_window,2025-12-31 18:00:00,0.749503,True,2026-01-01 21:34:00,auto_retry,405.0
cfo_SYN001365,evt_SYN000273,sub_SYN00179,immediate,2026-04-24 08:17:00,0.92704,True,2026-04-29 12:55:00,customer_self_serve,880.0
cfo_SYN001366,evt_SYN000273,sub_SYN00179,plus_1_day_morning,2026-04-25 08:36:00,0.611406,False,,none,0.0
cfo_SYN001367,evt_SYN000273,sub_SYN00179,payday_window,2026-04-28 10:00:00,0.932133,True,2026-04-30 18:59:00,auto_retry,880.0
cfo_SYN001368,evt_SYN000273,sub_SYN00179,plus_3_days,2026-04-27 16:52:00,0.909834,False,,none,0.0
cfo_SYN001369,evt_SYN000273,sub_SYN00179,month_end_window,2026-04-30 18:00:00,0.98,True,2026-05-08 06:46:00,auto_retry,880.0
cfo_SYN001370,evt_SYN000274,sub_SYN00180,immediate,2026-05-20 13:18:00,0.555136,True,2026-05-21 05:22:00,customer_self_serve,467.0
cfo_SYN001371,evt_SYN000274,sub_SYN00180,plus_1_day_morning,2026-05-21 10:11:00,0.705081,True,2026-05-27 01:23:00,customer_self_serve,417.67
cfo_SYN001372,evt_SYN000274,sub_SYN00180,payday_window,2026-05-29 10:00:00,0.451179,True,2026-06-03 12:56:00,auto_retry,439.59
cfo_SYN001373,evt_SYN000274,sub_SYN00180,plus_3_days,2026-05-23 15:52:00,0.555336,False,,none,0.0
cfo_SYN001374,evt_SYN000274,sub_SYN00180,month_end_window,2026-05-31 18:00:00,0.797758,True,2026-06-01 12:23:00,auto_retry,467.0
cfo_SYN001375,evt_SYN000275,sub_SYN00180,immediate,2026-06-07 06:13:00,0.214602,False,,none,0.0
cfo_SYN001376,evt_SYN000275,sub_SYN00180,plus_1_day_morning,2026-06-08 08:48:00,0.495792,True,2026-06-11 10:08:00,auto_retry,467.0
cfo_SYN001377,evt_SYN000275,sub_SYN00180,payday_window,2026-06-28 10:00:00,0.504688,False,,none,0.0
cfo_SYN001378,evt_SYN000275,sub_SYN00180,plus_3_days,2026-06-10 09:41:00,0.292382,False,,none,0.0
cfo_SYN001379,evt_SYN000275,sub_SYN00180,month_end_window,2026-06-30 18:00:00,0.917198,False,,none,0.0
cfo_SYN001380,evt_SYN000276,sub_SYN00180,immediate,2026-06-28 14:11:00,0.298496,False,,none,0.0
cfo_SYN001381,evt_SYN000276,sub_SYN00180,plus_1_day_morning,2026-06-29 09:51:00,0.666341,True,2026-06-30 01:05:00,customer_self_serve,467.0
cfo_SYN001382,evt_SYN000276,sub_SYN00180,payday_window,2026-06-29 10:00:00,0.12494,True,2026-07-01 14:25:00,auto_retry,467.0
cfo_SYN001383,evt_SYN000276,sub_SYN00180,plus_3_days,2026-07-01 18:19:00,0.120253,False,,none,0.0
cfo_SYN001384,evt_SYN000276,sub_SYN00180,month_end_window,2026-06-30 18:00:00,0.465067,True,2026-07-12 13:09:00,auto_retry,467.0
cfo_SYN001385,evt_SYN000277,sub_SYN00180,immediate,2026-07-31 07:36:00,0.627205,True,2026-08-03 10:55:00,customer_self_serve,467.0
cfo_SYN001386,evt_SYN000277,sub_SYN00180,plus_1_day_morning,2026-08-01 08:06:00,0.49288,False,,none,0.0
cfo_SYN001387,evt_SYN000277,sub_SYN00180,payday_window,2026-08-01 10:00:00,0.186382,False,,none,0.0
cfo_SYN001388,evt_SYN000277,sub_SYN00180,plus_3_days,2026-08-03 19:35:00,0.56226,False,,none,0.0
cfo_SYN001389,evt_SYN000277,sub_SYN00180,month_end_window,2026-08-31 18:00:00,0.170018,False,,none,0.0
cfo_SYN001390,evt_SYN000278,sub_SYN00181,immediate,2025-07-18 10:01:00,0.139604,False,,none,0.0
cfo_SYN001391,evt_SYN000278,sub_SYN00181,plus_1_day_morning,2025-07-19 08:51:00,0.351502,False,,none,0.0
cfo_SYN001392,evt_SYN000278,sub_SYN00181,payday_window,2025-07-29 10:00:00,0.68014,True,2025-08-01 08:39:00,auto_retry,1570.0
cfo_SYN001393,evt_SYN000278,sub_SYN00181,plus_3_days,2025-07-21 16:45:00,0.120735,False,,none,0.0
cfo_SYN001394,evt_SYN000278,sub_SYN00181,month_end_window,2025-07-31 18:00:00,0.476772,True,2025-08-01 08:39:00,customer_self_serve,1335.31
cfo_SYN001395,evt_SYN000279,sub_SYN00181,immediate,2025-08-16 01:51:00,0.240753,False,,none,0.0
cfo_SYN001396,evt_SYN000279,sub_SYN00181,plus_1_day_morning,2025-08-17 10:32:00,0.312253,False,,none,0.0
cfo_SYN001397,evt_SYN000279,sub_SYN00181,payday_window,2025-08-29 10:00:00,0.294816,True,2025-08-29 22:54:00,auto_retry,1570.0
cfo_SYN001398,evt_SYN000279,sub_SYN00181,plus_3_days,2025-08-19 13:35:00,0.83768,True,2025-08-30 00:53:00,customer_self_serve,1482.32
cfo_SYN001399,evt_SYN000279,sub_SYN00181,month_end_window,2025-08-31 18:00:00,0.810712,False,,none,0.0
cfo_SYN001400,evt_SYN000280,sub_SYN00182,immediate,2025-06-29 18:52:00,0.879454,True,2025-06-30 21:17:00,auto_retry,935.0
cfo_SYN001401,evt_SYN000280,sub_SYN00182,plus_1_day_morning,2025-06-30 11:43:00,0.889426,True,2025-07-03 09:23:00,auto_retry,935.0
cfo_SYN001402,evt_SYN000280,sub_SYN00182,payday_window,2025-06-30 10:00:00,0.959108,True,2025-07-03 11:32:00,auto_retry,935.0
cfo_SYN001403,evt_SYN000280,sub_SYN00182,plus_3_days,2025-07-02 17:43:00,0.809014,True,2025-07-04 18:00:00,customer_self_serve,935.0
cfo_SYN001404,evt_SYN000280,sub_SYN00182,month_end_window,2025-06-30 18:00:00,0.960321,True,2025-07-02 13:49:00,auto_retry,935.0
cfo_SYN001405,evt_SYN000281,sub_SYN00183,immediate,2025-08-16 19:22:00,0.88072,True,2025-08-16 22:24:00,auto_retry,373.0
cfo_SYN001406,evt_SYN000281,sub_SYN00183,plus_1_day_morning,2025-08-17 11:12:00,0.881879,True,2025-08-18 09:39:00,auto_retry,373.0
cfo_SYN001407,evt_SYN000281,sub_SYN00183,payday_window,2025-08-29 10:00:00,0.804272,True,2025-08-29 16:06:00,customer_self_serve,373.0
cfo_SYN001408,evt_SYN000281,sub_SYN00183,plus_3_days,2025-08-19 15:04:00,0.891032,True,2025-08-19 16:16:00,auto_retry,373.0
cfo_SYN001409,evt_SYN000281,sub_SYN00183,month_end_window,2025-08-31 18:00:00,0.903101,False,,none,0.0
cfo_SYN001410,evt_SYN000282,sub_SYN00184,immediate,2026-06-04 22:36:00,0.324667,True,2026-06-06 00:59:00,auto_retry,467.0
cfo_SYN001411,evt_SYN000282,sub_SYN00184,plus_1_day_morning,2026-06-05 10:29:00,0.438332,False,,none,0.0
cfo_SYN001412,evt_SYN000282,sub_SYN00184,payday_window,2026-06-28 10:00:00,0.273935,False,,none,0.0
cfo_SYN001413,evt_SYN000282,sub_SYN00184,plus_3_days,2026-06-07 19:36:00,0.13366,False,,none,0.0
cfo_SYN001414,evt_SYN000282,sub_SYN00184,month_end_window,2026-06-30 18:00:00,0.591774,False,,none,0.0
cfo_SYN001415,evt_SYN000283,sub_SYN00184,immediate,2026-07-10 01:25:00,0.573312,False,,none,0.0
cfo_SYN001416,evt_SYN000283,sub_SYN00184,plus_1_day_morning,2026-07-11 09:36:00,0.724864,True,2026-07-15 09:11:00,auto_retry,467.0
cfo_SYN001417,evt_SYN000283,sub_SYN00184,payday_window,2026-07-29 10:00:00,0.67587,False,,none,0.0
cfo_SYN001418,evt_SYN000283,sub_SYN00184,plus_3_days,2026-07-13 17:16:00,0.578283,False,,none,0.0
cfo_SYN001419,evt_SYN000283,sub_SYN00184,month_end_window,2026-07-31 18:00:00,0.81696,False,,none,0.0
cfo_SYN001420,evt_SYN000284,sub_SYN00184,immediate,2026-08-19 08:54:00,0.303162,False,,none,0.0
cfo_SYN001421,evt_SYN000284,sub_SYN00184,plus_1_day_morning,2026-08-20 10:00:00,0.425966,True,2026-08-31 19:23:00,customer_self_serve,467.0
cfo_SYN001422,evt_SYN000284,sub_SYN00184,payday_window,2026-08-29 10:00:00,0.706194,False,,none,0.0
cfo_SYN001423,evt_SYN000284,sub_SYN00184,plus_3_days,2026-08-22 19:34:00,0.62657,False,,none,0.0
cfo_SYN001424,evt_SYN000284,sub_SYN00184,month_end_window,2026-08-31 18:00:00,0.743909,True,2026-09-02 07:42:00,auto_retry,401.54
cfo_SYN001425,evt_SYN000285,sub_SYN00185,immediate,2025-01-16 06:39:00,0.113004,False,,none,0.0
cfo_SYN001426,evt_SYN000285,sub_SYN00185,plus_1_day_morning,2025-01-17 10:40:00,0.513627,True,2025-01-19 00:21:00,customer_self_serve,4315.0
cfo_SYN001427,evt_SYN000285,sub_SYN00185,payday_window,2025-01-29 10:00:00,0.908292,True,2025-01-30 06:07:00,customer_self_serve,3885.76
cfo_SYN001428,evt_SYN000285,sub_SYN00185,plus_3_days,2025-01-19 19:02:00,0.450901,False,,none,0.0
cfo_SYN001429,evt_SYN000285,sub_SYN00185,month_end_window,2025-01-31 18:00:00,0.887369,False,,none,0.0
cfo_SYN001430,evt_SYN000286,sub_SYN00185,immediate,2025-02-14 13:35:00,0.218336,True,2025-02-20 18:59:00,auto_retry,4315.0
cfo_SYN001431,evt_SYN000286,sub_SYN00185,plus_1_day_morning,2025-02-15 08:34:00,0.216037,True,2025-02-25 22:05:00,customer_self_serve,4315.0
cfo_SYN001432,evt_SYN000286,sub_SYN00185,payday_window,2025-02-26 10:00:00,0.885249,True,2025-02-27 15:30:00,auto_retry,4315.0
cfo_SYN001433,evt_SYN000286,sub_SYN00185,plus_3_days,2025-02-17 14:28:00,0.68601,False,,none,0.0
cfo_SYN001434,evt_SYN000286,sub_SYN00185,month_end_window,2025-02-28 18:00:00,0.90064,False,,none,0.0
cfo_SYN001435,evt_SYN000287,sub_SYN00185,immediate,2025-03-16 21:09:00,0.150301,False,,none,0.0
cfo_SYN001436,evt_SYN000287,sub_SYN00185,plus_1_day_morning,2025-03-17 10:24:00,0.427929,False,,none,0.0
cfo_SYN001437,evt_SYN000287,sub_SYN00185,payday_window,2025-03-29 10:00:00,0.942308,True,2025-03-30 19:12:00,auto_retry,4315.0
cfo_SYN001438,evt_SYN000287,sub_SYN00185,plus_3_days,2025-03-19 09:17:00,0.831171,True,2025-03-25 23:04:00,auto_retry,4315.0
cfo_SYN001439,evt_SYN000287,sub_SYN00185,month_end_window,2025-03-31 18:00:00,0.868768,False,,none,0.0
cfo_SYN001440,evt_SYN000288,sub_SYN00186,immediate,2026-03-10 03:28:00,0.92873,True,2026-03-15 07:58:00,auto_retry,888.0
cfo_SYN001441,evt_SYN000288,sub_SYN00186,plus_1_day_morning,2026-03-11 09:54:00,0.762262,True,2026-03-12 20:57:00,auto_retry,856.78
cfo_SYN001442,evt_SYN000288,sub_SYN00186,payday_window,2026-03-29 10:00:00,0.926999,False,,none,0.0
cfo_SYN001443,evt_SYN000288,sub_SYN00186,plus_3_days,2026-03-13 14:32:00,0.832451,True,2026-03-14 06:07:00,auto_retry,888.0
cfo_SYN001444,evt_SYN000288,sub_SYN00186,month_end_window,2026-03-31 18:00:00,0.962695,False,,none,0.0
cfo_SYN001445,evt_SYN000289,sub_SYN00187,immediate,2026-05-14 22:45:00,0.927916,True,2026-05-15 09:12:00,customer_self_serve,3237.0
cfo_SYN001446,evt_SYN000289,sub_SYN00187,plus_1_day_morning,2026-05-15 10:04:00,0.936177,False,,none,0.0
cfo_SYN001447,evt_SYN000289,sub_SYN00187,payday_window,2026-05-29 10:00:00,0.94775,False,,none,0.0
cfo_SYN001448,evt_SYN000289,sub_SYN00187,plus_3_days,2026-05-17 09:28:00,0.884679,True,2026-05-19 05:52:00,customer_self_serve,3009.43
cfo_SYN001449,evt_SYN000289,sub_SYN00187,month_end_window,2026-05-31 18:00:00,0.98,False,,none,0.0
cfo_SYN001450,evt_SYN000290,sub_SYN00188,immediate,2026-03-24 00:35:00,0.497974,True,2026-03-25 18:28:00,customer_self_serve,191.0
cfo_SYN001451,evt_SYN000290,sub_SYN00188,plus_1_day_morning,2026-03-24 10:25:00,0.788741,True,2026-03-24 15:18:00,auto_retry,191.0
cfo_SYN001452,evt_SYN000290,sub_SYN00188,payday_window,2026-03-29 10:00:00,0.905111,True,2026-03-30 21:47:00,customer_self_serve,191.0
cfo_SYN001453,evt_SYN000290,sub_SYN00188,plus_3_days,2026-03-26 12:42:00,0.893979,True,2026-04-06 23:22:00,auto_retry,191.0
cfo_SYN001454,evt_SYN000290,sub_SYN00188,month_end_window,2026-03-31 18:00:00,0.98,True,2026-04-05 21:19:00,auto_retry,191.0
cfo_SYN001455,evt_SYN000291,sub_SYN00188,immediate,2026-04-26 02:54:00,0.793906,True,2026-04-27 05:46:00,customer_self_serve,191.0
cfo_SYN001456,evt_SYN000291,sub_SYN00188,plus_1_day_morning,2026-04-27 08:27:00,0.98,True,2026-04-29 13:10:00,auto_retry,191.0
cfo_SYN001457,evt_SYN000291,sub_SYN00188,payday_window,2026-04-28 10:00:00,0.979435,True,2026-04-29 12:13:00,auto_retry,191.0
cfo_SYN001458,evt_SYN000291,sub_SYN00188,plus_3_days,2026-04-29 16:47:00,0.98,True,2026-04-30 05:43:00,auto_retry,191.0
cfo_SYN001459,evt_SYN000291,sub_SYN00188,month_end_window,2026-04-30 18:00:00,0.970052,True,2026-05-06 13:04:00,auto_retry,191.0
cfo_SYN001460,evt_SYN000292,sub_SYN00188,immediate,2026-05-17 11:15:00,0.243755,True,2026-05-20 19:09:00,auto_retry,191.0
cfo_SYN001461,evt_SYN000292,sub_SYN00188,plus_1_day_morning,2026-05-18 11:39:00,0.525105,True,2026-05-21 01:34:00,customer_self_serve,191.0
cfo_SYN001462,evt_SYN000292,sub_SYN00188,payday_window,2026-05-29 10:00:00,0.976574,True,2026-05-30 05:37:00,customer_self_serve,191.0
cfo_SYN001463,evt_SYN000292,sub_SYN00188,plus_3_days,2026-05-20 13:37:00,0.674564,True,2026-05-22 15:13:00,auto_retry,191.0
cfo_SYN001464,evt_SYN000292,sub_SYN00188,month_end_window,2026-05-31 18:00:00,0.98,False,,none,0.0
cfo_SYN001465,evt_SYN000293,sub_SYN00189,immediate,2025-01-07 17:55:00,0.972811,True,2025-01-08 10:23:00,auto_retry,669.0
cfo_SYN001466,evt_SYN000293,sub_SYN00189,plus_1_day_morning,2025-01-08 08:09:00,0.943758,True,2025-01-09 08:44:00,customer_self_serve,669.0
cfo_SYN001467,evt_SYN000293,sub_SYN00189,payday_window,2025-01-29 10:00:00,0.683637,False,,none,0.0
cfo_SYN001468,evt_SYN000293,sub_SYN00189,plus_3_days,2025-01-10 13:05:00,0.741943,False,,none,0.0
cfo_SYN001469,evt_SYN000293,sub_SYN00189,month_end_window,2025-01-31 18:00:00,0.868839,False,,none,0.0
cfo_SYN001470,evt_SYN000294,sub_SYN00190,immediate,2026-02-03 23:52:00,0.294473,False,,none,0.0
cfo_SYN001471,evt_SYN000294,sub_SYN00190,plus_1_day_morning,2026-02-04 11:36:00,0.055143,False,,none,0.0
cfo_SYN001472,evt_SYN000294,sub_SYN00190,payday_window,2026-02-26 10:00:00,0.090187,False,,none,0.0
cfo_SYN001473,evt_SYN000294,sub_SYN00190,plus_3_days,2026-02-06 19:04:00,0.117429,False,,none,0.0
cfo_SYN001474,evt_SYN000294,sub_SYN00190,month_end_window,2026-02-28 18:00:00,0.126241,False,,none,0.0
cfo_SYN001475,evt_SYN000295,sub_SYN00191,immediate,2025-03-01 04:16:00,0.758373,True,2025-03-02 20:52:00,auto_retry,85.0
cfo_SYN001476,evt_SYN000295,sub_SYN00191,plus_1_day_morning,2025-03-02 09:16:00,0.85646,True,2025-03-02 12:48:00,auto_retry,85.0
cfo_SYN001477,evt_SYN000295,sub_SYN00191,payday_window,2025-03-02 10:00:00,0.853401,True,2025-03-02 17:59:00,customer_self_serve,85.0
cfo_SYN001478,evt_SYN000295,sub_SYN00191,plus_3_days,2025-03-04 12:32:00,0.842557,True,2025-03-06 10:18:00,customer_self_serve,85.0
cfo_SYN001479,evt_SYN000295,sub_SYN00191,month_end_window,2025-03-31 18:00:00,0.721466,False,,none,0.0
cfo_SYN001480,evt_SYN000296,sub_SYN00192,immediate,2025-12-24 04:44:00,0.817856,True,2025-12-25 10:30:00,auto_retry,427.0
cfo_SYN001481,evt_SYN000296,sub_SYN00192,plus_1_day_morning,2025-12-25 08:36:00,0.824148,True,2025-12-30 03:04:00,auto_retry,427.0
cfo_SYN001482,evt_SYN000296,sub_SYN00192,payday_window,2025-12-29 10:00:00,0.91799,True,2025-12-30 02:00:00,auto_retry,402.2
cfo_SYN001483,evt_SYN000296,sub_SYN00192,plus_3_days,2025-12-27 19:00:00,0.850409,True,2025-12-28 15:16:00,customer_self_serve,427.0
cfo_SYN001484,evt_SYN000296,sub_SYN00192,month_end_window,2025-12-31 18:00:00,0.925317,True,2026-01-03 03:01:00,customer_self_serve,427.0
cfo_SYN001485,evt_SYN000297,sub_SYN00193,immediate,2026-03-08 19:32:00,0.485897,False,,none,0.0
cfo_SYN001486,evt_SYN000297,sub_SYN00193,plus_1_day_morning,2026-03-09 10:20:00,0.412403,True,2026-03-10 03:13:00,customer_self_serve,465.0
cfo_SYN001487,evt_SYN000297,sub_SYN00193,payday_window,2026-03-29 10:00:00,0.770117,False,,none,0.0
cfo_SYN001488,evt_SYN000297,sub_SYN00193,plus_3_days,2026-03-11 17:37:00,0.758031,False,,none,0.0
cfo_SYN001489,evt_SYN000297,sub_SYN00193,month_end_window,2026-03-31 18:00:00,0.104671,False,,none,0.0
cfo_SYN001490,evt_SYN000298,sub_SYN00193,immediate,2026-04-11 11:57:00,0.57115,True,2026-04-17 03:44:00,auto_retry,453.68
cfo_SYN001491,evt_SYN000298,sub_SYN00193,plus_1_day_morning,2026-04-12 08:03:00,0.624525,False,,none,0.0
cfo_SYN001492,evt_SYN000298,sub_SYN00193,payday_window,2026-04-28 10:00:00,0.682903,False,,none,0.0
cfo_SYN001493,evt_SYN000298,sub_SYN00193,plus_3_days,2026-04-14 16:18:00,0.076146,False,,none,0.0
cfo_SYN001494,evt_SYN000298,sub_SYN00193,month_end_window,2026-04-30 18:00:00,0.894724,False,,none,0.0
cfo_SYN001495,evt_SYN000299,sub_SYN00193,immediate,2026-05-03 09:00:00,0.418274,False,,none,0.0
cfo_SYN001496,evt_SYN000299,sub_SYN00193,plus_1_day_morning,2026-05-04 09:43:00,0.922546,True,2026-05-09 03:55:00,customer_self_serve,457.59
cfo_SYN001497,evt_SYN000299,sub_SYN00193,payday_window,2026-05-29 10:00:00,0.704586,False,,none,0.0
cfo_SYN001498,evt_SYN000299,sub_SYN00193,plus_3_days,2026-05-06 10:58:00,0.735909,False,,none,0.0
cfo_SYN001499,evt_SYN000299,sub_SYN00193,month_end_window,2026-05-31 18:00:00,0.536795,False,,none,0.0
cfo_SYN001500,evt_SYN000300,sub_SYN00193,immediate,2026-06-01 18:09:00,0.603152,True,2026-06-08 09:33:00,auto_retry,465.0
cfo_SYN001501,evt_SYN000300,sub_SYN00193,plus_1_day_morning,2026-06-02 08:04:00,0.732368,False,,none,0.0
cfo_SYN001502,evt_SYN000300,sub_SYN00193,payday_window,2026-06-02 10:00:00,0.370039,True,2026-06-03 10:29:00,customer_self_serve,465.0
cfo_SYN001503,evt_SYN000300,sub_SYN00193,plus_3_days,2026-06-04 18:06:00,0.470846,False,,none,0.0
cfo_SYN001504,evt_SYN000300,sub_SYN00193,month_end_window,2026-06-30 18:00:00,0.696756,False,,none,0.0
cfo_SYN001505,evt_SYN000301,sub_SYN00194,immediate,2025-10-04 10:37:00,0.977767,True,2025-10-05 05:40:00,customer_self_serve,104.0
cfo_SYN001506,evt_SYN000301,sub_SYN00194,plus_1_day_morning,2025-10-05 10:30:00,0.685405,False,,none,0.0
cfo_SYN001507,evt_SYN000301,sub_SYN00194,payday_window,2025-10-29 10:00:00,0.855363,False,,none,0.0
cfo_SYN001508,evt_SYN000301,sub_SYN00194,plus_3_days,2025-10-07 11:06:00,0.941549,False,,none,0.0
cfo_SYN001509,evt_SYN000301,sub_SYN00194,month_end_window,2025-10-31 18:00:00,0.953595,False,,none,0.0
cfo_SYN001510,evt_SYN000302,sub_SYN00194,immediate,2026-02-27 06:49:00,0.881124,True,2026-02-27 19:52:00,customer_self_serve,104.0
cfo_SYN001511,evt_SYN000302,sub_SYN00194,plus_1_day_morning,2026-02-28 09:02:00,0.718653,False,,none,0.0
cfo_SYN001512,evt_SYN000302,sub_SYN00194,payday_window,2026-02-28 10:00:00,0.813523,True,2026-03-01 21:17:00,auto_retry,104.0
cfo_SYN001513,evt_SYN000302,sub_SYN00194,plus_3_days,2026-03-02 10:33:00,0.925384,True,2026-03-02 21:38:00,auto_retry,104.0
cfo_SYN001514,evt_SYN000302,sub_SYN00194,month_end_window,2026-02-28 18:00:00,0.872951,True,2026-03-05 18:11:00,auto_retry,104.0
cfo_SYN001515,evt_SYN000303,sub_SYN00195,immediate,2025-11-18 13:15:00,0.814669,True,2025-11-19 21:41:00,auto_retry,405.0
cfo_SYN001516,evt_SYN000303,sub_SYN00195,plus_1_day_morning,2025-11-19 09:07:00,0.918272,True,2025-11-20 18:53:00,auto_retry,369.01
cfo_SYN001517,evt_SYN000303,sub_SYN00195,payday_window,2025-11-28 10:00:00,0.523609,False,,none,0.0
cfo_SYN001518,evt_SYN000303,sub_SYN00195,plus_3_days,2025-11-21 17:37:00,0.907976,True,2025-11-22 03:59:00,auto_retry,405.0
cfo_SYN001519,evt_SYN000303,sub_SYN00195,month_end_window,2025-11-30 18:00:00,0.845078,True,2025-12-01 05:11:00,customer_self_serve,405.0
cfo_SYN001520,evt_SYN000304,sub_SYN00195,immediate,2026-01-18 02:01:00,0.735685,False,,none,0.0
cfo_SYN001521,evt_SYN000304,sub_SYN00195,plus_1_day_morning,2026-01-19 08:22:00,0.972449,True,2026-01-22 06:31:00,auto_retry,405.0
cfo_SYN001522,evt_SYN000304,sub_SYN00195,payday_window,2026-01-29 10:00:00,0.862386,True,2026-01-29 21:22:00,auto_retry,405.0
cfo_SYN001523,evt_SYN000304,sub_SYN00195,plus_3_days,2026-01-21 11:37:00,0.977618,True,2026-01-22 06:14:00,customer_self_serve,405.0
cfo_SYN001524,evt_SYN000304,sub_SYN00195,month_end_window,2026-01-31 18:00:00,0.941256,True,2026-02-01 00:26:00,auto_retry,405.0
cfo_SYN001525,evt_SYN000305,sub_SYN00196,immediate,2026-01-14 07:14:00,0.147401,False,,none,0.0
cfo_SYN001526,evt_SYN000305,sub_SYN00196,plus_1_day_morning,2026-01-15 08:46:00,0.458794,False,,none,0.0
cfo_SYN001527,evt_SYN000305,sub_SYN00196,payday_window,2026-01-29 10:00:00,0.770422,False,,none,0.0
cfo_SYN001528,evt_SYN000305,sub_SYN00196,plus_3_days,2026-01-17 15:49:00,0.432753,True,2026-01-21 15:05:00,auto_retry,706.45
cfo_SYN001529,evt_SYN000305,sub_SYN00196,month_end_window,2026-01-31 18:00:00,0.937853,False,,none,0.0
cfo_SYN001530,evt_SYN000306,sub_SYN00196,immediate,2026-02-17 17:13:00,0.856962,True,2026-02-19 00:46:00,customer_self_serve,749.0
cfo_SYN001531,evt_SYN000306,sub_SYN00196,plus_1_day_morning,2026-02-18 11:26:00,0.973289,True,2026-02-23 17:16:00,auto_retry,749.0
cfo_SYN001532,evt_SYN000306,sub_SYN00196,payday_window,2026-02-26 10:00:00,0.891774,False,,none,0.0
cfo_SYN001533,evt_SYN000306,sub_SYN00196,plus_3_days,2026-02-20 12:10:00,0.98,True,2026-02-20 17:43:00,auto_retry,749.0
cfo_SYN001534,evt_SYN000306,sub_SYN00196,month_end_window,2026-02-28 18:00:00,0.96711,True,2026-03-01 14:45:00,auto_retry,749.0
cfo_SYN001535,evt_SYN000307,sub_SYN00196,immediate,2026-03-16 12:24:00,0.713043,True,2026-03-18 16:11:00,auto_retry,749.0
cfo_SYN001536,evt_SYN000307,sub_SYN00196,plus_1_day_morning,2026-03-17 11:07:00,0.669667,True,2026-03-30 10:26:00,auto_retry,749.0
cfo_SYN001537,evt_SYN000307,sub_SYN00196,payday_window,2026-03-29 10:00:00,0.975967,True,2026-03-29 19:25:00,customer_self_serve,749.0
cfo_SYN001538,evt_SYN000307,sub_SYN00196,plus_3_days,2026-03-19 13:44:00,0.939702,True,2026-03-19 23:35:00,customer_self_serve,749.0
cfo_SYN001539,evt_SYN000307,sub_SYN00196,month_end_window,2026-03-31 18:00:00,0.98,False,,none,0.0
cfo_SYN001540,evt_SYN000308,sub_SYN00197,immediate,2026-06-14 11:28:00,0.08308,False,,none,0.0
cfo_SYN001541,evt_SYN000308,sub_SYN00197,plus_1_day_morning,2026-06-15 08:21:00,0.49118,True,2026-06-28 10:16:00,auto_retry,170.0
cfo_SYN001542,evt_SYN000308,sub_SYN00197,payday_window,2026-06-28 10:00:00,0.751162,False,,none,0.0
cfo_SYN001543,evt_SYN000308,sub_SYN00197,plus_3_days,2026-06-17 13:17:00,0.556789,False,,none,0.0
cfo_SYN001544,evt_SYN000308,sub_SYN00197,month_end_window,2026-06-30 18:00:00,0.731661,False,,none,0.0
cfo_SYN001545,evt_SYN000309,sub_SYN00197,immediate,2026-07-15 11:00:00,0.072503,False,,none,0.0
cfo_SYN001546,evt_SYN000309,sub_SYN00197,plus_1_day_morning,2026-07-16 08:42:00,0.555084,True,2026-07-19 13:56:00,customer_self_serve,162.2
cfo_SYN001547,evt_SYN000309,sub_SYN00197,payday_window,2026-07-29 10:00:00,0.346823,False,,none,0.0
cfo_SYN001548,evt_SYN000309,sub_SYN00197,plus_3_days,2026-07-18 19:47:00,0.744902,False,,none,0.0
cfo_SYN001549,evt_SYN000309,sub_SYN00197,month_end_window,2026-07-31 18:00:00,0.537537,False,,none,0.0
cfo_SYN001550,evt_SYN000310,sub_SYN00197,immediate,2026-08-04 18:01:00,0.817129,True,2026-08-05 10:32:00,customer_self_serve,151.74
cfo_SYN001551,evt_SYN000310,sub_SYN00197,plus_1_day_morning,2026-08-05 08:07:00,0.464006,False,,none,0.0
cfo_SYN001552,evt_SYN000310,sub_SYN00197,payday_window,2026-08-29 10:00:00,0.925336,False,,none,0.0
cfo_SYN001553,evt_SYN000310,sub_SYN00197,plus_3_days,2026-08-07 17:44:00,0.401111,False,,none,0.0
cfo_SYN001554,evt_SYN000310,sub_SYN00197,month_end_window,2026-08-31 18:00:00,0.603342,False,,none,0.0
cfo_SYN001555,evt_SYN000311,sub_SYN00198,immediate,2025-06-06 15:31:00,0.800649,False,,none,0.0
cfo_SYN001556,evt_SYN000311,sub_SYN00198,plus_1_day_morning,2025-06-07 09:31:00,0.970244,True,2025-06-08 18:45:00,auto_retry,410.0
cfo_SYN001557,evt_SYN000311,sub_SYN00198,payday_window,2025-06-28 10:00:00,0.959291,False,,none,0.0
cfo_SYN001558,evt_SYN000311,sub_SYN00198,plus_3_days,2025-06-09 09:17:00,0.946848,True,2025-06-10 13:26:00,auto_retry,410.0
cfo_SYN001559,evt_SYN000311,sub_SYN00198,month_end_window,2025-06-30 18:00:00,0.977719,False,,none,0.0
cfo_SYN001560,evt_SYN000312,sub_SYN00199,immediate,2026-04-12 13:19:00,0.805629,True,2026-04-15 21:51:00,customer_self_serve,355.0
cfo_SYN001561,evt_SYN000312,sub_SYN00199,plus_1_day_morning,2026-04-13 08:07:00,0.842646,False,,none,0.0
cfo_SYN001562,evt_SYN000312,sub_SYN00199,payday_window,2026-04-28 10:00:00,0.938674,False,,none,0.0
cfo_SYN001563,evt_SYN000312,sub_SYN00199,plus_3_days,2026-04-15 09:12:00,0.856547,True,2026-04-19 12:36:00,auto_retry,355.0
cfo_SYN001564,evt_SYN000312,sub_SYN00199,month_end_window,2026-04-30 18:00:00,0.825497,False,,none,0.0
