retry_candidate_id,event_id,subscription_id,candidate_type,candidate_datetime,offset_hours_from_failure,day_of_week,is_payday_aligned,is_month_end_aligned
rtc_SYN000000,evt_SYN000000,sub_SYN00000,immediate,2026-01-03 21:17:00,1.38,Saturday,True,False
rtc_SYN000001,evt_SYN000000,sub_SYN00000,plus_1_day_morning,2026-01-04 09:20:00,13.43,Sunday,True,False
rtc_SYN000002,evt_SYN000000,sub_SYN00000,payday_window,2026-01-29 10:00:00,614.1,Thursday,True,False
rtc_SYN000003,evt_SYN000000,sub_SYN00000,plus_3_days,2026-01-06 16:51:00,68.95,Tuesday,False,False
rtc_SYN000004,evt_SYN000000,sub_SYN00000,month_end_window,2026-01-31 18:00:00,670.1,Saturday,True,True
rtc_SYN000005,evt_SYN000001,sub_SYN00000,immediate,2026-02-01 06:23:00,0.32,Sunday,True,False
rtc_SYN000006,evt_SYN000001,sub_SYN00000,plus_1_day_morning,2026-02-02 11:49:00,29.75,Monday,True,False
rtc_SYN000007,evt_SYN000001,sub_SYN00000,payday_window,2026-02-02 10:00:00,27.93,Monday,True,False
rtc_SYN000008,evt_SYN000001,sub_SYN00000,plus_3_days,2026-02-04 10:06:00,76.03,Wednesday,True,False
rtc_SYN000009,evt_SYN000001,sub_SYN00000,month_end_window,2026-02-28 18:00:00,659.93,Saturday,True,True
rtc_SYN000010,evt_SYN000002,sub_SYN00000,immediate,2026-03-02 16:51:00,1.4,Monday,True,False
rtc_SYN000011,evt_SYN000002,sub_SYN00000,plus_1_day_morning,2026-03-03 11:23:00,19.93,Tuesday,True,False
rtc_SYN000012,evt_SYN000002,sub_SYN00000,payday_window,2026-03-03 10:00:00,18.55,Tuesday,True,False
rtc_SYN000013,evt_SYN000002,sub_SYN00000,plus_3_days,2026-03-05 16:59:00,73.53,Thursday,False,False
rtc_SYN000014,evt_SYN000002,sub_SYN00000,month_end_window,2026-03-31 18:00:00,698.55,Tuesday,True,True
rtc_SYN000015,evt_SYN000003,sub_SYN00000,immediate,2026-03-28 08:04:00,0.7,Saturday,True,False
rtc_SYN000016,evt_SYN000003,sub_SYN00000,plus_1_day_morning,2026-03-29 08:59:00,25.62,Sunday,True,False
rtc_SYN000017,evt_SYN000003,sub_SYN00000,payday_window,2026-03-29 10:00:00,26.63,Sunday,True,False
rtc_SYN000018,evt_SYN000003,sub_SYN00000,plus_3_days,2026-03-31 12:28:00,77.1,Tuesday,True,True
rtc_SYN000019,evt_SYN000003,sub_SYN00000,month_end_window,2026-03-31 18:00:00,82.63,Tuesday,True,True
rtc_SYN000020,evt_SYN000004,sub_SYN00001,immediate,2025-12-11 17:54:00,0.92,Thursday,False,False
rtc_SYN000021,evt_SYN000004,sub_SYN00001,plus_1_day_morning,2025-12-12 10:16:00,17.28,Friday,False,False
rtc_SYN000022,evt_SYN000004,sub_SYN00001,payday_window,2025-12-29 10:00:00,425.02,Monday,True,False
rtc_SYN000023,evt_SYN000004,sub_SYN00001,plus_3_days,2025-12-14 16:41:00,71.7,Sunday,False,False
rtc_SYN000024,evt_SYN000004,sub_SYN00001,month_end_window,2025-12-31 18:00:00,481.02,Wednesday,True,True
rtc_SYN000025,evt_SYN000005,sub_SYN00002,immediate,2026-06-05 01:01:00,0.47,Friday,False,False
rtc_SYN000026,evt_SYN000005,sub_SYN00002,plus_1_day_morning,2026-06-06 09:03:00,32.5,Saturday,False,False
rtc_SYN000027,evt_SYN000005,sub_SYN00002,payday_window,2026-06-28 10:00:00,561.45,Sunday,True,False
rtc_SYN000028,evt_SYN000005,sub_SYN00002,plus_3_days,2026-06-08 11:59:00,83.43,Monday,False,False
rtc_SYN000029,evt_SYN000005,sub_SYN00002,month_end_window,2026-06-30 18:00:00,617.45,Tuesday,True,True
rtc_SYN000030,evt_SYN000006,sub_SYN00002,immediate,2026-06-29 15:18:00,1.05,Monday,True,True
rtc_SYN000031,evt_SYN000006,sub_SYN00002,plus_1_day_morning,2026-06-30 10:53:00,20.63,Tuesday,True,True
rtc_SYN000032,evt_SYN000006,sub_SYN00002,payday_window,2026-06-30 10:00:00,19.75,Tuesday,True,True
rtc_SYN000033,evt_SYN000006,sub_SYN00002,plus_3_days,2026-07-02 16:47:00,74.53,Thursday,True,False
rtc_SYN000034,evt_SYN000006,sub_SYN00002,month_end_window,2026-06-30 18:00:00,27.75,Tuesday,True,True
rtc_SYN000035,evt_SYN000007,sub_SYN00002,immediate,2026-08-02 21:29:00,1.43,Sunday,True,False
rtc_SYN000036,evt_SYN000007,sub_SYN00002,plus_1_day_morning,2026-08-03 09:37:00,13.57,Monday,True,False
rtc_SYN000037,evt_SYN000007,sub_SYN00002,payday_window,2026-08-03 10:00:00,13.95,Monday,True,False
rtc_SYN000038,evt_SYN000007,sub_SYN00002,plus_3_days,2026-08-05 12:53:00,64.83,Wednesday,False,False
rtc_SYN000039,evt_SYN000007,sub_SYN00002,month_end_window,2026-08-31 18:00:00,693.95,Monday,True,True
rtc_SYN000040,evt_SYN000008,sub_SYN00003,immediate,2025-07-13 00:37:00,0.42,Sunday,False,False
rtc_SYN000041,evt_SYN000008,sub_SYN00003,plus_1_day_morning,2025-07-14 11:52:00,35.67,Monday,False,False
rtc_SYN000042,evt_SYN000008,sub_SYN00003,payday_window,2025-07-29 10:00:00,393.8,Tuesday,True,False
rtc_SYN000043,evt_SYN000008,sub_SYN00003,plus_3_days,2025-07-16 10:42:00,82.5,Wednesday,False,False
rtc_SYN000044,evt_SYN000008,sub_SYN00003,month_end_window,2025-07-31 18:00:00,449.8,Thursday,True,True
rtc_SYN000045,evt_SYN000009,sub_SYN00003,immediate,2025-08-16 22:23:00,1.97,Saturday,False,False
rtc_SYN000046,evt_SYN000009,sub_SYN00003,plus_1_day_morning,2025-08-17 10:20:00,13.92,Sunday,False,False
rtc_SYN000047,evt_SYN000009,sub_SYN00003,payday_window,2025-08-29 10:00:00,301.58,Friday,True,False
rtc_SYN000048,evt_SYN000009,sub_SYN00003,plus_3_days,2025-08-19 18:30:00,70.08,Tuesday,False,False
rtc_SYN000049,evt_SYN000009,sub_SYN00003,month_end_window,2025-08-31 18:00:00,357.58,Sunday,True,True
rtc_SYN000050,evt_SYN000010,sub_SYN00004,immediate,2026-03-28 23:44:00,0.3,Saturday,True,False
rtc_SYN000051,evt_SYN000010,sub_SYN00004,plus_1_day_morning,2026-03-29 08:40:00,9.23,Sunday,True,False
rtc_SYN000052,evt_SYN000010,sub_SYN00004,payday_window,2026-03-29 10:00:00,10.57,Sunday,True,False
rtc_SYN000053,evt_SYN000010,sub_SYN00004,plus_3_days,2026-03-31 14:13:00,62.78,Tuesday,True,True
rtc_SYN000054,evt_SYN000010,sub_SYN00004,month_end_window,2026-03-31 18:00:00,66.57,Tuesday,True,True
rtc_SYN000055,evt_SYN000011,sub_SYN00005,immediate,2026-04-07 13:07:00,1.6,Tuesday,False,False
rtc_SYN000056,evt_SYN000011,sub_SYN00005,plus_1_day_morning,2026-04-08 08:13:00,20.7,Wednesday,False,False
rtc_SYN000057,evt_SYN000011,sub_SYN00005,payday_window,2026-04-28 10:00:00,502.48,Tuesday,True,False
rtc_SYN000058,evt_SYN000011,sub_SYN00005,plus_3_days,2026-04-10 14:02:00,74.52,Friday,False,False
rtc_SYN000059,evt_SYN000011,sub_SYN00005,month_end_window,2026-04-30 18:00:00,558.48,Thursday,True,True
rtc_SYN000060,evt_SYN000012,sub_SYN00006,immediate,2026-03-13 20:50:00,0.82,Friday,False,False
rtc_SYN000061,evt_SYN000012,sub_SYN00006,plus_1_day_morning,2026-03-14 11:56:00,15.92,Saturday,False,False
rtc_SYN000062,evt_SYN000012,sub_SYN00006,payday_window,2026-03-29 10:00:00,373.98,Sunday,True,False
rtc_SYN000063,evt_SYN000012,sub_SYN00006,plus_3_days,2026-03-16 18:19:00,70.3,Monday,False,False
rtc_SYN000064,evt_SYN000012,sub_SYN00006,month_end_window,2026-03-31 18:00:00,429.98,Tuesday,True,True
rtc_SYN000065,evt_SYN000013,sub_SYN00006,immediate,2026-04-04 06:39:00,0.2,Saturday,True,False
rtc_SYN000066,evt_SYN000013,sub_SYN00006,plus_1_day_morning,2026-04-05 11:22:00,28.92,Sunday,False,False
rtc_SYN000067,evt_SYN000013,sub_SYN00006,payday_window,2026-04-28 10:00:00,579.55,Tuesday,True,False
rtc_SYN000068,evt_SYN000013,sub_SYN00006,plus_3_days,2026-04-07 17:07:00,82.67,Tuesday,False,False
rtc_SYN000069,evt_SYN000013,sub_SYN00006,month_end_window,2026-04-30 18:00:00,635.55,Thursday,True,True
rtc_SYN000070,evt_SYN000014,sub_SYN00007,immediate,2026-03-26 19:54:00,1.35,Thursday,False,False
rtc_SYN000071,evt_SYN000014,sub_SYN00007,plus_1_day_morning,2026-03-27 10:55:00,16.37,Friday,False,False
rtc_SYN000072,evt_SYN000014,sub_SYN00007,payday_window,2026-03-29 10:00:00,63.45,Sunday,True,False
rtc_SYN000073,evt_SYN000014,sub_SYN00007,plus_3_days,2026-03-29 10:24:00,63.85,Sunday,True,False
rtc_SYN000074,evt_SYN000014,sub_SYN00007,month_end_window,2026-03-31 18:00:00,119.45,Tuesday,True,True
rtc_SYN000075,evt_SYN000015,sub_SYN00007,immediate,2026-04-19 18:04:00,1.97,Sunday,False,False
rtc_SYN000076,evt_SYN000015,sub_SYN00007,plus_1_day_morning,2026-04-20 09:39:00,17.55,Monday,False,False
rtc_SYN000077,evt_SYN000015,sub_SYN00007,payday_window,2026-04-28 10:00:00,209.9,Tuesday,True,False
rtc_SYN000078,evt_SYN000015,sub_SYN00007,plus_3_days,2026-04-22 10:43:00,66.62,Wednesday,False,False
rtc_SYN000079,evt_SYN000015,sub_SYN00007,month_end_window,2026-04-30 18:00:00,265.9,Thursday,True,True
rtc_SYN000080,evt_SYN000016,sub_SYN00008,immediate,2025-09-15 11:48:00,0.6,Monday,False,False
rtc_SYN000081,evt_SYN000016,sub_SYN00008,plus_1_day_morning,2025-09-16 10:52:00,23.67,Tuesday,False,False
rtc_SYN000082,evt_SYN000016,sub_SYN00008,payday_window,2025-09-28 10:00:00,310.8,Sunday,True,False
rtc_SYN000083,evt_SYN000016,sub_SYN00008,plus_3_days,2025-09-18 16:28:00,77.27,Thursday,False,False
rtc_SYN000084,evt_SYN000016,sub_SYN00008,month_end_window,2025-09-30 18:00:00,366.8,Tuesday,True,True
rtc_SYN000085,evt_SYN000017,sub_SYN00009,immediate,2025-01-01 23:30:00,0.43,Wednesday,True,False
rtc_SYN000086,evt_SYN000017,sub_SYN00009,plus_1_day_morning,2025-01-02 09:50:00,10.77,Thursday,True,False
rtc_SYN000087,evt_SYN000017,sub_SYN00009,payday_window,2025-01-02 10:00:00,10.93,Thursday,True,False
rtc_SYN000088,evt_SYN000017,sub_SYN00009,plus_3_days,2025-01-04 11:39:00,60.58,Saturday,True,False
rtc_SYN000089,evt_SYN000017,sub_SYN00009,month_end_window,2025-01-31 18:00:00,714.93,Friday,True,True
rtc_SYN000090,evt_SYN000018,sub_SYN00010,immediate,2026-06-11 14:38:00,1.0,Thursday,False,False
rtc_SYN000091,evt_SYN000018,sub_SYN00010,plus_1_day_morning,2026-06-12 09:42:00,20.07,Friday,False,False
rtc_SYN000092,evt_SYN000018,sub_SYN00010,payday_window,2026-06-28 10:00:00,404.37,Sunday,True,False
rtc_SYN000093,evt_SYN000018,sub_SYN00010,plus_3_days,2026-06-14 12:17:00,70.65,Sunday,False,False
rtc_SYN000094,evt_SYN000018,sub_SYN00010,month_end_window,2026-06-30 18:00:00,460.37,Tuesday,True,True
rtc_SYN000095,evt_SYN000019,sub_SYN00011,immediate,2026-05-31 02:01:00,1.08,Sunday,True,True
rtc_SYN000096,evt_SYN000019,sub_SYN00011,plus_1_day_morning,2026-06-01 11:51:00,34.92,Monday,True,False
rtc_SYN000097,evt_SYN000019,sub_SYN00011,payday_window,2026-06-01 10:00:00,33.07,Monday,True,False
rtc_SYN000098,evt_SYN000019,sub_SYN00011,plus_3_days,2026-06-03 15:39:00,86.72,Wednesday,True,False
rtc_SYN000099,evt_SYN000019,sub_SYN00011,month_end_window,2026-06-30 18:00:00,737.07,Tuesday,True,True
rtc_SYN000100,evt_SYN000020,sub_SYN00012,immediate,2026-05-24 14:30:00,1.58,Sunday,False,False
rtc_SYN000101,evt_SYN000020,sub_SYN00012,plus_1_day_morning,2026-05-25 09:15:00,20.33,Monday,False,False
rtc_SYN000102,evt_SYN000020,sub_SYN00012,payday_window,2026-05-29 10:00:00,117.08,Friday,True,False
rtc_SYN000103,evt_SYN000020,sub_SYN00012,plus_3_days,2026-05-27 14:37:00,73.7,Wednesday,False,False
rtc_SYN000104,evt_SYN000020,sub_SYN00012,month_end_window,2026-05-31 18:00:00,173.08,Sunday,True,True
rtc_SYN000105,evt_SYN000021,sub_SYN00012,immediate,2026-07-07 22:57:00,1.32,Tuesday,False,False
rtc_SYN000106,evt_SYN000021,sub_SYN00012,plus_1_day_morning,2026-07-08 08:46:00,11.13,Wednesday,False,False
rtc_SYN000107,evt_SYN000021,sub_SYN00012,payday_window,2026-07-29 10:00:00,516.37,Wednesday,True,False
rtc_SYN000108,evt_SYN000021,sub_SYN00012,plus_3_days,2026-07-10 13:52:00,64.23,Friday,False,False
rtc_SYN000109,evt_SYN000021,sub_SYN00012,month_end_window,2026-07-31 18:00:00,572.37,Friday,True,True
rtc_SYN000110,evt_SYN000022,sub_SYN00013,immediate,2026-06-03 20:18:00,1.47,Wednesday,True,False
rtc_SYN000111,evt_SYN000022,sub_SYN00013,plus_1_day_morning,2026-06-04 11:37:00,16.78,Thursday,True,False
rtc_SYN000112,evt_SYN000022,sub_SYN00013,payday_window,2026-06-28 10:00:00,591.17,Sunday,True,False
rtc_SYN000113,evt_SYN000022,sub_SYN00013,plus_3_days,2026-06-06 14:11:00,67.35,Saturday,False,False
rtc_SYN000114,evt_SYN000022,sub_SYN00013,month_end_window,2026-06-30 18:00:00,647.17,Tuesday,True,True
rtc_SYN000115,evt_SYN000023,sub_SYN00013,immediate,2026-06-20 22:20:00,0.83,Saturday,False,False
rtc_SYN000116,evt_SYN000023,sub_SYN00013,plus_1_day_morning,2026-06-21 11:22:00,13.87,Sunday,False,False
rtc_SYN000117,evt_SYN000023,sub_SYN00013,payday_window,2026-06-28 10:00:00,180.5,Sunday,True,False
rtc_SYN000118,evt_SYN000023,sub_SYN00013,plus_3_days,2026-06-23 09:14:00,59.73,Tuesday,False,False
rtc_SYN000119,evt_SYN000023,sub_SYN00013,month_end_window,2026-06-30 18:00:00,236.5,Tuesday,True,True
rtc_SYN000120,evt_SYN000024,sub_SYN00013,immediate,2026-08-02 16:20:00,1.22,Sunday,True,False
rtc_SYN000121,evt_SYN000024,sub_SYN00013,plus_1_day_morning,2026-08-03 10:59:00,19.87,Monday,True,False
rtc_SYN000122,evt_SYN000024,sub_SYN00013,payday_window,2026-08-03 10:00:00,18.88,Monday,True,False
rtc_SYN000123,evt_SYN000024,sub_SYN00013,plus_3_days,2026-08-05 19:31:00,76.4,Wednesday,False,False
rtc_SYN000124,evt_SYN000024,sub_SYN00013,month_end_window,2026-08-31 18:00:00,698.88,Monday,True,True
rtc_SYN000125,evt_SYN000025,sub_SYN00013,immediate,2026-08-26 17:24:00,1.13,Wednesday,False,False
rtc_SYN000126,evt_SYN000025,sub_SYN00013,plus_1_day_morning,2026-08-27 11:02:00,18.77,Thursday,False,False
rtc_SYN000127,evt_SYN000025,sub_SYN00013,payday_window,2026-08-29 10:00:00,65.73,Saturday,True,False
rtc_SYN000128,evt_SYN000025,sub_SYN00013,plus_3_days,2026-08-29 15:28:00,71.2,Saturday,True,False
rtc_SYN000129,evt_SYN000025,sub_SYN00013,month_end_window,2026-08-31 18:00:00,121.73,Monday,True,True
rtc_SYN000130,evt_SYN000026,sub_SYN00014,immediate,2026-04-14 05:26:00,1.58,Tuesday,False,False
rtc_SYN000131,evt_SYN000026,sub_SYN00014,plus_1_day_morning,2026-04-15 11:39:00,31.8,Wednesday,False,False
rtc_SYN000132,evt_SYN000026,sub_SYN00014,payday_window,2026-04-28 10:00:00,342.15,Tuesday,True,False
rtc_SYN000133,evt_SYN000026,sub_SYN00014,plus_3_days,2026-04-17 16:41:00,84.83,Friday,False,False
rtc_SYN000134,evt_SYN000026,sub_SYN00014,month_end_window,2026-04-30 18:00:00,398.15,Thursday,True,True
rtc_SYN000135,evt_SYN000027,sub_SYN00015,immediate,2025-05-10 22:26:00,1.18,Saturday,False,False
rtc_SYN000136,evt_SYN000027,sub_SYN00015,plus_1_day_morning,2025-05-11 08:17:00,11.03,Sunday,False,False
rtc_SYN000137,evt_SYN000027,sub_SYN00015,payday_window,2025-05-29 10:00:00,444.75,Thursday,True,False
rtc_SYN000138,evt_SYN000027,sub_SYN00015,plus_3_days,2025-05-13 17:37:00,68.37,Tuesday,False,False
rtc_SYN000139,evt_SYN000027,sub_SYN00015,month_end_window,2025-05-31 18:00:00,500.75,Saturday,True,True
rtc_SYN000140,evt_SYN000028,sub_SYN00016,immediate,2026-03-18 09:51:00,0.53,Wednesday,False,False
rtc_SYN000141,evt_SYN000028,sub_SYN00016,plus_1_day_morning,2026-03-19 11:58:00,26.65,Thursday,False,False
rtc_SYN000142,evt_SYN000028,sub_SYN00016,payday_window,2026-03-29 10:00:00,264.68,Sunday,True,False
rtc_SYN000143,evt_SYN000028,sub_SYN00016,plus_3_days,2026-03-21 15:13:00,77.9,Saturday,False,False
rtc_SYN000144,evt_SYN000028,sub_SYN00016,month_end_window,2026-03-31 18:00:00,320.68,Tuesday,True,True
rtc_SYN000145,evt_SYN000029,sub_SYN00016,immediate,2026-04-13 16:21:00,1.87,Monday,False,False
rtc_SYN000146,evt_SYN000029,sub_SYN00016,plus_1_day_morning,2026-04-14 08:25:00,17.93,Tuesday,False,False
rtc_SYN000147,evt_SYN000029,sub_SYN00016,payday_window,2026-04-28 10:00:00,355.52,Tuesday,True,False
rtc_SYN000148,evt_SYN000029,sub_SYN00016,plus_3_days,2026-04-16 18:31:00,76.03,Thursday,False,False
rtc_SYN000149,evt_SYN000029,sub_SYN00016,month_end_window,2026-04-30 18:00:00,411.52,Thursday,True,True
rtc_SYN000150,evt_SYN000030,sub_SYN00016,immediate,2026-05-15 12:07:00,0.53,Friday,False,False
rtc_SYN000151,evt_SYN000030,sub_SYN00016,plus_1_day_morning,2026-05-16 08:21:00,20.77,Saturday,False,False
rtc_SYN000152,evt_SYN000030,sub_SYN00016,payday_window,2026-05-29 10:00:00,334.42,Friday,True,False
rtc_SYN000153,evt_SYN000030,sub_SYN00016,plus_3_days,2026-05-18 16:42:00,77.12,Monday,False,False
rtc_SYN000154,evt_SYN000030,sub_SYN00016,month_end_window,2026-05-31 18:00:00,390.42,Sunday,True,True
rtc_SYN000155,evt_SYN000031,sub_SYN00017,immediate,2025-11-23 15:41:00,0.5,Sunday,False,False
rtc_SYN000156,evt_SYN000031,sub_SYN00017,plus_1_day_morning,2025-11-24 08:42:00,17.52,Monday,False,False
rtc_SYN000157,evt_SYN000031,sub_SYN00017,payday_window,2025-11-28 10:00:00,114.82,Friday,True,False
rtc_SYN000158,evt_SYN000031,sub_SYN00017,plus_3_days,2025-11-26 10:03:00,66.87,Wednesday,False,False
rtc_SYN000159,evt_SYN000031,sub_SYN00017,month_end_window,2025-11-30 18:00:00,170.82,Sunday,True,True
rtc_SYN000160,evt_SYN000032,sub_SYN00018,immediate,2025-11-24 06:35:00,1.0,Monday,False,False
rtc_SYN000161,evt_SYN000032,sub_SYN00018,plus_1_day_morning,2025-11-25 10:14:00,28.65,Tuesday,False,False
rtc_SYN000162,evt_SYN000032,sub_SYN00018,payday_window,2025-11-28 10:00:00,100.42,Friday,True,False
rtc_SYN000163,evt_SYN000032,sub_SYN00018,plus_3_days,2025-11-27 11:14:00,77.65,Thursday,True,False
rtc_SYN000164,evt_SYN000032,sub_SYN00018,month_end_window,2025-11-30 18:00:00,156.42,Sunday,True,True
rtc_SYN000165,evt_SYN000033,sub_SYN00018,immediate,2025-12-14 08:15:00,0.73,Sunday,False,False
rtc_SYN000166,evt_SYN000033,sub_SYN00018,plus_1_day_morning,2025-12-15 08:00:00,24.48,Monday,False,False
rtc_SYN000167,evt_SYN000033,sub_SYN00018,payday_window,2025-12-29 10:00:00,362.48,Monday,True,False
rtc_SYN000168,evt_SYN000033,sub_SYN00018,plus_3_days,2025-12-17 13:01:00,77.5,Wednesday,False,False
rtc_SYN000169,evt_SYN000033,sub_SYN00018,month_end_window,2025-12-31 18:00:00,418.48,Wednesday,True,True
rtc_SYN000170,evt_SYN000034,sub_SYN00018,immediate,2026-01-17 11:49:00,0.68,Saturday,False,False
rtc_SYN000171,evt_SYN000034,sub_SYN00018,plus_1_day_morning,2026-01-18 10:01:00,22.88,Sunday,False,False
rtc_SYN000172,evt_SYN000034,sub_SYN00018,payday_window,2026-01-29 10:00:00,286.87,Thursday,True,False
rtc_SYN000173,evt_SYN000034,sub_SYN00018,plus_3_days,2026-01-20 15:37:00,76.48,Tuesday,False,False
rtc_SYN000174,evt_SYN000034,sub_SYN00018,month_end_window,2026-01-31 18:00:00,342.87,Saturday,True,True
rtc_SYN000175,evt_SYN000035,sub_SYN00019,immediate,2026-04-25 07:04:00,1.17,Saturday,False,False
rtc_SYN000176,evt_SYN000035,sub_SYN00019,plus_1_day_morning,2026-04-26 10:48:00,28.9,Sunday,False,False
rtc_SYN000177,evt_SYN000035,sub_SYN00019,payday_window,2026-04-28 10:00:00,76.1,Tuesday,True,False
rtc_SYN000178,evt_SYN000035,sub_SYN00019,plus_3_days,2026-04-28 09:10:00,75.27,Tuesday,True,False
rtc_SYN000179,evt_SYN000035,sub_SYN00019,month_end_window,2026-04-30 18:00:00,132.1,Thursday,True,True
rtc_SYN000180,evt_SYN000036,sub_SYN00019,immediate,2026-05-23 01:33:00,0.68,Saturday,False,False
rtc_SYN000181,evt_SYN000036,sub_SYN00019,plus_1_day_morning,2026-05-24 10:52:00,34.0,Sunday,False,False
rtc_SYN000182,evt_SYN000036,sub_SYN00019,payday_window,2026-05-29 10:00:00,153.13,Friday,True,False
rtc_SYN000183,evt_SYN000036,sub_SYN00019,plus_3_days,2026-05-26 19:34:00,90.7,Tuesday,False,False
rtc_SYN000184,evt_SYN000036,sub_SYN00019,month_end_window,2026-05-31 18:00:00,209.13,Sunday,True,True
rtc_SYN000185,evt_SYN000037,sub_SYN00020,immediate,2026-05-27 19:25:00,0.87,Wednesday,False,False
rtc_SYN000186,evt_SYN000037,sub_SYN00020,plus_1_day_morning,2026-05-28 09:03:00,14.5,Thursday,True,False
rtc_SYN000187,evt_SYN000037,sub_SYN00020,payday_window,2026-05-29 10:00:00,39.45,Friday,True,False
rtc_SYN000188,evt_SYN000037,sub_SYN00020,plus_3_days,2026-05-30 14:30:00,67.95,Saturday,True,True
rtc_SYN000189,evt_SYN000037,sub_SYN00020,month_end_window,2026-05-31 18:00:00,95.45,Sunday,True,True
rtc_SYN000190,evt_SYN000038,sub_SYN00020,immediate,2026-06-17 23:35:00,0.47,Wednesday,False,False
rtc_SYN000191,evt_SYN000038,sub_SYN00020,plus_1_day_morning,2026-06-18 11:48:00,12.68,Thursday,False,False
rtc_SYN000192,evt_SYN000038,sub_SYN00020,payday_window,2026-06-28 10:00:00,250.88,Sunday,True,False
rtc_SYN000193,evt_SYN000038,sub_SYN00020,plus_3_days,2026-06-20 12:54:00,61.78,Saturday,False,False
rtc_SYN000194,evt_SYN000038,sub_SYN00020,month_end_window,2026-06-30 18:00:00,306.88,Tuesday,True,True
rtc_SYN000195,evt_SYN000039,sub_SYN00020,immediate,2026-07-27 00:57:00,0.28,Monday,False,False
rtc_SYN000196,evt_SYN000039,sub_SYN00020,plus_1_day_morning,2026-07-28 11:46:00,35.1,Tuesday,True,False
rtc_SYN000197,evt_SYN000039,sub_SYN00020,payday_window,2026-07-29 10:00:00,57.33,Wednesday,True,False
rtc_SYN000198,evt_SYN000039,sub_SYN00020,plus_3_days,2026-07-30 11:39:00,82.98,Thursday,True,True
rtc_SYN000199,evt_SYN000039,sub_SYN00020,month_end_window,2026-07-31 18:00:00,113.33,Friday,True,True
rtc_SYN000200,evt_SYN000040,sub_SYN00021,immediate,2025-06-18 23:56:00,0.67,Wednesday,False,False
rtc_SYN000201,evt_SYN000040,sub_SYN00021,plus_1_day_morning,2025-06-19 11:09:00,11.88,Thursday,False,False
rtc_SYN000202,evt_SYN000040,sub_SYN00021,payday_window,2025-06-28 10:00:00,226.73,Saturday,True,False
rtc_SYN000203,evt_SYN000040,sub_SYN00021,plus_3_days,2025-06-21 11:18:00,60.03,Saturday,False,False
rtc_SYN000204,evt_SYN000040,sub_SYN00021,month_end_window,2025-06-30 18:00:00,282.73,Monday,True,True
rtc_SYN000205,evt_SYN000041,sub_SYN00022,immediate,2026-05-03 14:01:00,0.45,Sunday,True,False
rtc_SYN000206,evt_SYN000041,sub_SYN00022,plus_1_day_morning,2026-05-04 09:36:00,20.03,Monday,True,False
rtc_SYN000207,evt_SYN000041,sub_SYN00022,payday_window,2026-05-29 10:00:00,620.43,Friday,True,False
rtc_SYN000208,evt_SYN000041,sub_SYN00022,plus_3_days,2026-05-06 15:33:00,73.98,Wednesday,False,False
rtc_SYN000209,evt_SYN000041,sub_SYN00022,month_end_window,2026-05-31 18:00:00,676.43,Sunday,True,True
rtc_SYN000210,evt_SYN000042,sub_SYN00023,immediate,2025-04-14 05:37:00,0.43,Monday,False,False
rtc_SYN000211,evt_SYN000042,sub_SYN00023,plus_1_day_morning,2025-04-15 08:55:00,27.73,Tuesday,False,False
rtc_SYN000212,evt_SYN000042,sub_SYN00023,payday_window,2025-04-28 10:00:00,340.82,Monday,True,False
rtc_SYN000213,evt_SYN000042,sub_SYN00023,plus_3_days,2025-04-17 11:06:00,77.92,Thursday,False,False
rtc_SYN000214,evt_SYN000042,sub_SYN00023,month_end_window,2025-04-30 18:00:00,396.82,Wednesday,True,True
rtc_SYN000215,evt_SYN000043,sub_SYN00023,immediate,2025-05-08 17:11:00,0.95,Thursday,False,False
rtc_SYN000216,evt_SYN000043,sub_SYN00023,plus_1_day_morning,2025-05-09 08:20:00,16.1,Friday,False,False
rtc_SYN000217,evt_SYN000043,sub_SYN00023,payday_window,2025-05-29 10:00:00,497.77,Thursday,True,False
rtc_SYN000218,evt_SYN000043,sub_SYN00023,plus_3_days,2025-05-11 18:16:00,74.03,Sunday,False,False
rtc_SYN000219,evt_SYN000043,sub_SYN00023,month_end_window,2025-05-31 18:00:00,553.77,Saturday,True,True
rtc_SYN000220,evt_SYN000044,sub_SYN00023,immediate,2025-06-03 06:42:00,1.42,Tuesday,True,False
rtc_SYN000221,evt_SYN000044,sub_SYN00023,plus_1_day_morning,2025-06-04 09:21:00,28.07,Wednesday,True,False
rtc_SYN000222,evt_SYN000044,sub_SYN00023,payday_window,2025-06-28 10:00:00,604.72,Saturday,True,False
rtc_SYN000223,evt_SYN000044,sub_SYN00023,plus_3_days,2025-06-06 16:35:00,83.3,Friday,False,False
rtc_SYN000224,evt_SYN000044,sub_SYN00023,month_end_window,2025-06-30 18:00:00,660.72,Monday,True,True
rtc_SYN000225,evt_SYN000045,sub_SYN00024,immediate,2025-04-02 22:54:00,0.68,Wednesday,True,False
rtc_SYN000226,evt_SYN000045,sub_SYN00024,plus_1_day_morning,2025-04-03 08:55:00,10.7,Thursday,True,False
rtc_SYN000227,evt_SYN000045,sub_SYN00024,payday_window,2025-04-03 10:00:00,11.78,Thursday,True,False
rtc_SYN000228,evt_SYN000045,sub_SYN00024,plus_3_days,2025-04-05 10:57:00,60.73,Saturday,False,False
rtc_SYN000229,evt_SYN000045,sub_SYN00024,month_end_window,2025-04-30 18:00:00,667.78,Wednesday,True,True
rtc_SYN000230,evt_SYN000046,sub_SYN00024,immediate,2025-05-12 19:13:00,0.98,Monday,False,False
rtc_SYN000231,evt_SYN000046,sub_SYN00024,plus_1_day_morning,2025-05-13 11:21:00,17.12,Tuesday,False,False
rtc_SYN000232,evt_SYN000046,sub_SYN00024,payday_window,2025-05-29 10:00:00,399.77,Thursday,True,False
rtc_SYN000233,evt_SYN000046,sub_SYN00024,plus_3_days,2025-05-15 15:36:00,69.37,Thursday,False,False
rtc_SYN000234,evt_SYN000046,sub_SYN00024,month_end_window,2025-05-31 18:00:00,455.77,Saturday,True,True
rtc_SYN000235,evt_SYN000047,sub_SYN00024,immediate,2025-06-07 02:35:00,0.72,Saturday,False,False
rtc_SYN000236,evt_SYN000047,sub_SYN00024,plus_1_day_morning,2025-06-08 08:31:00,30.65,Sunday,False,False
rtc_SYN000237,evt_SYN000047,sub_SYN00024,payday_window,2025-06-28 10:00:00,512.13,Saturday,True,False
rtc_SYN000238,evt_SYN000047,sub_SYN00024,plus_3_days,2025-06-10 16:15:00,86.38,Tuesday,False,False
rtc_SYN000239,evt_SYN000047,sub_SYN00024,month_end_window,2025-06-30 18:00:00,568.13,Monday,True,True
rtc_SYN000240,evt_SYN000048,sub_SYN00025,immediate,2026-05-31 14:07:00,1.55,Sunday,True,True
rtc_SYN000241,evt_SYN000048,sub_SYN00025,plus_1_day_morning,2026-06-01 10:09:00,21.58,Monday,True,False
rtc_SYN000242,evt_SYN000048,sub_SYN00025,payday_window,2026-06-01 10:00:00,21.43,Monday,True,False
rtc_SYN000243,evt_SYN000048,sub_SYN00025,plus_3_days,2026-06-03 19:02:00,78.47,Wednesday,True,False
rtc_SYN000244,evt_SYN000048,sub_SYN00025,month_end_window,2026-06-30 18:00:00,725.43,Tuesday,True,True
rtc_SYN000245,evt_SYN000049,sub_SYN00026,immediate,2026-02-03 05:19:00,1.33,Tuesday,True,False
rtc_SYN000246,evt_SYN000049,sub_SYN00026,plus_1_day_morning,2026-02-04 09:39:00,29.67,Wednesday,True,False
rtc_SYN000247,evt_SYN000049,sub_SYN00026,payday_window,2026-02-26 10:00:00,558.02,Thursday,True,False
rtc_SYN000248,evt_SYN000049,sub_SYN00026,plus_3_days,2026-02-06 17:41:00,85.7,Friday,False,False
rtc_SYN000249,evt_SYN000049,sub_SYN00026,month_end_window,2026-02-28 18:00:00,614.02,Saturday,True,True
rtc_SYN000250,evt_SYN000050,sub_SYN00026,immediate,2026-05-16 10:33:00,1.32,Saturday,False,False
rtc_SYN000251,evt_SYN000050,sub_SYN00026,plus_1_day_morning,2026-05-17 11:42:00,26.47,Sunday,False,False
rtc_SYN000252,evt_SYN000050,sub_SYN00026,payday_window,2026-05-29 10:00:00,312.77,Friday,True,False
rtc_SYN000253,evt_SYN000050,sub_SYN00026,plus_3_days,2026-05-19 17:24:00,80.17,Tuesday,False,False
rtc_SYN000254,evt_SYN000050,sub_SYN00026,month_end_window,2026-05-31 18:00:00,368.77,Sunday,True,True
rtc_SYN000255,evt_SYN000051,sub_SYN00027,immediate,2026-05-20 21:13:00,0.47,Wednesday,False,False
rtc_SYN000256,evt_SYN000051,sub_SYN00027,plus_1_day_morning,2026-05-21 08:36:00,11.85,Thursday,False,False
rtc_SYN000257,evt_SYN000051,sub_SYN00027,payday_window,2026-05-29 10:00:00,205.25,Friday,True,False
rtc_SYN000258,evt_SYN000051,sub_SYN00027,plus_3_days,2026-05-23 14:04:00,65.32,Saturday,False,False
rtc_SYN000259,evt_SYN000051,sub_SYN00027,month_end_window,2026-05-31 18:00:00,261.25,Sunday,True,True
rtc_SYN000260,evt_SYN000052,sub_SYN00028,immediate,2026-02-16 06:15:00,0.47,Monday,False,False
rtc_SYN000261,evt_SYN000052,sub_SYN00028,plus_1_day_morning,2026-02-17 11:43:00,29.93,Tuesday,False,False
rtc_SYN000262,evt_SYN000052,sub_SYN00028,payday_window,2026-02-26 10:00:00,244.22,Thursday,True,False
rtc_SYN000263,evt_SYN000052,sub_SYN00028,plus_3_days,2026-02-19 17:11:00,83.4,Thursday,False,False
rtc_SYN000264,evt_SYN000052,sub_SYN00028,month_end_window,2026-02-28 18:00:00,300.22,Saturday,True,True
rtc_SYN000265,evt_SYN000053,sub_SYN00029,immediate,2026-05-21 19:15:00,0.2,Thursday,False,False
rtc_SYN000266,evt_SYN000053,sub_SYN00029,plus_1_day_morning,2026-05-22 09:51:00,14.8,Friday,False,False
rtc_SYN000267,evt_SYN000053,sub_SYN00029,payday_window,2026-05-29 10:00:00,182.95,Friday,True,False
rtc_SYN000268,evt_SYN000053,sub_SYN00029,plus_3_days,2026-05-24 14:47:00,67.73,Sunday,False,False
rtc_SYN000269,evt_SYN000053,sub_SYN00029,month_end_window,2026-05-31 18:00:00,238.95,Sunday,True,True
rtc_SYN000270,evt_SYN000054,sub_SYN00029,immediate,2026-06-17 02:59:00,1.0,Wednesday,False,False
rtc_SYN000271,evt_SYN000054,sub_SYN00029,plus_1_day_morning,2026-06-18 09:36:00,31.62,Thursday,False,False
rtc_SYN000272,evt_SYN000054,sub_SYN00029,payday_window,2026-06-28 10:00:00,272.02,Sunday,True,False
rtc_SYN000273,evt_SYN000054,sub_SYN00029,plus_3_days,2026-06-20 19:26:00,89.45,Saturday,False,False
rtc_SYN000274,evt_SYN000054,sub_SYN00029,month_end_window,2026-06-30 18:00:00,328.02,Tuesday,True,True
rtc_SYN000275,evt_SYN000055,sub_SYN00029,immediate,2026-07-21 16:23:00,1.22,Tuesday,False,False
rtc_SYN000276,evt_SYN000055,sub_SYN00029,plus_1_day_morning,2026-07-22 11:22:00,20.2,Wednesday,False,False
rtc_SYN000277,evt_SYN000055,sub_SYN00029,payday_window,2026-07-29 10:00:00,186.83,Wednesday,True,False
rtc_SYN000278,evt_SYN000055,sub_SYN00029,plus_3_days,2026-07-24 18:32:00,75.37,Friday,False,False
rtc_SYN000279,evt_SYN000055,sub_SYN00029,month_end_window,2026-07-31 18:00:00,242.83,Friday,True,True
rtc_SYN000280,evt_SYN000056,sub_SYN00030,immediate,2025-07-08 09:31:00,1.77,Tuesday,False,False
rtc_SYN000281,evt_SYN000056,sub_SYN00030,plus_1_day_morning,2025-07-09 09:37:00,25.87,Wednesday,False,False
rtc_SYN000282,evt_SYN000056,sub_SYN00030,payday_window,2025-07-29 10:00:00,506.25,Tuesday,True,False
rtc_SYN000283,evt_SYN000056,sub_SYN00030,plus_3_days,2025-07-11 12:38:00,76.88,Friday,False,False
rtc_SYN000284,evt_SYN000056,sub_SYN00030,month_end_window,2025-07-31 18:00:00,562.25,Thursday,True,True
rtc_SYN000285,evt_SYN000057,sub_SYN00030,immediate,2025-08-01 15:22:00,0.7,Friday,True,False
rtc_SYN000286,evt_SYN000057,sub_SYN00030,plus_1_day_morning,2025-08-02 10:47:00,20.12,Saturday,True,False
rtc_SYN000287,evt_SYN000057,sub_SYN00030,payday_window,2025-08-02 10:00:00,19.33,Saturday,True,False
rtc_SYN000288,evt_SYN000057,sub_SYN00030,plus_3_days,2025-08-04 13:25:00,70.75,Monday,True,False
rtc_SYN000289,evt_SYN000057,sub_SYN00030,month_end_window,2025-08-31 18:00:00,723.33,Sunday,True,True
rtc_SYN000290,evt_SYN000058,sub_SYN00030,immediate,2025-08-31 06:39:00,0.7,Sunday,True,True
rtc_SYN000291,evt_SYN000058,sub_SYN00030,plus_1_day_morning,2025-09-01 10:35:00,28.63,Monday,True,False
rtc_SYN000292,evt_SYN000058,sub_SYN00030,payday_window,2025-09-01 10:00:00,28.05,Monday,True,False
rtc_SYN000293,evt_SYN000058,sub_SYN00030,plus_3_days,2025-09-03 14:01:00,80.07,Wednesday,True,False
rtc_SYN000294,evt_SYN000058,sub_SYN00030,month_end_window,2025-09-30 18:00:00,732.05,Tuesday,True,True
rtc_SYN000295,evt_SYN000059,sub_SYN00031,immediate,2025-12-09 22:37:00,0.28,Tuesday,False,False
rtc_SYN000296,evt_SYN000059,sub_SYN00031,plus_1_day_morning,2025-12-10 08:51:00,10.52,Wednesday,False,False
rtc_SYN000297,evt_SYN000059,sub_SYN00031,payday_window,2025-12-29 10:00:00,467.67,Monday,True,False
rtc_SYN000298,evt_SYN000059,sub_SYN00031,plus_3_days,2025-12-12 18:04:00,67.73,Friday,False,False
rtc_SYN000299,evt_SYN000059,sub_SYN00031,month_end_window,2025-12-31 18:00:00,523.67,Wednesday,True,True
rtc_SYN000300,evt_SYN000060,sub_SYN00032,immediate,2025-11-07 14:08:00,0.17,Friday,False,False
rtc_SYN000301,evt_SYN000060,sub_SYN00032,plus_1_day_morning,2025-11-08 11:31:00,21.55,Saturday,False,False
rtc_SYN000302,evt_SYN000060,sub_SYN00032,payday_window,2025-11-28 10:00:00,500.03,Friday,True,False
rtc_SYN000303,evt_SYN000060,sub_SYN00032,plus_3_days,2025-11-10 12:36:00,70.63,Monday,False,False
rtc_SYN000304,evt_SYN000060,sub_SYN00032,month_end_window,2025-11-30 18:00:00,556.03,Sunday,True,True
rtc_SYN000305,evt_SYN000061,sub_SYN00033,immediate,2025-06-22 22:28:00,0.53,Sunday,False,False
rtc_SYN000306,evt_SYN000061,sub_SYN00033,plus_1_day_morning,2025-06-23 08:22:00,10.43,Monday,False,False
rtc_SYN000307,evt_SYN000061,sub_SYN00033,payday_window,2025-06-28 10:00:00,132.07,Saturday,True,False
rtc_SYN000308,evt_SYN000061,sub_SYN00033,plus_3_days,2025-06-25 18:46:00,68.83,Wednesday,False,False
rtc_SYN000309,evt_SYN000061,sub_SYN00033,month_end_window,2025-06-30 18:00:00,188.07,Monday,True,True
rtc_SYN000310,evt_SYN000062,sub_SYN00034,immediate,2026-01-27 20:50:00,0.43,Tuesday,False,False
rtc_SYN000311,evt_SYN000062,sub_SYN00034,plus_1_day_morning,2026-01-28 10:53:00,14.48,Wednesday,True,False
rtc_SYN000312,evt_SYN000062,sub_SYN00034,payday_window,2026-01-29 10:00:00,37.6,Thursday,True,False
rtc_SYN000313,evt_SYN000062,sub_SYN00034,plus_3_days,2026-01-30 19:45:00,71.35,Friday,True,True
rtc_SYN000314,evt_SYN000062,sub_SYN00034,month_end_window,2026-01-31 18:00:00,93.6,Saturday,True,True
rtc_SYN000315,evt_SYN000063,sub_SYN00035,immediate,2026-01-01 20:16:00,0.32,Thursday,True,False
rtc_SYN000316,evt_SYN000063,sub_SYN00035,plus_1_day_morning,2026-01-02 08:13:00,12.27,Friday,True,False
rtc_SYN000317,evt_SYN000063,sub_SYN00035,payday_window,2026-01-02 10:00:00,14.05,Friday,True,False
rtc_SYN000318,evt_SYN000063,sub_SYN00035,plus_3_days,2026-01-04 10:10:00,62.22,Sunday,True,False
rtc_SYN000319,evt_SYN000063,sub_SYN00035,month_end_window,2026-01-31 18:00:00,718.05,Saturday,True,True
rtc_SYN000320,evt_SYN000064,sub_SYN00035,immediate,2026-03-29 13:32:00,0.68,Sunday,True,False
rtc_SYN000321,evt_SYN000064,sub_SYN00035,plus_1_day_morning,2026-03-30 10:23:00,21.53,Monday,True,True
rtc_SYN000322,evt_SYN000064,sub_SYN00035,payday_window,2026-03-30 10:00:00,21.15,Monday,True,True
rtc_SYN000323,evt_SYN000064,sub_SYN00035,plus_3_days,2026-04-01 13:14:00,72.38,Wednesday,True,False
rtc_SYN000324,evt_SYN000064,sub_SYN00035,month_end_window,2026-03-31 18:00:00,53.15,Tuesday,True,True
rtc_SYN000325,evt_SYN000065,sub_SYN00036,immediate,2025-06-16 19:23:00,0.37,Monday,False,False
rtc_SYN000326,evt_SYN000065,sub_SYN00036,plus_1_day_morning,2025-06-17 11:35:00,16.57,Tuesday,False,False
rtc_SYN000327,evt_SYN000065,sub_SYN00036,payday_window,2025-06-28 10:00:00,278.98,Saturday,True,False
rtc_SYN000328,evt_SYN000065,sub_SYN00036,plus_3_days,2025-06-19 11:48:00,64.78,Thursday,False,False
rtc_SYN000329,evt_SYN000065,sub_SYN00036,month_end_window,2025-06-30 18:00:00,334.98,Monday,True,True
rtc_SYN000330,evt_SYN000066,sub_SYN00037,immediate,2024-09-10 22:52:00,1.67,Tuesday,False,False
rtc_SYN000331,evt_SYN000066,sub_SYN00037,plus_1_day_morning,2024-09-11 11:09:00,13.95,Wednesday,False,False
rtc_SYN000332,evt_SYN000066,sub_SYN00037,payday_window,2024-09-28 10:00:00,420.8,Saturday,True,False
rtc_SYN000333,evt_SYN000066,sub_SYN00037,plus_3_days,2024-09-13 16:58:00,67.77,Friday,False,False
rtc_SYN000334,evt_SYN000066,sub_SYN00037,month_end_window,2024-09-30 18:00:00,476.8,Monday,True,True
rtc_SYN000335,evt_SYN000067,sub_SYN00038,immediate,2025-11-20 09:38:00,1.62,Thursday,False,False
rtc_SYN000336,evt_SYN000067,sub_SYN00038,plus_1_day_morning,2025-11-21 08:53:00,24.87,Friday,False,False
rtc_SYN000337,evt_SYN000067,sub_SYN00038,payday_window,2025-11-28 10:00:00,193.98,Friday,True,False
rtc_SYN000338,evt_SYN000067,sub_SYN00038,plus_3_days,2025-11-23 13:29:00,77.47,Sunday,False,False
rtc_SYN000339,evt_SYN000067,sub_SYN00038,month_end_window,2025-11-30 18:00:00,249.98,Sunday,True,True
rtc_SYN000340,evt_SYN000068,sub_SYN00039,immediate,2026-03-06 14:36:00,1.15,Friday,False,False
rtc_SYN000341,evt_SYN000068,sub_SYN00039,plus_1_day_morning,2026-03-07 11:07:00,21.67,Saturday,False,False
rtc_SYN000342,evt_SYN000068,sub_SYN00039,payday_window,2026-03-29 10:00:00,548.55,Sunday,True,False
rtc_SYN000343,evt_SYN000068,sub_SYN00039,plus_3_days,2026-03-09 14:49:00,73.37,Monday,False,False
rtc_SYN000344,evt_SYN000068,sub_SYN00039,month_end_window,2026-03-31 18:00:00,604.55,Tuesday,True,True
rtc_SYN000345,evt_SYN000069,sub_SYN00040,immediate,2026-06-19 13:08:00,1.13,Friday,False,False
rtc_SYN000346,evt_SYN000069,sub_SYN00040,plus_1_day_morning,2026-06-20 09:03:00,21.05,Saturday,False,False
rtc_SYN000347,evt_SYN000069,sub_SYN00040,payday_window,2026-06-28 10:00:00,214.0,Sunday,True,False
rtc_SYN000348,evt_SYN000069,sub_SYN00040,plus_3_days,2026-06-22 15:42:00,75.7,Monday,False,False
rtc_SYN000349,evt_SYN000069,sub_SYN00040,month_end_window,2026-06-30 18:00:00,270.0,Tuesday,True,True
rtc_SYN000350,evt_SYN000070,sub_SYN00041,immediate,2025-07-25 13:17:00,1.13,Friday,False,False
rtc_SYN000351,evt_SYN000070,sub_SYN00041,plus_1_day_morning,2025-07-26 11:36:00,23.45,Saturday,False,False
rtc_SYN000352,evt_SYN000070,sub_SYN00041,payday_window,2025-07-29 10:00:00,93.85,Tuesday,True,False
rtc_SYN000353,evt_SYN000070,sub_SYN00041,plus_3_days,2025-07-28 14:03:00,73.9,Monday,True,False
rtc_SYN000354,evt_SYN000070,sub_SYN00041,month_end_window,2025-07-31 18:00:00,149.85,Thursday,True,True
rtc_SYN000355,evt_SYN000071,sub_SYN00041,immediate,2025-08-30 13:10:00,1.15,Saturday,True,True
rtc_SYN000356,evt_SYN000071,sub_SYN00041,plus_1_day_morning,2025-08-31 08:43:00,20.7,Sunday,True,True
rtc_SYN000357,evt_SYN000071,sub_SYN00041,payday_window,2025-08-31 10:00:00,21.98,Sunday,True,True
rtc_SYN000358,evt_SYN000071,sub_SYN00041,plus_3_days,2025-09-02 10:54:00,70.88,Tuesday,True,False
rtc_SYN000359,evt_SYN000071,sub_SYN00041,month_end_window,2025-08-31 18:00:00,29.98,Sunday,True,True
rtc_SYN000360,evt_SYN000072,sub_SYN00041,immediate,2025-09-22 05:30:00,0.65,Monday,False,False
rtc_SYN000361,evt_SYN000072,sub_SYN00041,plus_1_day_morning,2025-09-23 09:08:00,28.28,Tuesday,False,False
rtc_SYN000362,evt_SYN000072,sub_SYN00041,payday_window,2025-09-28 10:00:00,149.15,Sunday,True,False
rtc_SYN000363,evt_SYN000072,sub_SYN00041,plus_3_days,2025-09-25 11:55:00,79.07,Thursday,False,False
rtc_SYN000364,evt_SYN000072,sub_SYN00041,month_end_window,2025-09-30 18:00:00,205.15,Tuesday,True,True
rtc_SYN000365,evt_SYN000073,sub_SYN00042,immediate,2026-06-16 19:22:00,0.62,Tuesday,False,False
rtc_SYN000366,evt_SYN000073,sub_SYN00042,plus_1_day_morning,2026-06-17 10:58:00,16.22,Wednesday,False,False
rtc_SYN000367,evt_SYN000073,sub_SYN00042,payday_window,2026-06-28 10:00:00,279.25,Sunday,True,False
rtc_SYN000368,evt_SYN000073,sub_SYN00042,plus_3_days,2026-06-19 15:02:00,68.28,Friday,False,False
rtc_SYN000369,evt_SYN000073,sub_SYN00042,month_end_window,2026-06-30 18:00:00,335.25,Tuesday,True,True
rtc_SYN000370,evt_SYN000074,sub_SYN00042,immediate,2026-07-13 11:07:00,0.77,Monday,False,False
rtc_SYN000371,evt_SYN000074,sub_SYN00042,plus_1_day_morning,2026-07-14 09:16:00,22.92,Tuesday,False,False
rtc_SYN000372,evt_SYN000074,sub_SYN00042,payday_window,2026-07-29 10:00:00,383.65,Wednesday,True,False
rtc_SYN000373,evt_SYN000074,sub_SYN00042,plus_3_days,2026-07-16 11:30:00,73.15,Thursday,False,False
rtc_SYN000374,evt_SYN000074,sub_SYN00042,month_end_window,2026-07-31 18:00:00,439.65,Friday,True,True
rtc_SYN000375,evt_SYN000075,sub_SYN00043,immediate,2026-01-02 01:29:00,0.8,Friday,True,False
rtc_SYN000376,evt_SYN000075,sub_SYN00043,plus_1_day_morning,2026-01-03 09:24:00,32.72,Saturday,True,False
rtc_SYN000377,evt_SYN000075,sub_SYN00043,payday_window,2026-01-03 10:00:00,33.32,Saturday,True,False
rtc_SYN000378,evt_SYN000075,sub_SYN00043,plus_3_days,2026-01-05 12:13:00,83.53,Monday,False,False
rtc_SYN000379,evt_SYN000075,sub_SYN00043,month_end_window,2026-01-31 18:00:00,713.32,Saturday,True,True
rtc_SYN000380,evt_SYN000076,sub_SYN00044,immediate,2026-04-17 01:34:00,0.95,Friday,False,False
rtc_SYN000381,evt_SYN000076,sub_SYN00044,plus_1_day_morning,2026-04-18 11:30:00,34.88,Saturday,False,False
rtc_SYN000382,evt_SYN000076,sub_SYN00044,payday_window,2026-04-28 10:00:00,273.38,Tuesday,True,False
rtc_SYN000383,evt_SYN000076,sub_SYN00044,plus_3_days,2026-04-20 15:59:00,87.37,Monday,False,False
rtc_SYN000384,evt_SYN000076,sub_SYN00044,month_end_window,2026-04-30 18:00:00,329.38,Thursday,True,True
rtc_SYN000385,evt_SYN000077,sub_SYN00044,immediate,2026-05-23 22:32:00,1.25,Saturday,False,False
rtc_SYN000386,evt_SYN000077,sub_SYN00044,plus_1_day_morning,2026-05-24 08:23:00,11.1,Sunday,False,False
rtc_SYN000387,evt_SYN000077,sub_SYN00044,payday_window,2026-05-29 10:00:00,132.72,Friday,True,False
rtc_SYN000388,evt_SYN000077,sub_SYN00044,plus_3_days,2026-05-26 14:28:00,65.18,Tuesday,False,False
rtc_SYN000389,evt_SYN000077,sub_SYN00044,month_end_window,2026-05-31 18:00:00,188.72,Sunday,True,True
rtc_SYN000390,evt_SYN000078,sub_SYN00044,immediate,2026-06-18 10:28:00,0.37,Thursday,False,False
rtc_SYN000391,evt_SYN000078,sub_SYN00044,plus_1_day_morning,2026-06-19 08:20:00,22.23,Friday,False,False
rtc_SYN000392,evt_SYN000078,sub_SYN00044,payday_window,2026-06-28 10:00:00,239.9,Sunday,True,False
rtc_SYN000393,evt_SYN000078,sub_SYN00044,plus_3_days,2026-06-21 19:43:00,81.62,Sunday,False,False
rtc_SYN000394,evt_SYN000078,sub_SYN00044,month_end_window,2026-06-30 18:00:00,295.9,Tuesday,True,True
rtc_SYN000395,evt_SYN000079,sub_SYN00045,immediate,2025-09-07 11:41:00,1.68,Sunday,False,False
rtc_SYN000396,evt_SYN000079,sub_SYN00045,plus_1_day_morning,2025-09-08 08:24:00,22.4,Monday,False,False
rtc_SYN000397,evt_SYN000079,sub_SYN00045,payday_window,2025-09-28 10:00:00,504.0,Sunday,True,False
rtc_SYN000398,evt_SYN000079,sub_SYN00045,plus_3_days,2025-09-10 15:26:00,77.43,Wednesday,False,False
rtc_SYN000399,evt_SYN000079,sub_SYN00045,month_end_window,2025-09-30 18:00:00,560.0,Tuesday,True,True
rtc_SYN000400,evt_SYN000080,sub_SYN00045,immediate,2025-10-17 21:15:00,0.87,Friday,False,False
rtc_SYN000401,evt_SYN000080,sub_SYN00045,plus_1_day_morning,2025-10-18 09:03:00,12.67,Saturday,False,False
rtc_SYN000402,evt_SYN000080,sub_SYN00045,payday_window,2025-10-29 10:00:00,277.62,Wednesday,True,False
rtc_SYN000403,evt_SYN000080,sub_SYN00045,plus_3_days,2025-10-20 18:55:00,70.53,Monday,False,False
rtc_SYN000404,evt_SYN000080,sub_SYN00045,month_end_window,2025-10-31 18:00:00,333.62,Friday,True,True
rtc_SYN000405,evt_SYN000081,sub_SYN00046,immediate,2025-12-28 12:54:00,0.23,Sunday,True,False
rtc_SYN000406,evt_SYN000081,sub_SYN00046,plus_1_day_morning,2025-12-29 09:31:00,20.85,Monday,True,False
rtc_SYN000407,evt_SYN000081,sub_SYN00046,payday_window,2025-12-29 10:00:00,21.33,Monday,True,False
rtc_SYN000408,evt_SYN000081,sub_SYN00046,plus_3_days,2025-12-31 17:59:00,77.32,Wednesday,True,True
rtc_SYN000409,evt_SYN000081,sub_SYN00046,month_end_window,2025-12-31 18:00:00,77.33,Wednesday,True,True
rtc_SYN000410,evt_SYN000082,sub_SYN00047,immediate,2025-08-13 14:21:00,0.87,Wednesday,False,False
rtc_SYN000411,evt_SYN000082,sub_SYN00047,plus_1_day_morning,2025-08-14 10:56:00,21.45,Thursday,False,False
rtc_SYN000412,evt_SYN000082,sub_SYN00047,payday_window,2025-08-29 10:00:00,380.52,Friday,True,False
rtc_SYN000413,evt_SYN000082,sub_SYN00047,plus_3_days,2025-08-16 18:17:00,76.8,Saturday,False,False
rtc_SYN000414,evt_SYN000082,sub_SYN00047,month_end_window,2025-08-31 18:00:00,436.52,Sunday,True,True
rtc_SYN000415,evt_SYN000083,sub_SYN00048,immediate,2026-06-13 18:38:00,1.65,Saturday,False,False
rtc_SYN000416,evt_SYN000083,sub_SYN00048,plus_1_day_morning,2026-06-14 09:01:00,16.03,Sunday,False,False
rtc_SYN000417,evt_SYN000083,sub_SYN00048,payday_window,2026-06-28 10:00:00,353.02,Sunday,True,False
rtc_SYN000418,evt_SYN000083,sub_SYN00048,plus_3_days,2026-06-16 17:50:00,72.85,Tuesday,False,False
rtc_SYN000419,evt_SYN000083,sub_SYN00048,month_end_window,2026-06-30 18:00:00,409.02,Tuesday,True,True
rtc_SYN000420,evt_SYN000084,sub_SYN00048,immediate,2026-07-12 14:59:00,0.73,Sunday,False,False
rtc_SYN000421,evt_SYN000084,sub_SYN00048,plus_1_day_morning,2026-07-13 09:21:00,19.1,Monday,False,False
rtc_SYN000422,evt_SYN000084,sub_SYN00048,payday_window,2026-07-29 10:00:00,403.75,Wednesday,True,False
rtc_SYN000423,evt_SYN000084,sub_SYN00048,plus_3_days,2026-07-15 10:59:00,68.73,Wednesday,False,False
rtc_SYN000424,evt_SYN000084,sub_SYN00048,month_end_window,2026-07-31 18:00:00,459.75,Friday,True,True
rtc_SYN000425,evt_SYN000085,sub_SYN00049,immediate,2025-09-23 00:20:00,0.12,Tuesday,False,False
rtc_SYN000426,evt_SYN000085,sub_SYN00049,plus_1_day_morning,2025-09-24 10:00:00,33.78,Wednesday,False,False
rtc_SYN000427,evt_SYN000085,sub_SYN00049,payday_window,2025-09-28 10:00:00,129.78,Sunday,True,False
rtc_SYN000428,evt_SYN000085,sub_SYN00049,plus_3_days,2025-09-26 16:54:00,88.68,Friday,False,False
rtc_SYN000429,evt_SYN000085,sub_SYN00049,month_end_window,2025-09-30 18:00:00,185.78,Tuesday,True,True
rtc_SYN000430,evt_SYN000086,sub_SYN00050,immediate,2026-02-22 20:00:00,1.3,Sunday,False,False
rtc_SYN000431,evt_SYN000086,sub_SYN00050,plus_1_day_morning,2026-02-23 10:49:00,16.12,Monday,False,False
rtc_SYN000432,evt_SYN000086,sub_SYN00050,payday_window,2026-02-26 10:00:00,87.3,Thursday,True,False
rtc_SYN000433,evt_SYN000086,sub_SYN00050,plus_3_days,2026-02-25 19:51:00,73.15,Wednesday,True,False
rtc_SYN000434,evt_SYN000086,sub_SYN00050,month_end_window,2026-02-28 18:00:00,143.3,Saturday,True,True
rtc_SYN000435,evt_SYN000087,sub_SYN00051,immediate,2026-04-09 20:51:00,0.52,Thursday,False,False
rtc_SYN000436,evt_SYN000087,sub_SYN00051,plus_1_day_morning,2026-04-10 10:49:00,14.48,Friday,False,False
rtc_SYN000437,evt_SYN000087,sub_SYN00051,payday_window,2026-04-28 10:00:00,445.67,Tuesday,True,False
rtc_SYN000438,evt_SYN000087,sub_SYN00051,plus_3_days,2026-04-12 12:40:00,64.33,Sunday,False,False
rtc_SYN000439,evt_SYN000087,sub_SYN00051,month_end_window,2026-04-30 18:00:00,501.67,Thursday,True,True
rtc_SYN000440,evt_SYN000088,sub_SYN00052,immediate,2026-01-23 07:51:00,0.12,Friday,False,False
rtc_SYN000441,evt_SYN000088,sub_SYN00052,plus_1_day_morning,2026-01-24 11:36:00,27.87,Saturday,False,False
rtc_SYN000442,evt_SYN000088,sub_SYN00052,payday_window,2026-01-29 10:00:00,146.27,Thursday,True,False
rtc_SYN000443,evt_SYN000088,sub_SYN00052,plus_3_days,2026-01-26 17:49:00,82.08,Monday,False,False
rtc_SYN000444,evt_SYN000088,sub_SYN00052,month_end_window,2026-01-31 18:00:00,202.27,Saturday,True,True
rtc_SYN000445,evt_SYN000089,sub_SYN00052,immediate,2026-03-03 23:45:00,0.5,Tuesday,True,False
rtc_SYN000446,evt_SYN000089,sub_SYN00052,plus_1_day_morning,2026-03-04 09:51:00,10.6,Wednesday,True,False
rtc_SYN000447,evt_SYN000089,sub_SYN00052,payday_window,2026-03-29 10:00:00,610.75,Sunday,True,False
rtc_SYN000448,evt_SYN000089,sub_SYN00052,plus_3_days,2026-03-06 10:49:00,59.57,Friday,False,False
rtc_SYN000449,evt_SYN000089,sub_SYN00052,month_end_window,2026-03-31 18:00:00,666.75,Tuesday,True,True
rtc_SYN000450,evt_SYN000090,sub_SYN00052,immediate,2026-04-03 12:56:00,0.63,Friday,True,False
rtc_SYN000451,evt_SYN000090,sub_SYN00052,plus_1_day_morning,2026-04-04 10:30:00,22.2,Saturday,True,False
rtc_SYN000452,evt_SYN000090,sub_SYN00052,payday_window,2026-04-28 10:00:00,597.7,Tuesday,True,False
rtc_SYN000453,evt_SYN000090,sub_SYN00052,plus_3_days,2026-04-06 16:50:00,76.53,Monday,False,False
rtc_SYN000454,evt_SYN000090,sub_SYN00052,month_end_window,2026-04-30 18:00:00,653.7,Thursday,True,True
rtc_SYN000455,evt_SYN000091,sub_SYN00053,immediate,2025-08-06 13:02:00,0.75,Wednesday,False,False
rtc_SYN000456,evt_SYN000091,sub_SYN00053,plus_1_day_morning,2025-08-07 08:25:00,20.13,Thursday,False,False
rtc_SYN000457,evt_SYN000091,sub_SYN00053,payday_window,2025-08-29 10:00:00,549.72,Friday,True,False
rtc_SYN000458,evt_SYN000091,sub_SYN00053,plus_3_days,2025-08-09 15:45:00,75.47,Saturday,False,False
rtc_SYN000459,evt_SYN000091,sub_SYN00053,month_end_window,2025-08-31 18:00:00,605.72,Sunday,True,True
rtc_SYN000460,evt_SYN000092,sub_SYN00054,immediate,2026-05-08 01:16:00,1.52,Friday,False,False
rtc_SYN000461,evt_SYN000092,sub_SYN00054,plus_1_day_morning,2026-05-08 09:56:00,10.18,Friday,False,False
rtc_SYN000462,evt_SYN000092,sub_SYN00054,payday_window,2026-05-29 10:00:00,514.25,Friday,True,False
rtc_SYN000463,evt_SYN000092,sub_SYN00054,plus_3_days,2026-05-10 09:07:00,57.37,Sunday,False,False
rtc_SYN000464,evt_SYN000092,sub_SYN00054,month_end_window,2026-05-31 18:00:00,570.25,Sunday,True,True
rtc_SYN000465,evt_SYN000093,sub_SYN00055,immediate,2025-11-04 08:47:00,0.12,Tuesday,True,False
rtc_SYN000466,evt_SYN000093,sub_SYN00055,plus_1_day_morning,2025-11-05 11:10:00,26.5,Wednesday,False,False
rtc_SYN000467,evt_SYN000093,sub_SYN00055,payday_window,2025-11-28 10:00:00,577.33,Friday,True,False
rtc_SYN000468,evt_SYN000093,sub_SYN00055,plus_3_days,2025-11-07 15:48:00,79.13,Friday,False,False
rtc_SYN000469,evt_SYN000093,sub_SYN00055,month_end_window,2025-11-30 18:00:00,633.33,Sunday,True,True
rtc_SYN000470,evt_SYN000094,sub_SYN00055,immediate,2025-11-17 21:29:00,1.55,Monday,False,False
rtc_SYN000471,evt_SYN000094,sub_SYN00055,plus_1_day_morning,2025-11-18 11:03:00,15.12,Tuesday,False,False
rtc_SYN000472,evt_SYN000094,sub_SYN00055,payday_window,2025-11-28 10:00:00,254.07,Friday,True,False
rtc_SYN000473,evt_SYN000094,sub_SYN00055,plus_3_days,2025-11-20 13:30:00,65.57,Thursday,False,False
rtc_SYN000474,evt_SYN000094,sub_SYN00055,month_end_window,2025-11-30 18:00:00,310.07,Sunday,True,True
rtc_SYN000475,evt_SYN000095,sub_SYN00055,immediate,2025-12-04 14:06:00,1.42,Thursday,True,False
rtc_SYN000476,evt_SYN000095,sub_SYN00055,plus_1_day_morning,2025-12-05 10:33:00,21.87,Friday,False,False
rtc_SYN000477,evt_SYN000095,sub_SYN00055,payday_window,2025-12-29 10:00:00,597.32,Monday,True,False
rtc_SYN000478,evt_SYN000095,sub_SYN00055,plus_3_days,2025-12-07 12:06:00,71.42,Sunday,False,False
rtc_SYN000479,evt_SYN000095,sub_SYN00055,month_end_window,2025-12-31 18:00:00,653.32,Wednesday,True,True
rtc_SYN000480,evt_SYN000096,sub_SYN00056,immediate,2025-06-18 13:01:00,0.9,Wednesday,False,False
rtc_SYN000481,evt_SYN000096,sub_SYN00056,plus_1_day_morning,2025-06-19 09:33:00,21.43,Thursday,False,False
rtc_SYN000482,evt_SYN000096,sub_SYN00056,payday_window,2025-06-28 10:00:00,237.88,Saturday,True,False
rtc_SYN000483,evt_SYN000096,sub_SYN00056,plus_3_days,2025-06-21 17:33:00,77.43,Saturday,False,False
rtc_SYN000484,evt_SYN000096,sub_SYN00056,month_end_window,2025-06-30 18:00:00,293.88,Monday,True,True
rtc_SYN000485,evt_SYN000097,sub_SYN00056,immediate,2025-10-27 02:55:00,1.2,Monday,False,False
rtc_SYN000486,evt_SYN000097,sub_SYN00056,plus_1_day_morning,2025-10-28 08:38:00,30.92,Tuesday,True,False
rtc_SYN000487,evt_SYN000097,sub_SYN00056,payday_window,2025-10-29 10:00:00,56.28,Wednesday,True,False
rtc_SYN000488,evt_SYN000097,sub_SYN00056,plus_3_days,2025-10-30 13:07:00,83.4,Thursday,True,True
rtc_SYN000489,evt_SYN000097,sub_SYN00056,month_end_window,2025-10-31 18:00:00,112.28,Friday,True,True
rtc_SYN000490,evt_SYN000098,sub_SYN00057,immediate,2026-03-31 00:40:00,0.48,Tuesday,True,True
rtc_SYN000491,evt_SYN000098,sub_SYN00057,plus_1_day_morning,2026-04-01 11:55:00,35.73,Wednesday,True,False
rtc_SYN000492,evt_SYN000098,sub_SYN00057,payday_window,2026-04-01 10:00:00,33.82,Wednesday,True,False
rtc_SYN000493,evt_SYN000098,sub_SYN00057,plus_3_days,2026-04-03 14:58:00,86.78,Friday,True,False
rtc_SYN000494,evt_SYN000098,sub_SYN00057,month_end_window,2026-04-30 18:00:00,737.82,Thursday,True,True
rtc_SYN000495,evt_SYN000099,sub_SYN00057,immediate,2026-05-04 19:01:00,0.42,Monday,True,False
rtc_SYN000496,evt_SYN000099,sub_SYN00057,plus_1_day_morning,2026-05-05 09:55:00,15.32,Tuesday,False,False
rtc_SYN000497,evt_SYN000099,sub_SYN00057,payday_window,2026-05-29 10:00:00,591.4,Friday,True,False
rtc_SYN000498,evt_SYN000099,sub_SYN00057,plus_3_days,2026-05-07 10:39:00,64.05,Thursday,False,False
rtc_SYN000499,evt_SYN000099,sub_SYN00057,month_end_window,2026-05-31 18:00:00,647.4,Sunday,True,True
rtc_SYN000500,evt_SYN000100,sub_SYN00058,immediate,2025-11-23 12:22:00,0.5,Sunday,False,False
rtc_SYN000501,evt_SYN000100,sub_SYN00058,plus_1_day_morning,2025-11-24 09:28:00,21.6,Monday,False,False
rtc_SYN000502,evt_SYN000100,sub_SYN00058,payday_window,2025-11-28 10:00:00,118.13,Friday,True,False
rtc_SYN000503,evt_SYN000100,sub_SYN00058,plus_3_days,2025-11-26 12:52:00,73.0,Wednesday,False,False
rtc_SYN000504,evt_SYN000100,sub_SYN00058,month_end_window,2025-11-30 18:00:00,174.13,Sunday,True,True
rtc_SYN000505,evt_SYN000101,sub_SYN00059,immediate,2025-09-24 06:02:00,1.93,Wednesday,False,False
rtc_SYN000506,evt_SYN000101,sub_SYN00059,plus_1_day_morning,2025-09-25 10:31:00,30.42,Thursday,False,False
rtc_SYN000507,evt_SYN000101,sub_SYN00059,payday_window,2025-09-28 10:00:00,101.9,Sunday,True,False
rtc_SYN000508,evt_SYN000101,sub_SYN00059,plus_3_days,2025-09-27 09:14:00,77.13,Saturday,True,False
rtc_SYN000509,evt_SYN000101,sub_SYN00059,month_end_window,2025-09-30 18:00:00,157.9,Tuesday,True,True
rtc_SYN000510,evt_SYN000102,sub_SYN00060,immediate,2025-03-30 09:27:00,0.15,Sunday,True,True
rtc_SYN000511,evt_SYN000102,sub_SYN00060,plus_1_day_morning,2025-03-31 11:13:00,25.92,Monday,True,True
rtc_SYN000512,evt_SYN000102,sub_SYN00060,payday_window,2025-03-31 10:00:00,24.7,Monday,True,True
rtc_SYN000513,evt_SYN000102,sub_SYN00060,plus_3_days,2025-04-02 12:50:00,75.53,Wednesday,True,False
rtc_SYN000514,evt_SYN000102,sub_SYN00060,month_end_window,2025-03-31 18:00:00,32.7,Monday,True,True
rtc_SYN000515,evt_SYN000103,sub_SYN00060,immediate,2025-04-27 02:10:00,1.45,Sunday,True,False
rtc_SYN000516,evt_SYN000103,sub_SYN00060,plus_1_day_morning,2025-04-28 10:02:00,33.32,Monday,True,False
rtc_SYN000517,evt_SYN000103,sub_SYN00060,payday_window,2025-04-28 10:00:00,33.28,Monday,True,False
rtc_SYN000518,evt_SYN000103,sub_SYN00060,plus_3_days,2025-04-30 15:33:00,86.83,Wednesday,True,True
rtc_SYN000519,evt_SYN000103,sub_SYN00060,month_end_window,2025-04-30 18:00:00,89.28,Wednesday,True,True
rtc_SYN000520,evt_SYN000104,sub_SYN00061,immediate,2025-02-13 01:11:00,0.68,Thursday,False,False
rtc_SYN000521,evt_SYN000104,sub_SYN00061,plus_1_day_morning,2025-02-14 10:55:00,34.42,Friday,False,False
rtc_SYN000522,evt_SYN000104,sub_SYN00061,payday_window,2025-02-26 10:00:00,321.5,Wednesday,True,False
rtc_SYN000523,evt_SYN000104,sub_SYN00061,plus_3_days,2025-02-16 11:19:00,82.82,Sunday,False,False
rtc_SYN000524,evt_SYN000104,sub_SYN00061,month_end_window,2025-02-28 18:00:00,377.5,Friday,True,True
rtc_SYN000525,evt_SYN000105,sub_SYN00062,immediate,2026-04-18 07:09:00,0.7,Saturday,False,False
rtc_SYN000526,evt_SYN000105,sub_SYN00062,plus_1_day_morning,2026-04-19 11:04:00,28.62,Sunday,False,False
rtc_SYN000527,evt_SYN000105,sub_SYN00062,payday_window,2026-04-28 10:00:00,243.55,Tuesday,True,False
rtc_SYN000528,evt_SYN000105,sub_SYN00062,plus_3_days,2026-04-21 18:46:00,84.32,Tuesday,False,False
rtc_SYN000529,evt_SYN000105,sub_SYN00062,month_end_window,2026-04-30 18:00:00,299.55,Thursday,True,True
rtc_SYN000530,evt_SYN000106,sub_SYN00062,immediate,2026-05-19 21:34:00,1.0,Tuesday,False,False
rtc_SYN000531,evt_SYN000106,sub_SYN00062,plus_1_day_morning,2026-05-20 10:53:00,14.32,Wednesday,False,False
rtc_SYN000532,evt_SYN000106,sub_SYN00062,payday_window,2026-05-29 10:00:00,229.43,Friday,True,False
rtc_SYN000533,evt_SYN000106,sub_SYN00062,plus_3_days,2026-05-22 17:16:00,68.7,Friday,False,False
rtc_SYN000534,evt_SYN000106,sub_SYN00062,month_end_window,2026-05-31 18:00:00,285.43,Sunday,True,True
rtc_SYN000535,evt_SYN000107,sub_SYN00063,immediate,2025-07-28 00:08:00,0.17,Monday,True,False
rtc_SYN000536,evt_SYN000107,sub_SYN00063,plus_1_day_morning,2025-07-28 10:08:00,10.17,Monday,True,False
rtc_SYN000537,evt_SYN000107,sub_SYN00063,payday_window,2025-07-29 10:00:00,34.03,Tuesday,True,False
rtc_SYN000538,evt_SYN000107,sub_SYN00063,plus_3_days,2025-07-30 09:58:00,58.0,Wednesday,True,True
rtc_SYN000539,evt_SYN000107,sub_SYN00063,month_end_window,2025-07-31 18:00:00,90.03,Thursday,True,True
rtc_SYN000540,evt_SYN000108,sub_SYN00063,immediate,2025-09-04 05:13:00,0.98,Thursday,True,False
rtc_SYN000541,evt_SYN000108,sub_SYN00063,plus_1_day_morning,2025-09-05 10:13:00,29.98,Friday,False,False
rtc_SYN000542,evt_SYN000108,sub_SYN00063,payday_window,2025-09-28 10:00:00,581.77,Sunday,True,False
rtc_SYN000543,evt_SYN000108,sub_SYN00063,plus_3_days,2025-09-07 10:03:00,77.82,Sunday,False,False
rtc_SYN000544,evt_SYN000108,sub_SYN00063,month_end_window,2025-09-30 18:00:00,637.77,Tuesday,True,True
rtc_SYN000545,evt_SYN000109,sub_SYN00063,immediate,2025-10-02 00:05:00,0.75,Thursday,True,False
rtc_SYN000546,evt_SYN000109,sub_SYN00063,plus_1_day_morning,2025-10-02 08:25:00,9.08,Thursday,True,False
rtc_SYN000547,evt_SYN000109,sub_SYN00063,payday_window,2025-10-02 10:00:00,10.67,Thursday,True,False
rtc_SYN000548,evt_SYN000109,sub_SYN00063,plus_3_days,2025-10-04 12:31:00,61.18,Saturday,True,False
rtc_SYN000549,evt_SYN000109,sub_SYN00063,month_end_window,2025-10-31 18:00:00,714.67,Friday,True,True
rtc_SYN000550,evt_SYN000110,sub_SYN00064,immediate,2026-04-10 23:07:00,1.2,Friday,False,False
rtc_SYN000551,evt_SYN000110,sub_SYN00064,plus_1_day_morning,2026-04-11 09:27:00,11.53,Saturday,False,False
rtc_SYN000552,evt_SYN000110,sub_SYN00064,payday_window,2026-04-28 10:00:00,420.08,Tuesday,True,False
rtc_SYN000553,evt_SYN000110,sub_SYN00064,plus_3_days,2026-04-13 09:18:00,59.38,Monday,False,False
rtc_SYN000554,evt_SYN000110,sub_SYN00064,month_end_window,2026-04-30 18:00:00,476.08,Thursday,True,True
rtc_SYN000555,evt_SYN000111,sub_SYN00065,immediate,2025-06-08 12:37:00,1.95,Sunday,False,False
rtc_SYN000556,evt_SYN000111,sub_SYN00065,plus_1_day_morning,2025-06-09 11:29:00,24.82,Monday,False,False
rtc_SYN000557,evt_SYN000111,sub_SYN00065,payday_window,2025-06-28 10:00:00,479.33,Saturday,True,False
rtc_SYN000558,evt_SYN000111,sub_SYN00065,plus_3_days,2025-06-11 19:30:00,80.83,Wednesday,False,False
rtc_SYN000559,evt_SYN000111,sub_SYN00065,month_end_window,2025-06-30 18:00:00,535.33,Monday,True,True
rtc_SYN000560,evt_SYN000112,sub_SYN00065,immediate,2025-07-06 15:02:00,0.32,Sunday,False,False
rtc_SYN000561,evt_SYN000112,sub_SYN00065,plus_1_day_morning,2025-07-07 11:24:00,20.68,Monday,False,False
rtc_SYN000562,evt_SYN000112,sub_SYN00065,payday_window,2025-07-29 10:00:00,547.28,Tuesday,True,False
rtc_SYN000563,evt_SYN000112,sub_SYN00065,plus_3_days,2025-07-09 15:38:00,72.92,Wednesday,False,False
rtc_SYN000564,evt_SYN000112,sub_SYN00065,month_end_window,2025-07-31 18:00:00,603.28,Thursday,True,True
rtc_SYN000565,evt_SYN000113,sub_SYN00066,immediate,2024-12-14 04:53:00,0.67,Saturday,False,False
rtc_SYN000566,evt_SYN000113,sub_SYN00066,plus_1_day_morning,2024-12-15 10:30:00,30.28,Sunday,False,False
rtc_SYN000567,evt_SYN000113,sub_SYN00066,payday_window,2024-12-29 10:00:00,365.78,Sunday,True,False
rtc_SYN000568,evt_SYN000113,sub_SYN00066,plus_3_days,2024-12-17 13:17:00,81.07,Tuesday,False,False
rtc_SYN000569,evt_SYN000113,sub_SYN00066,month_end_window,2024-12-31 18:00:00,421.78,Tuesday,True,True
rtc_SYN000570,evt_SYN000114,sub_SYN00066,immediate,2025-01-11 11:45:00,1.5,Saturday,False,False
rtc_SYN000571,evt_SYN000114,sub_SYN00066,plus_1_day_morning,2025-01-12 08:07:00,21.87,Sunday,False,False
rtc_SYN000572,evt_SYN000114,sub_SYN00066,payday_window,2025-01-29 10:00:00,431.75,Wednesday,True,False
rtc_SYN000573,evt_SYN000114,sub_SYN00066,plus_3_days,2025-01-14 18:19:00,80.07,Tuesday,False,False
rtc_SYN000574,evt_SYN000114,sub_SYN00066,month_end_window,2025-01-31 18:00:00,487.75,Friday,True,True
rtc_SYN000575,evt_SYN000115,sub_SYN00067,immediate,2026-03-19 20:06:00,1.3,Thursday,False,False
rtc_SYN000576,evt_SYN000115,sub_SYN00067,plus_1_day_morning,2026-03-20 10:50:00,16.03,Friday,False,False
rtc_SYN000577,evt_SYN000115,sub_SYN00067,payday_window,2026-03-29 10:00:00,231.2,Sunday,True,False
rtc_SYN000578,evt_SYN000115,sub_SYN00067,plus_3_days,2026-03-22 15:42:00,68.9,Sunday,False,False
rtc_SYN000579,evt_SYN000115,sub_SYN00067,month_end_window,2026-03-31 18:00:00,287.2,Tuesday,True,True
rtc_SYN000580,evt_SYN000116,sub_SYN00068,immediate,2026-05-26 12:52:00,1.68,Tuesday,False,False
rtc_SYN000581,evt_SYN000116,sub_SYN00068,plus_1_day_morning,2026-05-27 11:02:00,23.85,Wednesday,False,False
rtc_SYN000582,evt_SYN000116,sub_SYN00068,payday_window,2026-05-29 10:00:00,70.82,Friday,True,False
rtc_SYN000583,evt_SYN000116,sub_SYN00068,plus_3_days,2026-05-29 17:10:00,77.98,Friday,True,False
rtc_SYN000584,evt_SYN000116,sub_SYN00068,month_end_window,2026-05-31 18:00:00,126.82,Sunday,True,True
rtc_SYN000585,evt_SYN000117,sub_SYN00069,immediate,2026-06-01 04:02:00,1.78,Monday,True,False
rtc_SYN000586,evt_SYN000117,sub_SYN00069,plus_1_day_morning,2026-06-02 08:14:00,29.98,Tuesday,True,False
rtc_SYN000587,evt_SYN000117,sub_SYN00069,payday_window,2026-06-02 10:00:00,31.75,Tuesday,True,False
rtc_SYN000588,evt_SYN000117,sub_SYN00069,plus_3_days,2026-06-04 11:36:00,81.35,Thursday,True,False
rtc_SYN000589,evt_SYN000117,sub_SYN00069,month_end_window,2026-06-30 18:00:00,711.75,Tuesday,True,True
rtc_SYN000590,evt_SYN000118,sub_SYN00070,immediate,2025-08-24 04:02:00,0.08,Sunday,False,False
rtc_SYN000591,evt_SYN000118,sub_SYN00070,plus_1_day_morning,2025-08-25 08:30:00,28.55,Monday,False,False
rtc_SYN000592,evt_SYN000118,sub_SYN00070,payday_window,2025-08-29 10:00:00,126.05,Friday,True,False
rtc_SYN000593,evt_SYN000118,sub_SYN00070,plus_3_days,2025-08-27 19:31:00,87.57,Wednesday,False,False
rtc_SYN000594,evt_SYN000118,sub_SYN00070,month_end_window,2025-08-31 18:00:00,182.05,Sunday,True,True
rtc_SYN000595,evt_SYN000119,sub_SYN00070,immediate,2025-12-14 07:56:00,0.93,Sunday,False,False
rtc_SYN000596,evt_SYN000119,sub_SYN00070,plus_1_day_morning,2025-12-15 10:33:00,27.55,Monday,False,False
rtc_SYN000597,evt_SYN000119,sub_SYN00070,payday_window,2025-12-29 10:00:00,363.0,Monday,True,False
rtc_SYN000598,evt_SYN000119,sub_SYN00070,plus_3_days,2025-12-17 13:35:00,78.58,Wednesday,False,False
rtc_SYN000599,evt_SYN000119,sub_SYN00070,month_end_window,2025-12-31 18:00:00,419.0,Wednesday,True,True
rtc_SYN000600,evt_SYN000120,sub_SYN00071,immediate,2026-06-08 14:24:00,0.08,Monday,False,False
rtc_SYN000601,evt_SYN000120,sub_SYN00071,plus_1_day_morning,2026-06-09 08:40:00,18.35,Tuesday,False,False
rtc_SYN000602,evt_SYN000120,sub_SYN00071,payday_window,2026-06-28 10:00:00,475.68,Sunday,True,False
rtc_SYN000603,evt_SYN000120,sub_SYN00071,plus_3_days,2026-06-11 12:03:00,69.73,Thursday,False,False
rtc_SYN000604,evt_SYN000120,sub_SYN00071,month_end_window,2026-06-30 18:00:00,531.68,Tuesday,True,True
rtc_SYN000605,evt_SYN000121,sub_SYN00072,immediate,2025-02-08 14:59:00,0.32,Saturday,False,False
rtc_SYN000606,evt_SYN000121,sub_SYN00072,plus_1_day_morning,2025-02-09 11:19:00,20.65,Sunday,False,False
rtc_SYN000607,evt_SYN000121,sub_SYN00072,payday_window,2025-02-26 10:00:00,427.33,Wednesday,True,False
rtc_SYN000608,evt_SYN000121,sub_SYN00072,plus_3_days,2025-02-11 09:43:00,67.05,Tuesday,False,False
rtc_SYN000609,evt_SYN000121,sub_SYN00072,month_end_window,2025-02-28 18:00:00,483.33,Friday,True,True
rtc_SYN000610,evt_SYN000122,sub_SYN00072,immediate,2025-02-19 03:45:00,1.1,Wednesday,False,False
rtc_SYN000611,evt_SYN000122,sub_SYN00072,plus_1_day_morning,2025-02-20 09:53:00,31.23,Thursday,False,False
rtc_SYN000612,evt_SYN000122,sub_SYN00072,payday_window,2025-02-26 10:00:00,175.35,Wednesday,True,False
rtc_SYN000613,evt_SYN000122,sub_SYN00072,plus_3_days,2025-02-22 12:34:00,81.92,Saturday,False,False
rtc_SYN000614,evt_SYN000122,sub_SYN00072,month_end_window,2025-02-28 18:00:00,231.35,Friday,True,True
rtc_SYN000615,evt_SYN000123,sub_SYN00072,immediate,2025-03-03 18:41:00,1.5,Monday,True,False
rtc_SYN000616,evt_SYN000123,sub_SYN00072,plus_1_day_morning,2025-03-04 10:12:00,17.02,Tuesday,True,False
rtc_SYN000617,evt_SYN000123,sub_SYN00072,payday_window,2025-03-29 10:00:00,616.82,Saturday,True,False
rtc_SYN000618,evt_SYN000123,sub_SYN00072,plus_3_days,2025-03-06 16:44:00,71.55,Thursday,False,False
rtc_SYN000619,evt_SYN000123,sub_SYN00072,month_end_window,2025-03-31 18:00:00,672.82,Monday,True,True
rtc_SYN000620,evt_SYN000124,sub_SYN00073,immediate,2026-01-07 20:26:00,0.32,Wednesday,False,False
rtc_SYN000621,evt_SYN000124,sub_SYN00073,plus_1_day_morning,2026-01-08 08:40:00,12.55,Thursday,False,False
rtc_SYN000622,evt_SYN000124,sub_SYN00073,payday_window,2026-01-29 10:00:00,517.88,Thursday,True,False
rtc_SYN000623,evt_SYN000124,sub_SYN00073,plus_3_days,2026-01-10 10:52:00,62.75,Saturday,False,False
rtc_SYN000624,evt_SYN000124,sub_SYN00073,month_end_window,2026-01-31 18:00:00,573.88,Saturday,True,True
rtc_SYN000625,evt_SYN000125,sub_SYN00074,immediate,2026-05-26 11:53:00,0.28,Tuesday,False,False
rtc_SYN000626,evt_SYN000125,sub_SYN00074,plus_1_day_morning,2026-05-27 11:40:00,24.07,Wednesday,False,False
rtc_SYN000627,evt_SYN000125,sub_SYN00074,payday_window,2026-05-29 10:00:00,70.4,Friday,True,False
rtc_SYN000628,evt_SYN000125,sub_SYN00074,plus_3_days,2026-05-29 13:16:00,73.67,Friday,True,False
rtc_SYN000629,evt_SYN000125,sub_SYN00074,month_end_window,2026-05-31 18:00:00,126.4,Sunday,True,True
rtc_SYN000630,evt_SYN000126,sub_SYN00075,immediate,2025-08-04 22:38:00,0.73,Monday,True,False
rtc_SYN000631,evt_SYN000126,sub_SYN00075,plus_1_day_morning,2025-08-05 10:45:00,12.85,Tuesday,False,False
rtc_SYN000632,evt_SYN000126,sub_SYN00075,payday_window,2025-08-29 10:00:00,588.1,Friday,True,False
rtc_SYN000633,evt_SYN000126,sub_SYN00075,plus_3_days,2025-08-07 11:32:00,61.63,Thursday,False,False
rtc_SYN000634,evt_SYN000126,sub_SYN00075,month_end_window,2025-08-31 18:00:00,644.1,Sunday,True,True
rtc_SYN000635,evt_SYN000127,sub_SYN00076,immediate,2026-01-06 21:52:00,1.98,Tuesday,False,False
rtc_SYN000636,evt_SYN000127,sub_SYN00076,plus_1_day_morning,2026-01-07 09:41:00,13.8,Wednesday,False,False
rtc_SYN000637,evt_SYN000127,sub_SYN00076,payday_window,2026-01-29 10:00:00,542.12,Thursday,True,False
rtc_SYN000638,evt_SYN000127,sub_SYN00076,plus_3_days,2026-01-09 10:50:00,62.95,Friday,False,False
rtc_SYN000639,evt_SYN000127,sub_SYN00076,month_end_window,2026-01-31 18:00:00,598.12,Saturday,True,True
rtc_SYN000640,evt_SYN000128,sub_SYN00077,immediate,2026-05-10 20:16:00,0.4,Sunday,False,False
rtc_SYN000641,evt_SYN000128,sub_SYN00077,plus_1_day_morning,2026-05-11 09:27:00,13.58,Monday,False,False
rtc_SYN000642,evt_SYN000128,sub_SYN00077,payday_window,2026-05-29 10:00:00,446.13,Friday,True,False
rtc_SYN000643,evt_SYN000128,sub_SYN00077,plus_3_days,2026-05-13 13:10:00,65.3,Wednesday,False,False
rtc_SYN000644,evt_SYN000128,sub_SYN00077,month_end_window,2026-05-31 18:00:00,502.13,Sunday,True,True
rtc_SYN000645,evt_SYN000129,sub_SYN00078,immediate,2025-10-10 13:24:00,1.3,Friday,False,False
rtc_SYN000646,evt_SYN000129,sub_SYN00078,plus_1_day_morning,2025-10-11 08:59:00,20.88,Saturday,False,False
rtc_SYN000647,evt_SYN000129,sub_SYN00078,payday_window,2025-10-29 10:00:00,453.9,Wednesday,True,False
rtc_SYN000648,evt_SYN000129,sub_SYN00078,plus_3_days,2025-10-13 09:20:00,69.23,Monday,False,False
rtc_SYN000649,evt_SYN000129,sub_SYN00078,month_end_window,2025-10-31 18:00:00,509.9,Friday,True,True
rtc_SYN000650,evt_SYN000130,sub_SYN00078,immediate,2025-11-13 13:35:00,1.85,Thursday,False,False
rtc_SYN000651,evt_SYN000130,sub_SYN00078,plus_1_day_morning,2025-11-14 08:04:00,20.33,Friday,False,False
rtc_SYN000652,evt_SYN000130,sub_SYN00078,payday_window,2025-11-28 10:00:00,358.27,Friday,True,False
rtc_SYN000653,evt_SYN000130,sub_SYN00078,plus_3_days,2025-11-16 17:04:00,77.33,Sunday,False,False
rtc_SYN000654,evt_SYN000130,sub_SYN00078,month_end_window,2025-11-30 18:00:00,414.27,Sunday,True,True
rtc_SYN000655,evt_SYN000131,sub_SYN00079,immediate,2026-01-27 21:22:00,1.8,Tuesday,False,False
rtc_SYN000656,evt_SYN000131,sub_SYN00079,plus_1_day_morning,2026-01-28 09:52:00,14.3,Wednesday,True,False
rtc_SYN000657,evt_SYN000131,sub_SYN00079,payday_window,2026-01-29 10:00:00,38.43,Thursday,True,False
rtc_SYN000658,evt_SYN000131,sub_SYN00079,plus_3_days,2026-01-30 11:08:00,63.57,Friday,True,True
rtc_SYN000659,evt_SYN000131,sub_SYN00079,month_end_window,2026-01-31 18:00:00,94.43,Saturday,True,True
rtc_SYN000660,evt_SYN000132,sub_SYN00079,immediate,2026-03-09 07:54:00,1.92,Monday,False,False
rtc_SYN000661,evt_SYN000132,sub_SYN00079,plus_1_day_morning,2026-03-10 11:54:00,29.92,Tuesday,False,False
rtc_SYN000662,evt_SYN000132,sub_SYN00079,payday_window,2026-03-29 10:00:00,484.02,Sunday,True,False
rtc_SYN000663,evt_SYN000132,sub_SYN00079,plus_3_days,2026-03-12 12:24:00,78.42,Thursday,False,False
rtc_SYN000664,evt_SYN000132,sub_SYN00079,month_end_window,2026-03-31 18:00:00,540.02,Tuesday,True,True
rtc_SYN000665,evt_SYN000133,sub_SYN00079,immediate,2026-04-01 21:54:00,1.18,Wednesday,True,False
rtc_SYN000666,evt_SYN000133,sub_SYN00079,plus_1_day_morning,2026-04-02 09:14:00,12.52,Thursday,True,False
rtc_SYN000667,evt_SYN000133,sub_SYN00079,payday_window,2026-04-02 10:00:00,13.28,Thursday,True,False
rtc_SYN000668,evt_SYN000133,sub_SYN00079,plus_3_days,2026-04-04 13:36:00,64.88,Saturday,True,False
rtc_SYN000669,evt_SYN000133,sub_SYN00079,month_end_window,2026-04-30 18:00:00,693.28,Thursday,True,True
rtc_SYN000670,evt_SYN000134,sub_SYN00080,immediate,2025-11-25 05:58:00,0.15,Tuesday,False,False
rtc_SYN000671,evt_SYN000134,sub_SYN00080,plus_1_day_morning,2025-11-26 09:17:00,27.47,Wednesday,False,False
rtc_SYN000672,evt_SYN000134,sub_SYN00080,payday_window,2025-11-28 10:00:00,76.18,Friday,True,False
rtc_SYN000673,evt_SYN000134,sub_SYN00080,plus_3_days,2025-11-28 09:07:00,75.3,Friday,True,False
rtc_SYN000674,evt_SYN000134,sub_SYN00080,month_end_window,2025-11-30 18:00:00,132.18,Sunday,True,True
rtc_SYN000675,evt_SYN000135,sub_SYN00081,immediate,2025-08-02 18:52:00,1.03,Saturday,True,False
rtc_SYN000676,evt_SYN000135,sub_SYN00081,plus_1_day_morning,2025-08-03 08:20:00,14.5,Sunday,True,False
rtc_SYN000677,evt_SYN000135,sub_SYN00081,payday_window,2025-08-03 10:00:00,16.17,Sunday,True,False
rtc_SYN000678,evt_SYN000135,sub_SYN00081,plus_3_days,2025-08-05 15:52:00,70.03,Tuesday,False,False
rtc_SYN000679,evt_SYN000135,sub_SYN00081,month_end_window,2025-08-31 18:00:00,696.17,Sunday,True,True
rtc_SYN000680,evt_SYN000136,sub_SYN00082,immediate,2025-02-11 16:21:00,0.27,Tuesday,False,False
rtc_SYN000681,evt_SYN000136,sub_SYN00082,plus_1_day_morning,2025-02-12 09:06:00,17.02,Wednesday,False,False
rtc_SYN000682,evt_SYN000136,sub_SYN00082,payday_window,2025-02-26 10:00:00,353.92,Wednesday,True,False
rtc_SYN000683,evt_SYN000136,sub_SYN00082,plus_3_days,2025-02-14 13:28:00,69.38,Friday,False,False
rtc_SYN000684,evt_SYN000136,sub_SYN00082,month_end_window,2025-02-28 18:00:00,409.92,Friday,True,True
rtc_SYN000685,evt_SYN000137,sub_SYN00082,immediate,2025-03-01 02:19:00,1.6,Saturday,True,False
rtc_SYN000686,evt_SYN000137,sub_SYN00082,plus_1_day_morning,2025-03-02 09:56:00,33.22,Sunday,True,False
rtc_SYN000687,evt_SYN000137,sub_SYN00082,payday_window,2025-03-02 10:00:00,33.28,Sunday,True,False
rtc_SYN000688,evt_SYN000137,sub_SYN00082,plus_3_days,2025-03-04 10:03:00,81.33,Tuesday,True,False
rtc_SYN000689,evt_SYN000137,sub_SYN00082,month_end_window,2025-03-31 18:00:00,737.28,Monday,True,True
rtc_SYN000690,evt_SYN000138,sub_SYN00082,immediate,2025-03-22 16:06:00,0.08,Saturday,False,False
rtc_SYN000691,evt_SYN000138,sub_SYN00082,plus_1_day_morning,2025-03-23 09:11:00,17.17,Sunday,False,False
rtc_SYN000692,evt_SYN000138,sub_SYN00082,payday_window,2025-03-29 10:00:00,161.98,Saturday,True,False
rtc_SYN000693,evt_SYN000138,sub_SYN00082,plus_3_days,2025-03-25 10:14:00,66.22,Tuesday,False,False
rtc_SYN000694,evt_SYN000138,sub_SYN00082,month_end_window,2025-03-31 18:00:00,217.98,Monday,True,True
rtc_SYN000695,evt_SYN000139,sub_SYN00083,immediate,2025-09-08 03:10:00,1.95,Monday,False,False
rtc_SYN000696,evt_SYN000139,sub_SYN00083,plus_1_day_morning,2025-09-09 11:01:00,33.8,Tuesday,False,False
rtc_SYN000697,evt_SYN000139,sub_SYN00083,payday_window,2025-09-28 10:00:00,488.78,Sunday,True,False
rtc_SYN000698,evt_SYN000139,sub_SYN00083,plus_3_days,2025-09-11 19:12:00,89.98,Thursday,False,False
rtc_SYN000699,evt_SYN000139,sub_SYN00083,month_end_window,2025-09-30 18:00:00,544.78,Tuesday,True,True
rtc_SYN000700,evt_SYN000140,sub_SYN00084,immediate,2026-02-28 17:33:00,0.85,Saturday,True,True
rtc_SYN000701,evt_SYN000140,sub_SYN00084,plus_1_day_morning,2026-03-01 09:24:00,16.7,Sunday,True,False
rtc_SYN000702,evt_SYN000140,sub_SYN00084,payday_window,2026-03-01 10:00:00,17.3,Sunday,True,False
rtc_SYN000703,evt_SYN000140,sub_SYN00084,plus_3_days,2026-03-03 17:42:00,73.0,Tuesday,True,False
rtc_SYN000704,evt_SYN000140,sub_SYN00084,month_end_window,2026-03-31 18:00:00,745.3,Tuesday,True,True
rtc_SYN000705,evt_SYN000141,sub_SYN00085,immediate,2026-02-11 17:04:00,1.22,Wednesday,False,False
rtc_SYN000706,evt_SYN000141,sub_SYN00085,plus_1_day_morning,2026-02-12 10:43:00,18.87,Thursday,False,False
rtc_SYN000707,evt_SYN000141,sub_SYN00085,payday_window,2026-02-26 10:00:00,354.15,Thursday,True,False
rtc_SYN000708,evt_SYN000141,sub_SYN00085,plus_3_days,2026-02-14 11:23:00,67.53,Saturday,False,False
rtc_SYN000709,evt_SYN000141,sub_SYN00085,month_end_window,2026-02-28 18:00:00,410.15,Saturday,True,True
rtc_SYN000710,evt_SYN000142,sub_SYN00086,immediate,2026-05-24 03:18:00,0.28,Sunday,False,False
rtc_SYN000711,evt_SYN000142,sub_SYN00086,plus_1_day_morning,2026-05-25 10:26:00,31.42,Monday,False,False
rtc_SYN000712,evt_SYN000142,sub_SYN00086,payday_window,2026-05-29 10:00:00,126.98,Friday,True,False
rtc_SYN000713,evt_SYN000142,sub_SYN00086,plus_3_days,2026-05-27 16:33:00,85.53,Wednesday,False,False
rtc_SYN000714,evt_SYN000142,sub_SYN00086,month_end_window,2026-05-31 18:00:00,182.98,Sunday,True,True
rtc_SYN000715,evt_SYN000143,sub_SYN00087,immediate,2026-05-12 02:28:00,0.6,Tuesday,False,False
rtc_SYN000716,evt_SYN000143,sub_SYN00087,plus_1_day_morning,2026-05-13 08:58:00,31.1,Wednesday,False,False
rtc_SYN000717,evt_SYN000143,sub_SYN00087,payday_window,2026-05-29 10:00:00,416.13,Friday,True,False
rtc_SYN000718,evt_SYN000143,sub_SYN00087,plus_3_days,2026-05-15 12:06:00,82.23,Friday,False,False
rtc_SYN000719,evt_SYN000143,sub_SYN00087,month_end_window,2026-05-31 18:00:00,472.13,Sunday,True,True
rtc_SYN000720,evt_SYN000144,sub_SYN00088,immediate,2026-04-01 16:37:00,0.67,Wednesday,True,False
rtc_SYN000721,evt_SYN000144,sub_SYN00088,plus_1_day_morning,2026-04-02 11:15:00,19.3,Thursday,True,False
rtc_SYN000722,evt_SYN000144,sub_SYN00088,payday_window,2026-04-02 10:00:00,18.05,Thursday,True,False
rtc_SYN000723,evt_SYN000144,sub_SYN00088,plus_3_days,2026-04-04 19:27:00,75.5,Saturday,True,False
rtc_SYN000724,evt_SYN000144,sub_SYN00088,month_end_window,2026-04-30 18:00:00,698.05,Thursday,True,True
rtc_SYN000725,evt_SYN000145,sub_SYN00089,immediate,2025-03-24 20:27:00,1.73,Monday,False,False
rtc_SYN000726,evt_SYN000145,sub_SYN00089,plus_1_day_morning,2025-03-25 10:02:00,15.32,Tuesday,False,False
rtc_SYN000727,evt_SYN000145,sub_SYN00089,payday_window,2025-03-29 10:00:00,111.28,Saturday,True,False
rtc_SYN000728,evt_SYN000145,sub_SYN00089,plus_3_days,2025-03-27 14:25:00,67.7,Thursday,False,False
rtc_SYN000729,evt_SYN000145,sub_SYN00089,month_end_window,2025-03-31 18:00:00,167.28,Monday,True,True
rtc_SYN000730,evt_SYN000146,sub_SYN00090,immediate,2026-04-03 12:40:00,0.47,Friday,True,False
rtc_SYN000731,evt_SYN000146,sub_SYN00090,plus_1_day_morning,2026-04-04 10:06:00,21.9,Saturday,True,False
rtc_SYN000732,evt_SYN000146,sub_SYN00090,payday_window,2026-04-28 10:00:00,597.8,Tuesday,True,False
rtc_SYN000733,evt_SYN000146,sub_SYN00090,plus_3_days,2026-04-06 16:49:00,76.62,Monday,False,False
rtc_SYN000734,evt_SYN000146,sub_SYN00090,month_end_window,2026-04-30 18:00:00,653.8,Thursday,True,True
rtc_SYN000735,evt_SYN000147,sub_SYN00091,immediate,2026-04-29 03:07:00,0.25,Wednesday,True,True
rtc_SYN000736,evt_SYN000147,sub_SYN00091,plus_1_day_morning,2026-04-30 09:39:00,30.78,Thursday,True,True
rtc_SYN000737,evt_SYN000147,sub_SYN00091,payday_window,2026-04-30 10:00:00,31.13,Thursday,True,True
rtc_SYN000738,evt_SYN000147,sub_SYN00091,plus_3_days,2026-05-02 09:23:00,78.52,Saturday,True,False
rtc_SYN000739,evt_SYN000147,sub_SYN00091,month_end_window,2026-04-30 18:00:00,39.13,Thursday,True,True
rtc_SYN000740,evt_SYN000148,sub_SYN00092,immediate,2026-03-21 22:57:00,0.57,Saturday,False,False
rtc_SYN000741,evt_SYN000148,sub_SYN00092,plus_1_day_morning,2026-03-22 08:48:00,10.42,Sunday,False,False
rtc_SYN000742,evt_SYN000148,sub_SYN00092,payday_window,2026-03-29 10:00:00,179.62,Sunday,True,False
rtc_SYN000743,evt_SYN000148,sub_SYN00092,plus_3_days,2026-03-24 13:45:00,63.37,Tuesday,False,False
rtc_SYN000744,evt_SYN000148,sub_SYN00092,month_end_window,2026-03-31 18:00:00,235.62,Tuesday,True,True
rtc_SYN000745,evt_SYN000149,sub_SYN00093,immediate,2026-05-06 23:30:00,1.2,Wednesday,False,False
rtc_SYN000746,evt_SYN000149,sub_SYN00093,plus_1_day_morning,2026-05-07 11:59:00,13.68,Thursday,False,False
rtc_SYN000747,evt_SYN000149,sub_SYN00093,payday_window,2026-05-29 10:00:00,539.7,Friday,True,False
rtc_SYN000748,evt_SYN000149,sub_SYN00093,plus_3_days,2026-05-09 15:21:00,65.05,Saturday,False,False
rtc_SYN000749,evt_SYN000149,sub_SYN00093,month_end_window,2026-05-31 18:00:00,595.7,Sunday,True,True
rtc_SYN000750,evt_SYN000150,sub_SYN00094,immediate,2025-03-03 11:12:00,0.88,Monday,True,False
rtc_SYN000751,evt_SYN000150,sub_SYN00094,plus_1_day_morning,2025-03-04 11:25:00,25.1,Tuesday,True,False
rtc_SYN000752,evt_SYN000150,sub_SYN00094,payday_window,2025-03-29 10:00:00,623.68,Saturday,True,False
rtc_SYN000753,evt_SYN000150,sub_SYN00094,plus_3_days,2025-03-06 14:11:00,75.87,Thursday,False,False
rtc_SYN000754,evt_SYN000150,sub_SYN00094,month_end_window,2025-03-31 18:00:00,679.68,Monday,True,True
rtc_SYN000755,evt_SYN000151,sub_SYN00095,immediate,2025-06-17 16:26:00,1.97,Tuesday,False,False
rtc_SYN000756,evt_SYN000151,sub_SYN00095,plus_1_day_morning,2025-06-18 10:19:00,19.85,Wednesday,False,False
rtc_SYN000757,evt_SYN000151,sub_SYN00095,payday_window,2025-06-28 10:00:00,259.53,Saturday,True,False
rtc_SYN000758,evt_SYN000151,sub_SYN00095,plus_3_days,2025-06-20 15:24:00,72.93,Friday,False,False
rtc_SYN000759,evt_SYN000151,sub_SYN00095,month_end_window,2025-06-30 18:00:00,315.53,Monday,True,True
rtc_SYN000760,evt_SYN000152,sub_SYN00095,immediate,2025-07-18 04:21:00,0.37,Friday,False,False
rtc_SYN000761,evt_SYN000152,sub_SYN00095,plus_1_day_morning,2025-07-19 11:53:00,31.9,Saturday,False,False
rtc_SYN000762,evt_SYN000152,sub_SYN00095,payday_window,2025-07-29 10:00:00,270.02,Tuesday,True,False
rtc_SYN000763,evt_SYN000152,sub_SYN00095,plus_3_days,2025-07-21 18:22:00,86.38,Monday,False,False
rtc_SYN000764,evt_SYN000152,sub_SYN00095,month_end_window,2025-07-31 18:00:00,326.02,Thursday,True,True
rtc_SYN000765,evt_SYN000153,sub_SYN00096,immediate,2026-02-02 22:43:00,0.57,Monday,True,False
rtc_SYN000766,evt_SYN000153,sub_SYN00096,plus_1_day_morning,2026-02-03 08:43:00,10.57,Tuesday,True,False
rtc_SYN000767,evt_SYN000153,sub_SYN00096,payday_window,2026-02-03 10:00:00,11.85,Tuesday,True,False
rtc_SYN000768,evt_SYN000153,sub_SYN00096,plus_3_days,2026-02-05 12:53:00,62.73,Thursday,False,False
rtc_SYN000769,evt_SYN000153,sub_SYN00096,month_end_window,2026-02-28 18:00:00,619.85,Saturday,True,True
rtc_SYN000770,evt_SYN000154,sub_SYN00097,immediate,2026-02-12 04:00:00,1.75,Thursday,False,False
rtc_SYN000771,evt_SYN000154,sub_SYN00097,plus_1_day_morning,2026-02-13 08:55:00,30.67,Friday,False,False
rtc_SYN000772,evt_SYN000154,sub_SYN00097,payday_window,2026-02-26 10:00:00,343.75,Thursday,True,False
rtc_SYN000773,evt_SYN000154,sub_SYN00097,plus_3_days,2026-02-15 10:29:00,80.23,Sunday,False,False
rtc_SYN000774,evt_SYN000154,sub_SYN00097,month_end_window,2026-02-28 18:00:00,399.75,Saturday,True,True
rtc_SYN000775,evt_SYN000155,sub_SYN00098,immediate,2026-04-07 17:41:00,0.98,Tuesday,False,False
rtc_SYN000776,evt_SYN000155,sub_SYN00098,plus_1_day_morning,2026-04-08 11:39:00,18.95,Wednesday,False,False
rtc_SYN000777,evt_SYN000155,sub_SYN00098,payday_window,2026-04-28 10:00:00,497.3,Tuesday,True,False
rtc_SYN000778,evt_SYN000155,sub_SYN00098,plus_3_days,2026-04-10 18:35:00,73.88,Friday,False,False
rtc_SYN000779,evt_SYN000155,sub_SYN00098,month_end_window,2026-04-30 18:00:00,553.3,Thursday,True,True
rtc_SYN000780,evt_SYN000156,sub_SYN00099,immediate,2026-01-23 06:15:00,1.65,Friday,False,False
rtc_SYN000781,evt_SYN000156,sub_SYN00099,plus_1_day_morning,2026-01-24 11:51:00,31.25,Saturday,False,False
rtc_SYN000782,evt_SYN000156,sub_SYN00099,payday_window,2026-01-29 10:00:00,149.4,Thursday,True,False
rtc_SYN000783,evt_SYN000156,sub_SYN00099,plus_3_days,2026-01-26 13:22:00,80.77,Monday,False,False
rtc_SYN000784,evt_SYN000156,sub_SYN00099,month_end_window,2026-01-31 18:00:00,205.4,Saturday,True,True
rtc_SYN000785,evt_SYN000157,sub_SYN00100,immediate,2025-12-24 22:56:00,1.97,Wednesday,False,False
rtc_SYN000786,evt_SYN000157,sub_SYN00100,plus_1_day_morning,2025-12-25 11:55:00,14.95,Thursday,False,False
rtc_SYN000787,evt_SYN000157,sub_SYN00100,payday_window,2025-12-29 10:00:00,109.03,Monday,True,False
rtc_SYN000788,evt_SYN000157,sub_SYN00100,plus_3_days,2025-12-27 15:55:00,66.95,Saturday,False,False
rtc_SYN000789,evt_SYN000157,sub_SYN00100,month_end_window,2025-12-31 18:00:00,165.03,Wednesday,True,True
rtc_SYN000790,evt_SYN000158,sub_SYN00101,immediate,2025-12-27 08:31:00,1.45,Saturday,False,False
rtc_SYN000791,evt_SYN000158,sub_SYN00101,plus_1_day_morning,2025-12-28 10:10:00,27.1,Sunday,True,False
rtc_SYN000792,evt_SYN000158,sub_SYN00101,payday_window,2025-12-29 10:00:00,50.93,Monday,True,False
rtc_SYN000793,evt_SYN000158,sub_SYN00101,plus_3_days,2025-12-30 15:43:00,80.65,Tuesday,True,True
rtc_SYN000794,evt_SYN000158,sub_SYN00101,month_end_window,2025-12-31 18:00:00,106.93,Wednesday,True,True
rtc_SYN000795,evt_SYN000159,sub_SYN00102,immediate,2026-05-21 14:51:00,1.53,Thursday,False,False
rtc_SYN000796,evt_SYN000159,sub_SYN00102,plus_1_day_morning,2026-05-22 11:19:00,22.0,Friday,False,False
rtc_SYN000797,evt_SYN000159,sub_SYN00102,payday_window,2026-05-29 10:00:00,188.68,Friday,True,False
rtc_SYN000798,evt_SYN000159,sub_SYN00102,plus_3_days,2026-05-24 12:58:00,71.65,Sunday,False,False
rtc_SYN000799,evt_SYN000159,sub_SYN00102,month_end_window,2026-05-31 18:00:00,244.68,Sunday,True,True
rtc_SYN000800,evt_SYN000160,sub_SYN00103,immediate,2025-10-25 13:45:00,1.97,Saturday,False,False
rtc_SYN000801,evt_SYN000160,sub_SYN00103,plus_1_day_morning,2025-10-26 08:22:00,20.58,Sunday,False,False
rtc_SYN000802,evt_SYN000160,sub_SYN00103,payday_window,2025-10-29 10:00:00,94.22,Wednesday,True,False
rtc_SYN000803,evt_SYN000160,sub_SYN00103,plus_3_days,2025-10-28 19:11:00,79.4,Tuesday,True,False
rtc_SYN000804,evt_SYN000160,sub_SYN00103,month_end_window,2025-10-31 18:00:00,150.22,Friday,True,True
rtc_SYN000805,evt_SYN000161,sub_SYN00104,immediate,2025-10-03 22:57:00,1.58,Friday,True,False
rtc_SYN000806,evt_SYN000161,sub_SYN00104,plus_1_day_morning,2025-10-04 08:10:00,10.8,Saturday,True,False
rtc_SYN000807,evt_SYN000161,sub_SYN00104,payday_window,2025-10-29 10:00:00,612.63,Wednesday,True,False
rtc_SYN000808,evt_SYN000161,sub_SYN00104,plus_3_days,2025-10-06 17:36:00,68.23,Monday,False,False
rtc_SYN000809,evt_SYN000161,sub_SYN00104,month_end_window,2025-10-31 18:00:00,668.63,Friday,True,True
rtc_SYN000810,evt_SYN000162,sub_SYN00104,immediate,2025-10-22 12:20:00,1.13,Wednesday,False,False
rtc_SYN000811,evt_SYN000162,sub_SYN00104,plus_1_day_morning,2025-10-23 11:18:00,24.1,Thursday,False,False
rtc_SYN000812,evt_SYN000162,sub_SYN00104,payday_window,2025-10-29 10:00:00,166.8,Wednesday,True,False
rtc_SYN000813,evt_SYN000162,sub_SYN00104,plus_3_days,2025-10-25 14:36:00,75.4,Saturday,False,False
rtc_SYN000814,evt_SYN000162,sub_SYN00104,month_end_window,2025-10-31 18:00:00,222.8,Friday,True,True
rtc_SYN000815,evt_SYN000163,sub_SYN00104,immediate,2025-11-16 04:44:00,1.5,Sunday,False,False
rtc_SYN000816,evt_SYN000163,sub_SYN00104,plus_1_day_morning,2025-11-17 09:38:00,30.4,Monday,False,False
rtc_SYN000817,evt_SYN000163,sub_SYN00104,payday_window,2025-11-28 10:00:00,294.77,Friday,True,False
rtc_SYN000818,evt_SYN000163,sub_SYN00104,plus_3_days,2025-11-19 13:32:00,82.3,Wednesday,False,False
rtc_SYN000819,evt_SYN000163,sub_SYN00104,month_end_window,2025-11-30 18:00:00,350.77,Sunday,True,True
rtc_SYN000820,evt_SYN000164,sub_SYN00105,immediate,2026-02-15 02:38:00,1.73,Sunday,False,False
rtc_SYN000821,evt_SYN000164,sub_SYN00105,plus_1_day_morning,2026-02-16 09:40:00,32.77,Monday,False,False
rtc_SYN000822,evt_SYN000164,sub_SYN00105,payday_window,2026-02-26 10:00:00,273.1,Thursday,True,False
rtc_SYN000823,evt_SYN000164,sub_SYN00105,plus_3_days,2026-02-18 19:45:00,90.85,Wednesday,False,False
rtc_SYN000824,evt_SYN000164,sub_SYN00105,month_end_window,2026-02-28 18:00:00,329.1,Saturday,True,True
rtc_SYN000825,evt_SYN000165,sub_SYN00105,immediate,2026-03-17 04:30:00,1.97,Tuesday,False,False
rtc_SYN000826,evt_SYN000165,sub_SYN00105,plus_1_day_morning,2026-03-18 10:16:00,31.73,Wednesday,False,False
rtc_SYN000827,evt_SYN000165,sub_SYN00105,payday_window,2026-03-29 10:00:00,295.47,Sunday,True,False
rtc_SYN000828,evt_SYN000165,sub_SYN00105,plus_3_days,2026-03-20 19:38:00,89.1,Friday,False,False
rtc_SYN000829,evt_SYN000165,sub_SYN00105,month_end_window,2026-03-31 18:00:00,351.47,Tuesday,True,True
rtc_SYN000830,evt_SYN000166,sub_SYN00105,immediate,2026-04-09 03:59:00,0.53,Thursday,False,False
rtc_SYN000831,evt_SYN000166,sub_SYN00105,plus_1_day_morning,2026-04-10 09:15:00,29.8,Friday,False,False
rtc_SYN000832,evt_SYN000166,sub_SYN00105,payday_window,2026-04-28 10:00:00,462.55,Tuesday,True,False
rtc_SYN000833,evt_SYN000166,sub_SYN00105,plus_3_days,2026-04-12 18:05:00,86.63,Sunday,False,False
rtc_SYN000834,evt_SYN000166,sub_SYN00105,month_end_window,2026-04-30 18:00:00,518.55,Thursday,True,True
rtc_SYN000835,evt_SYN000167,sub_SYN00106,immediate,2026-06-04 08:08:00,1.5,Thursday,True,False
rtc_SYN000836,evt_SYN000167,sub_SYN00106,plus_1_day_morning,2026-06-05 10:04:00,27.43,Friday,False,False
rtc_SYN000837,evt_SYN000167,sub_SYN00106,payday_window,2026-06-28 10:00:00,579.37,Sunday,True,False
rtc_SYN000838,evt_SYN000167,sub_SYN00106,plus_3_days,2026-06-07 15:45:00,81.12,Sunday,False,False
rtc_SYN000839,evt_SYN000167,sub_SYN00106,month_end_window,2026-06-30 18:00:00,635.37,Tuesday,True,True
rtc_SYN000840,evt_SYN000168,sub_SYN00107,immediate,2026-04-20 20:08:00,1.47,Monday,False,False
rtc_SYN000841,evt_SYN000168,sub_SYN00107,plus_1_day_morning,2026-04-21 10:20:00,15.67,Tuesday,False,False
rtc_SYN000842,evt_SYN000168,sub_SYN00107,payday_window,2026-04-28 10:00:00,183.33,Tuesday,True,False
rtc_SYN000843,evt_SYN000168,sub_SYN00107,plus_3_days,2026-04-23 10:00:00,63.33,Thursday,False,False
rtc_SYN000844,evt_SYN000168,sub_SYN00107,month_end_window,2026-04-30 18:00:00,239.33,Thursday,True,True
rtc_SYN000845,evt_SYN000169,sub_SYN00108,immediate,2026-03-10 03:11:00,0.77,Tuesday,False,False
rtc_SYN000846,evt_SYN000169,sub_SYN00108,plus_1_day_morning,2026-03-11 10:02:00,31.62,Wednesday,False,False
rtc_SYN000847,evt_SYN000169,sub_SYN00108,payday_window,2026-03-29 10:00:00,463.58,Sunday,True,False
rtc_SYN000848,evt_SYN000169,sub_SYN00108,plus_3_days,2026-03-13 19:35:00,89.17,Friday,False,False
rtc_SYN000849,evt_SYN000169,sub_SYN00108,month_end_window,2026-03-31 18:00:00,519.58,Tuesday,True,True
rtc_SYN000850,evt_SYN000170,sub_SYN00109,immediate,2025-11-29 07:27:00,0.63,Saturday,True,True
rtc_SYN000851,evt_SYN000170,sub_SYN00109,plus_1_day_morning,2025-11-30 11:11:00,28.37,Sunday,True,True
rtc_SYN000852,evt_SYN000170,sub_SYN00109,payday_window,2025-11-30 10:00:00,27.18,Sunday,True,True
rtc_SYN000853,evt_SYN000170,sub_SYN00109,plus_3_days,2025-12-02 19:16:00,84.45,Tuesday,True,False
rtc_SYN000854,evt_SYN000170,sub_SYN00109,month_end_window,2025-11-30 18:00:00,35.18,Sunday,True,True
rtc_SYN000855,evt_SYN000171,sub_SYN00110,immediate,2024-12-22 09:59:00,0.8,Sunday,False,False
rtc_SYN000856,evt_SYN000171,sub_SYN00110,plus_1_day_morning,2024-12-23 09:59:00,24.8,Monday,False,False
rtc_SYN000857,evt_SYN000171,sub_SYN00110,payday_window,2024-12-29 10:00:00,168.82,Sunday,True,False
rtc_SYN000858,evt_SYN000171,sub_SYN00110,plus_3_days,2024-12-25 11:58:00,74.78,Wednesday,False,False
rtc_SYN000859,evt_SYN000171,sub_SYN00110,month_end_window,2024-12-31 18:00:00,224.82,Tuesday,True,True
rtc_SYN000860,evt_SYN000172,sub_SYN00111,immediate,2026-06-09 01:55:00,0.73,Tuesday,False,False
rtc_SYN000861,evt_SYN000172,sub_SYN00111,plus_1_day_morning,2026-06-10 09:38:00,32.45,Wednesday,False,False
rtc_SYN000862,evt_SYN000172,sub_SYN00111,payday_window,2026-06-28 10:00:00,464.82,Sunday,True,False
rtc_SYN000863,evt_SYN000172,sub_SYN00111,plus_3_days,2026-06-12 16:20:00,87.15,Friday,False,False
rtc_SYN000864,evt_SYN000172,sub_SYN00111,month_end_window,2026-06-30 18:00:00,520.82,Tuesday,True,True
rtc_SYN000865,evt_SYN000173,sub_SYN00112,immediate,2026-06-11 15:16:00,0.33,Thursday,False,False
rtc_SYN000866,evt_SYN000173,sub_SYN00112,plus_1_day_morning,2026-06-12 09:32:00,18.6,Friday,False,False
rtc_SYN000867,evt_SYN000173,sub_SYN00112,payday_window,2026-06-28 10:00:00,403.07,Sunday,True,False
rtc_SYN000868,evt_SYN000173,sub_SYN00112,plus_3_days,2026-06-14 09:04:00,66.13,Sunday,False,False
rtc_SYN000869,evt_SYN000173,sub_SYN00112,month_end_window,2026-06-30 18:00:00,459.07,Tuesday,True,True
rtc_SYN000870,evt_SYN000174,sub_SYN00113,immediate,2025-12-11 13:31:00,1.83,Thursday,False,False
rtc_SYN000871,evt_SYN000174,sub_SYN00113,plus_1_day_morning,2025-12-12 08:24:00,20.72,Friday,False,False
rtc_SYN000872,evt_SYN000174,sub_SYN00113,payday_window,2025-12-29 10:00:00,430.32,Monday,True,False
rtc_SYN000873,evt_SYN000174,sub_SYN00113,plus_3_days,2025-12-14 17:19:00,77.63,Sunday,False,False
rtc_SYN000874,evt_SYN000174,sub_SYN00113,month_end_window,2025-12-31 18:00:00,486.32,Wednesday,True,True
rtc_SYN000875,evt_SYN000175,sub_SYN00113,immediate,2026-01-06 23:45:00,1.02,Tuesday,False,False
rtc_SYN000876,evt_SYN000175,sub_SYN00113,plus_1_day_morning,2026-01-07 08:47:00,10.05,Wednesday,False,False
rtc_SYN000877,evt_SYN000175,sub_SYN00113,payday_window,2026-01-29 10:00:00,539.27,Thursday,True,False
rtc_SYN000878,evt_SYN000175,sub_SYN00113,plus_3_days,2026-01-09 15:51:00,65.12,Friday,False,False
rtc_SYN000879,evt_SYN000175,sub_SYN00113,month_end_window,2026-01-31 18:00:00,595.27,Saturday,True,True
rtc_SYN000880,evt_SYN000176,sub_SYN00114,immediate,2026-03-09 18:59:00,1.73,Monday,False,False
rtc_SYN000881,evt_SYN000176,sub_SYN00114,plus_1_day_morning,2026-03-10 09:02:00,15.78,Tuesday,False,False
rtc_SYN000882,evt_SYN000176,sub_SYN00114,payday_window,2026-03-29 10:00:00,472.75,Sunday,True,False
rtc_SYN000883,evt_SYN000176,sub_SYN00114,plus_3_days,2026-03-12 12:08:00,66.88,Thursday,False,False
rtc_SYN000884,evt_SYN000176,sub_SYN00114,month_end_window,2026-03-31 18:00:00,528.75,Tuesday,True,True
rtc_SYN000885,evt_SYN000177,sub_SYN00115,immediate,2025-02-28 16:26:00,1.1,Friday,True,True
rtc_SYN000886,evt_SYN000177,sub_SYN00115,plus_1_day_morning,2025-03-01 08:55:00,17.58,Saturday,True,False
rtc_SYN000887,evt_SYN000177,sub_SYN00115,payday_window,2025-03-01 10:00:00,18.67,Saturday,True,False
rtc_SYN000888,evt_SYN000177,sub_SYN00115,plus_3_days,2025-03-03 15:15:00,71.92,Monday,True,False
rtc_SYN000889,evt_SYN000177,sub_SYN00115,month_end_window,2025-03-31 18:00:00,746.67,Monday,True,True
rtc_SYN000890,evt_SYN000178,sub_SYN00115,immediate,2025-03-20 07:11:00,1.83,Thursday,False,False
rtc_SYN000891,evt_SYN000178,sub_SYN00115,plus_1_day_morning,2025-03-21 11:26:00,30.08,Friday,False,False
rtc_SYN000892,evt_SYN000178,sub_SYN00115,payday_window,2025-03-29 10:00:00,220.65,Saturday,True,False
rtc_SYN000893,evt_SYN000178,sub_SYN00115,plus_3_days,2025-03-23 10:20:00,76.98,Sunday,False,False
rtc_SYN000894,evt_SYN000178,sub_SYN00115,month_end_window,2025-03-31 18:00:00,276.65,Monday,True,True
rtc_SYN000895,evt_SYN000179,sub_SYN00116,immediate,2026-04-28 13:45:00,1.2,Tuesday,True,False
rtc_SYN000896,evt_SYN000179,sub_SYN00116,plus_1_day_morning,2026-04-29 11:15:00,22.7,Wednesday,True,True
rtc_SYN000897,evt_SYN000179,sub_SYN00116,payday_window,2026-04-29 10:00:00,21.45,Wednesday,True,True
rtc_SYN000898,evt_SYN000179,sub_SYN00116,plus_3_days,2026-05-01 17:16:00,76.72,Friday,True,False
rtc_SYN000899,evt_SYN000179,sub_SYN00116,month_end_window,2026-04-30 18:00:00,53.45,Thursday,True,True
rtc_SYN000900,evt_SYN000180,sub_SYN00116,immediate,2026-05-25 08:23:00,0.55,Monday,False,False
rtc_SYN000901,evt_SYN000180,sub_SYN00116,plus_1_day_morning,2026-05-26 09:09:00,25.32,Tuesday,False,False
rtc_SYN000902,evt_SYN000180,sub_SYN00116,payday_window,2026-05-29 10:00:00,98.17,Friday,True,False
rtc_SYN000903,evt_SYN000180,sub_SYN00116,plus_3_days,2026-05-28 13:21:00,77.52,Thursday,True,False
rtc_SYN000904,evt_SYN000180,sub_SYN00116,month_end_window,2026-05-31 18:00:00,154.17,Sunday,True,True
rtc_SYN000905,evt_SYN000181,sub_SYN00116,immediate,2026-07-03 05:06:00,0.62,Friday,True,False
rtc_SYN000906,evt_SYN000181,sub_SYN00116,plus_1_day_morning,2026-07-04 11:19:00,30.83,Saturday,True,False
rtc_SYN000907,evt_SYN000181,sub_SYN00116,payday_window,2026-07-29 10:00:00,629.52,Wednesday,True,False
rtc_SYN000908,evt_SYN000181,sub_SYN00116,plus_3_days,2026-07-06 16:43:00,84.23,Monday,False,False
rtc_SYN000909,evt_SYN000181,sub_SYN00116,month_end_window,2026-07-31 18:00:00,685.52,Friday,True,True
rtc_SYN000910,evt_SYN000182,sub_SYN00116,immediate,2026-07-16 07:28:00,1.35,Thursday,False,False
rtc_SYN000911,evt_SYN000182,sub_SYN00116,plus_1_day_morning,2026-07-17 09:49:00,27.7,Friday,False,False
rtc_SYN000912,evt_SYN000182,sub_SYN00116,payday_window,2026-07-29 10:00:00,315.88,Wednesday,True,False
rtc_SYN000913,evt_SYN000182,sub_SYN00116,plus_3_days,2026-07-19 11:16:00,77.15,Sunday,False,False
rtc_SYN000914,evt_SYN000182,sub_SYN00116,month_end_window,2026-07-31 18:00:00,371.88,Friday,True,True
rtc_SYN000915,evt_SYN000183,sub_SYN00117,immediate,2026-04-25 09:11:00,1.75,Saturday,False,False
rtc_SYN000916,evt_SYN000183,sub_SYN00117,plus_1_day_morning,2026-04-26 09:41:00,26.25,Sunday,False,False
rtc_SYN000917,evt_SYN000183,sub_SYN00117,payday_window,2026-04-28 10:00:00,74.57,Tuesday,True,False
rtc_SYN000918,evt_SYN000183,sub_SYN00117,plus_3_days,2026-04-28 09:36:00,74.17,Tuesday,True,False
rtc_SYN000919,evt_SYN000183,sub_SYN00117,month_end_window,2026-04-30 18:00:00,130.57,Thursday,True,True
rtc_SYN000920,evt_SYN000184,sub_SYN00117,immediate,2026-05-30 12:01:00,1.73,Saturday,True,True
rtc_SYN000921,evt_SYN000184,sub_SYN00117,plus_1_day_morning,2026-05-31 10:34:00,24.28,Sunday,True,True
rtc_SYN000922,evt_SYN000184,sub_SYN00117,payday_window,2026-05-31 10:00:00,23.72,Sunday,True,True
rtc_SYN000923,evt_SYN000184,sub_SYN00117,plus_3_days,2026-06-02 18:17:00,80.0,Tuesday,True,False
rtc_SYN000924,evt_SYN000184,sub_SYN00117,month_end_window,2026-05-31 18:00:00,31.72,Sunday,True,True
rtc_SYN000925,evt_SYN000185,sub_SYN00117,immediate,2026-06-30 00:53:00,0.8,Tuesday,True,True
rtc_SYN000926,evt_SYN000185,sub_SYN00117,plus_1_day_morning,2026-07-01 08:41:00,32.6,Wednesday,True,False
rtc_SYN000927,evt_SYN000185,sub_SYN00117,payday_window,2026-07-01 10:00:00,33.92,Wednesday,True,False
rtc_SYN000928,evt_SYN000185,sub_SYN00117,plus_3_days,2026-07-03 16:45:00,88.67,Friday,True,False
rtc_SYN000929,evt_SYN000185,sub_SYN00117,month_end_window,2026-07-31 18:00:00,761.92,Friday,True,True
rtc_SYN000930,evt_SYN000186,sub_SYN00118,immediate,2026-05-30 13:42:00,1.52,Saturday,True,True
rtc_SYN000931,evt_SYN000186,sub_SYN00118,plus_1_day_morning,2026-05-31 08:39:00,20.47,Sunday,True,True
rtc_SYN000932,evt_SYN000186,sub_SYN00118,payday_window,2026-05-31 10:00:00,21.82,Sunday,True,True
rtc_SYN000933,evt_SYN000186,sub_SYN00118,plus_3_days,2026-06-02 17:12:00,77.02,Tuesday,True,False
rtc_SYN000934,evt_SYN000186,sub_SYN00118,month_end_window,2026-05-31 18:00:00,29.82,Sunday,True,True
rtc_SYN000935,evt_SYN000187,sub_SYN00119,immediate,2026-05-10 01:00:00,0.98,Sunday,False,False
rtc_SYN000936,evt_SYN000187,sub_SYN00119,plus_1_day_morning,2026-05-11 11:24:00,35.38,Monday,False,False
rtc_SYN000937,evt_SYN000187,sub_SYN00119,payday_window,2026-05-29 10:00:00,465.98,Friday,True,False
rtc_SYN000938,evt_SYN000187,sub_SYN00119,plus_3_days,2026-05-13 17:31:00,89.5,Wednesday,False,False
rtc_SYN000939,evt_SYN000187,sub_SYN00119,month_end_window,2026-05-31 18:00:00,521.98,Sunday,True,True
rtc_SYN000940,evt_SYN000188,sub_SYN00120,immediate,2026-05-27 08:55:00,1.33,Wednesday,False,False
rtc_SYN000941,evt_SYN000188,sub_SYN00120,plus_1_day_morning,2026-05-28 10:39:00,27.07,Thursday,True,False
rtc_SYN000942,evt_SYN000188,sub_SYN00120,payday_window,2026-05-29 10:00:00,50.42,Friday,True,False
rtc_SYN000943,evt_SYN000188,sub_SYN00120,plus_3_days,2026-05-30 17:54:00,82.32,Saturday,True,True
rtc_SYN000944,evt_SYN000188,sub_SYN00120,month_end_window,2026-05-31 18:00:00,106.42,Sunday,True,True
rtc_SYN000945,evt_SYN000189,sub_SYN00120,immediate,2026-06-29 13:06:00,0.65,Monday,True,True
rtc_SYN000946,evt_SYN000189,sub_SYN00120,plus_1_day_morning,2026-06-30 11:37:00,23.17,Tuesday,True,True
rtc_SYN000947,evt_SYN000189,sub_SYN00120,payday_window,2026-06-30 10:00:00,21.55,Tuesday,True,True
rtc_SYN000948,evt_SYN000189,sub_SYN00120,plus_3_days,2026-07-02 15:19:00,74.87,Thursday,True,False
rtc_SYN000949,evt_SYN000189,sub_SYN00120,month_end_window,2026-06-30 18:00:00,29.55,Tuesday,True,True
rtc_SYN000950,evt_SYN000190,sub_SYN00121,immediate,2025-02-25 13:18:00,0.87,Tuesday,True,False
rtc_SYN000951,evt_SYN000190,sub_SYN00121,plus_1_day_morning,2025-02-26 10:21:00,21.92,Wednesday,True,False
rtc_SYN000952,evt_SYN000190,sub_SYN00121,payday_window,2025-02-26 10:00:00,21.57,Wednesday,True,False
rtc_SYN000953,evt_SYN000190,sub_SYN00121,plus_3_days,2025-02-28 12:49:00,72.38,Friday,True,True
rtc_SYN000954,evt_SYN000190,sub_SYN00121,month_end_window,2025-02-28 18:00:00,77.57,Friday,True,True
rtc_SYN000955,evt_SYN000191,sub_SYN00121,immediate,2025-03-31 18:23:00,0.87,Monday,True,True
rtc_SYN000956,evt_SYN000191,sub_SYN00121,plus_1_day_morning,2025-04-01 10:01:00,16.5,Tuesday,True,False
rtc_SYN000957,evt_SYN000191,sub_SYN00121,payday_window,2025-04-01 10:00:00,16.48,Tuesday,True,False
rtc_SYN000958,evt_SYN000191,sub_SYN00121,plus_3_days,2025-04-03 09:50:00,64.32,Thursday,True,False
rtc_SYN000959,evt_SYN000191,sub_SYN00121,month_end_window,2025-04-30 18:00:00,720.48,Wednesday,True,True
rtc_SYN000960,evt_SYN000192,sub_SYN00121,immediate,2025-04-29 12:24:00,0.35,Tuesday,True,True
rtc_SYN000961,evt_SYN000192,sub_SYN00121,plus_1_day_morning,2025-04-30 11:54:00,23.85,Wednesday,True,True
rtc_SYN000962,evt_SYN000192,sub_SYN00121,payday_window,2025-04-30 10:00:00,21.95,Wednesday,True,True
rtc_SYN000963,evt_SYN000192,sub_SYN00121,plus_3_days,2025-05-02 14:53:00,74.83,Friday,True,False
rtc_SYN000964,evt_SYN000192,sub_SYN00121,month_end_window,2025-04-30 18:00:00,29.95,Wednesday,True,True
rtc_SYN000965,evt_SYN000193,sub_SYN00122,immediate,2026-04-15 16:59:00,0.9,Wednesday,False,False
rtc_SYN000966,evt_SYN000193,sub_SYN00122,plus_1_day_morning,2026-04-16 11:14:00,19.15,Thursday,False,False
rtc_SYN000967,evt_SYN000193,sub_SYN00122,payday_window,2026-04-28 10:00:00,305.92,Tuesday,True,False
rtc_SYN000968,evt_SYN000193,sub_SYN00122,plus_3_days,2026-04-18 13:23:00,69.3,Saturday,False,False
rtc_SYN000969,evt_SYN000193,sub_SYN00122,month_end_window,2026-04-30 18:00:00,361.92,Thursday,True,True
rtc_SYN000970,evt_SYN000194,sub_SYN00123,immediate,2026-06-14 08:50:00,1.58,Sunday,False,False
rtc_SYN000971,evt_SYN000194,sub_SYN00123,plus_1_day_morning,2026-06-15 08:49:00,25.57,Monday,False,False
rtc_SYN000972,evt_SYN000194,sub_SYN00123,payday_window,2026-06-28 10:00:00,338.75,Sunday,True,False
rtc_SYN000973,evt_SYN000194,sub_SYN00123,plus_3_days,2026-06-17 09:18:00,74.05,Wednesday,False,False
rtc_SYN000974,evt_SYN000194,sub_SYN00123,month_end_window,2026-06-30 18:00:00,394.75,Tuesday,True,True
rtc_SYN000975,evt_SYN000195,sub_SYN00124,immediate,2026-05-11 01:15:00,1.22,Monday,False,False
rtc_SYN000976,evt_SYN000195,sub_SYN00124,plus_1_day_morning,2026-05-12 08:29:00,32.45,Tuesday,False,False
rtc_SYN000977,evt_SYN000195,sub_SYN00124,payday_window,2026-05-29 10:00:00,441.97,Friday,True,False
rtc_SYN000978,evt_SYN000195,sub_SYN00124,plus_3_days,2026-05-14 19:49:00,91.78,Thursday,False,False
rtc_SYN000979,evt_SYN000195,sub_SYN00124,month_end_window,2026-05-31 18:00:00,497.97,Sunday,True,True
rtc_SYN000980,evt_SYN000196,sub_SYN00125,immediate,2026-05-12 01:45:00,0.13,Tuesday,False,False
rtc_SYN000981,evt_SYN000196,sub_SYN00125,plus_1_day_morning,2026-05-13 10:35:00,32.97,Wednesday,False,False
rtc_SYN000982,evt_SYN000196,sub_SYN00125,payday_window,2026-05-29 10:00:00,416.38,Friday,True,False
rtc_SYN000983,evt_SYN000196,sub_SYN00125,plus_3_days,2026-05-15 09:39:00,80.03,Friday,False,False
rtc_SYN000984,evt_SYN000196,sub_SYN00125,month_end_window,2026-05-31 18:00:00,472.38,Sunday,True,True
rtc_SYN000985,evt_SYN000197,sub_SYN00126,immediate,2026-04-26 07:30:00,1.07,Sunday,False,False
rtc_SYN000986,evt_SYN000197,sub_SYN00126,plus_1_day_morning,2026-04-27 10:17:00,27.85,Monday,True,False
rtc_SYN000987,evt_SYN000197,sub_SYN00126,payday_window,2026-04-28 10:00:00,51.57,Tuesday,True,False
rtc_SYN000988,evt_SYN000197,sub_SYN00126,plus_3_days,2026-04-29 11:44:00,77.3,Wednesday,True,True
rtc_SYN000989,evt_SYN000197,sub_SYN00126,month_end_window,2026-04-30 18:00:00,107.57,Thursday,True,True
rtc_SYN000990,evt_SYN000198,sub_SYN00127,immediate,2025-12-06 14:03:00,1.45,Saturday,False,False
rtc_SYN000991,evt_SYN000198,sub_SYN00127,plus_1_day_morning,2025-12-07 08:12:00,19.6,Sunday,False,False
rtc_SYN000992,evt_SYN000198,sub_SYN00127,payday_window,2025-12-29 10:00:00,549.4,Monday,True,False
rtc_SYN000993,evt_SYN000198,sub_SYN00127,plus_3_days,2025-12-09 15:49:00,75.22,Tuesday,False,False
rtc_SYN000994,evt_SYN000198,sub_SYN00127,month_end_window,2025-12-31 18:00:00,605.4,Wednesday,True,True
rtc_SYN000995,evt_SYN000199,sub_SYN00128,immediate,2026-04-20 17:57:00,0.47,Monday,False,False
rtc_SYN000996,evt_SYN000199,sub_SYN00128,plus_1_day_morning,2026-04-21 08:48:00,15.32,Tuesday,False,False
rtc_SYN000997,evt_SYN000199,sub_SYN00128,payday_window,2026-04-28 10:00:00,184.52,Tuesday,True,False
rtc_SYN000998,evt_SYN000199,sub_SYN00128,plus_3_days,2026-04-23 16:54:00,71.42,Thursday,False,False
rtc_SYN000999,evt_SYN000199,sub_SYN00128,month_end_window,2026-04-30 18:00:00,240.52,Thursday,True,True
rtc_SYN001000,evt_SYN000200,sub_SYN00129,immediate,2026-06-14 21:20:00,1.58,Sunday,False,False
rtc_SYN001001,evt_SYN000200,sub_SYN00129,plus_1_day_morning,2026-06-15 11:11:00,15.43,Monday,False,False
rtc_SYN001002,evt_SYN000200,sub_SYN00129,payday_window,2026-06-28 10:00:00,326.25,Sunday,True,False
rtc_SYN001003,evt_SYN000200,sub_SYN00129,plus_3_days,2026-06-17 11:14:00,63.48,Wednesday,False,False
rtc_SYN001004,evt_SYN000200,sub_SYN00129,month_end_window,2026-06-30 18:00:00,382.25,Tuesday,True,True
rtc_SYN001005,evt_SYN000201,sub_SYN00129,immediate,2026-07-14 10:12:00,0.18,Tuesday,False,False
rtc_SYN001006,evt_SYN000201,sub_SYN00129,plus_1_day_morning,2026-07-15 11:39:00,25.63,Wednesday,False,False
rtc_SYN001007,evt_SYN000201,sub_SYN00129,payday_window,2026-07-29 10:00:00,359.98,Wednesday,True,False
rtc_SYN001008,evt_SYN000201,sub_SYN00129,plus_3_days,2026-07-17 09:11:00,71.17,Friday,False,False
rtc_SYN001009,evt_SYN000201,sub_SYN00129,month_end_window,2026-07-31 18:00:00,415.98,Friday,True,True
rtc_SYN001010,evt_SYN000202,sub_SYN00130,immediate,2025-12-14 08:05:00,0.43,Sunday,False,False
rtc_SYN001011,evt_SYN000202,sub_SYN00130,plus_1_day_morning,2025-12-15 09:27:00,25.8,Monday,False,False
rtc_SYN001012,evt_SYN000202,sub_SYN00130,payday_window,2025-12-29 10:00:00,362.35,Monday,True,False
rtc_SYN001013,evt_SYN000202,sub_SYN00130,plus_3_days,2025-12-17 12:55:00,77.27,Wednesday,False,False
rtc_SYN001014,evt_SYN000202,sub_SYN00130,month_end_window,2025-12-31 18:00:00,418.35,Wednesday,True,True
rtc_SYN001015,evt_SYN000203,sub_SYN00131,immediate,2026-06-04 12:01:00,0.48,Thursday,True,False
rtc_SYN001016,evt_SYN000203,sub_SYN00131,plus_1_day_morning,2026-06-05 10:26:00,22.9,Friday,False,False
rtc_SYN001017,evt_SYN000203,sub_SYN00131,payday_window,2026-06-28 10:00:00,574.47,Sunday,True,False
rtc_SYN001018,evt_SYN000203,sub_SYN00131,plus_3_days,2026-06-07 13:49:00,74.28,Sunday,False,False
rtc_SYN001019,evt_SYN000203,sub_SYN00131,month_end_window,2026-06-30 18:00:00,630.47,Tuesday,True,True
rtc_SYN001020,evt_SYN000204,sub_SYN00132,immediate,2026-04-19 21:57:00,1.95,Sunday,False,False
rtc_SYN001021,evt_SYN000204,sub_SYN00132,plus_1_day_morning,2026-04-20 08:27:00,12.45,Monday,False,False
rtc_SYN001022,evt_SYN000204,sub_SYN00132,payday_window,2026-04-28 10:00:00,206.0,Tuesday,True,False
rtc_SYN001023,evt_SYN000204,sub_SYN00132,plus_3_days,2026-04-22 10:26:00,62.43,Wednesday,False,False
rtc_SYN001024,evt_SYN000204,sub_SYN00132,month_end_window,2026-04-30 18:00:00,262.0,Thursday,True,True
rtc_SYN001025,evt_SYN000205,sub_SYN00132,immediate,2026-05-24 04:19:00,1.25,Sunday,False,False
rtc_SYN001026,evt_SYN000205,sub_SYN00132,plus_1_day_morning,2026-05-25 09:18:00,30.23,Monday,False,False
rtc_SYN001027,evt_SYN000205,sub_SYN00132,payday_window,2026-05-29 10:00:00,126.93,Friday,True,False
rtc_SYN001028,evt_SYN000205,sub_SYN00132,plus_3_days,2026-05-27 12:17:00,81.22,Wednesday,False,False
rtc_SYN001029,evt_SYN000205,sub_SYN00132,month_end_window,2026-05-31 18:00:00,182.93,Sunday,True,True
rtc_SYN001030,evt_SYN000206,sub_SYN00132,immediate,2026-06-17 19:55:00,0.7,Wednesday,False,False
rtc_SYN001031,evt_SYN000206,sub_SYN00132,plus_1_day_morning,2026-06-18 09:41:00,14.47,Thursday,False,False
rtc_SYN001032,evt_SYN000206,sub_SYN00132,payday_window,2026-06-28 10:00:00,254.78,Sunday,True,False
rtc_SYN001033,evt_SYN000206,sub_SYN00132,plus_3_days,2026-06-20 10:02:00,62.82,Saturday,False,False
rtc_SYN001034,evt_SYN000206,sub_SYN00132,month_end_window,2026-06-30 18:00:00,310.78,Tuesday,True,True
rtc_SYN001035,evt_SYN000207,sub_SYN00133,immediate,2025-08-21 23:50:00,1.07,Thursday,False,False
rtc_SYN001036,evt_SYN000207,sub_SYN00133,plus_1_day_morning,2025-08-22 10:15:00,11.48,Friday,False,False
rtc_SYN001037,evt_SYN000207,sub_SYN00133,payday_window,2025-08-29 10:00:00,179.23,Friday,True,False
rtc_SYN001038,evt_SYN000207,sub_SYN00133,plus_3_days,2025-08-24 11:37:00,60.85,Sunday,False,False
rtc_SYN001039,evt_SYN000207,sub_SYN00133,month_end_window,2025-08-31 18:00:00,235.23,Sunday,True,True
rtc_SYN001040,evt_SYN000208,sub_SYN00134,immediate,2025-06-29 04:39:00,0.82,Sunday,True,True
rtc_SYN001041,evt_SYN000208,sub_SYN00134,plus_1_day_morning,2025-06-30 10:08:00,30.3,Monday,True,True
rtc_SYN001042,evt_SYN000208,sub_SYN00134,payday_window,2025-06-30 10:00:00,30.17,Monday,True,True
rtc_SYN001043,evt_SYN000208,sub_SYN00134,plus_3_days,2025-07-02 10:33:00,78.72,Wednesday,True,False
rtc_SYN001044,evt_SYN000208,sub_SYN00134,month_end_window,2025-06-30 18:00:00,38.17,Monday,True,True
rtc_SYN001045,evt_SYN000209,sub_SYN00134,immediate,2025-07-25 04:56:00,0.83,Friday,False,False
rtc_SYN001046,evt_SYN000209,sub_SYN00134,plus_1_day_morning,2025-07-26 10:30:00,30.4,Saturday,False,False
rtc_SYN001047,evt_SYN000209,sub_SYN00134,payday_window,2025-07-29 10:00:00,101.9,Tuesday,True,False
rtc_SYN001048,evt_SYN000209,sub_SYN00134,plus_3_days,2025-07-28 12:09:00,80.05,Monday,True,False
rtc_SYN001049,evt_SYN000209,sub_SYN00134,month_end_window,2025-07-31 18:00:00,157.9,Thursday,True,True
rtc_SYN001050,evt_SYN000210,sub_SYN00135,immediate,2026-05-24 15:39:00,0.38,Sunday,False,False
rtc_SYN001051,evt_SYN000210,sub_SYN00135,plus_1_day_morning,2026-05-25 11:13:00,19.95,Monday,False,False
rtc_SYN001052,evt_SYN000210,sub_SYN00135,payday_window,2026-05-29 10:00:00,114.73,Friday,True,False
rtc_SYN001053,evt_SYN000210,sub_SYN00135,plus_3_days,2026-05-27 14:49:00,71.55,Wednesday,False,False
rtc_SYN001054,evt_SYN000210,sub_SYN00135,month_end_window,2026-05-31 18:00:00,170.73,Sunday,True,True
rtc_SYN001055,evt_SYN000211,sub_SYN00136,immediate,2025-04-11 23:06:00,1.8,Friday,False,False
rtc_SYN001056,evt_SYN000211,sub_SYN00136,plus_1_day_morning,2025-04-12 09:06:00,11.8,Saturday,False,False
rtc_SYN001057,evt_SYN000211,sub_SYN00136,payday_window,2025-04-28 10:00:00,396.7,Monday,True,False
rtc_SYN001058,evt_SYN000211,sub_SYN00136,plus_3_days,2025-04-14 17:41:00,68.38,Monday,False,False
rtc_SYN001059,evt_SYN000211,sub_SYN00136,month_end_window,2025-04-30 18:00:00,452.7,Wednesday,True,True
rtc_SYN001060,evt_SYN000212,sub_SYN00137,immediate,2026-06-09 12:36:00,0.72,Tuesday,False,False
rtc_SYN001061,evt_SYN000212,sub_SYN00137,plus_1_day_morning,2026-06-10 10:11:00,22.3,Wednesday,False,False
rtc_SYN001062,evt_SYN000212,sub_SYN00137,payday_window,2026-06-28 10:00:00,454.12,Sunday,True,False
rtc_SYN001063,evt_SYN000212,sub_SYN00137,plus_3_days,2026-06-12 16:43:00,76.83,Friday,False,False
rtc_SYN001064,evt_SYN000212,sub_SYN00137,month_end_window,2026-06-30 18:00:00,510.12,Tuesday,True,True
rtc_SYN001065,evt_SYN000213,sub_SYN00138,immediate,2026-04-04 23:13:00,0.65,Saturday,True,False
rtc_SYN001066,evt_SYN000213,sub_SYN00138,plus_1_day_morning,2026-04-05 09:20:00,10.77,Sunday,False,False
rtc_SYN001067,evt_SYN000213,sub_SYN00138,payday_window,2026-04-28 10:00:00,563.43,Tuesday,True,False
rtc_SYN001068,evt_SYN000213,sub_SYN00138,plus_3_days,2026-04-07 09:07:00,58.55,Tuesday,False,False
rtc_SYN001069,evt_SYN000213,sub_SYN00138,month_end_window,2026-04-30 18:00:00,619.43,Thursday,True,True
rtc_SYN001070,evt_SYN000214,sub_SYN00138,immediate,2026-04-28 13:36:00,1.92,Tuesday,True,False
rtc_SYN001071,evt_SYN000214,sub_SYN00138,plus_1_day_morning,2026-04-29 09:08:00,21.45,Wednesday,True,True
rtc_SYN001072,evt_SYN000214,sub_SYN00138,payday_window,2026-04-29 10:00:00,22.32,Wednesday,True,True
rtc_SYN001073,evt_SYN000214,sub_SYN00138,plus_3_days,2026-05-01 09:21:00,69.67,Friday,True,False
rtc_SYN001074,evt_SYN000214,sub_SYN00138,month_end_window,2026-04-30 18:00:00,54.32,Thursday,True,True
rtc_SYN001075,evt_SYN000215,sub_SYN00138,immediate,2026-05-17 12:32:00,1.97,Sunday,False,False
rtc_SYN001076,evt_SYN000215,sub_SYN00138,plus_1_day_morning,2026-05-18 09:59:00,23.42,Monday,False,False
rtc_SYN001077,evt_SYN000215,sub_SYN00138,payday_window,2026-05-29 10:00:00,287.43,Friday,True,False
rtc_SYN001078,evt_SYN000215,sub_SYN00138,plus_3_days,2026-05-20 14:45:00,76.18,Wednesday,False,False
rtc_SYN001079,evt_SYN000215,sub_SYN00138,month_end_window,2026-05-31 18:00:00,343.43,Sunday,True,True
rtc_SYN001080,evt_SYN000216,sub_SYN00139,immediate,2026-05-07 00:34:00,1.58,Thursday,False,False
rtc_SYN001081,evt_SYN000216,sub_SYN00139,plus_1_day_morning,2026-05-07 08:00:00,9.02,Thursday,False,False
rtc_SYN001082,evt_SYN000216,sub_SYN00139,payday_window,2026-05-29 10:00:00,539.02,Friday,True,False
rtc_SYN001083,evt_SYN000216,sub_SYN00139,plus_3_days,2026-05-09 19:55:00,68.93,Saturday,False,False
rtc_SYN001084,evt_SYN000216,sub_SYN00139,month_end_window,2026-05-31 18:00:00,595.02,Sunday,True,True
rtc_SYN001085,evt_SYN000217,sub_SYN00140,immediate,2026-06-08 19:07:00,0.33,Monday,False,False
rtc_SYN001086,evt_SYN000217,sub_SYN00140,plus_1_day_morning,2026-06-09 10:55:00,16.13,Tuesday,False,False
rtc_SYN001087,evt_SYN000217,sub_SYN00140,payday_window,2026-06-28 10:00:00,471.22,Sunday,True,False
rtc_SYN001088,evt_SYN000217,sub_SYN00140,plus_3_days,2026-06-11 19:17:00,72.5,Thursday,False,False
rtc_SYN001089,evt_SYN000217,sub_SYN00140,month_end_window,2026-06-30 18:00:00,527.22,Tuesday,True,True
rtc_SYN001090,evt_SYN000218,sub_SYN00141,immediate,2026-04-26 01:25:00,1.63,Sunday,False,False
rtc_SYN001091,evt_SYN000218,sub_SYN00141,plus_1_day_morning,2026-04-26 10:55:00,11.13,Sunday,False,False
rtc_SYN001092,evt_SYN000218,sub_SYN00141,payday_window,2026-04-28 10:00:00,58.22,Tuesday,True,False
rtc_SYN001093,evt_SYN000218,sub_SYN00141,plus_3_days,2026-04-28 10:36:00,58.82,Tuesday,True,False
rtc_SYN001094,evt_SYN000218,sub_SYN00141,month_end_window,2026-04-30 18:00:00,114.22,Thursday,True,True
rtc_SYN001095,evt_SYN000219,sub_SYN00142,immediate,2026-02-17 20:12:00,0.12,Tuesday,False,False
rtc_SYN001096,evt_SYN000219,sub_SYN00142,plus_1_day_morning,2026-02-18 09:00:00,12.92,Wednesday,False,False
rtc_SYN001097,evt_SYN000219,sub_SYN00142,payday_window,2026-02-26 10:00:00,205.92,Thursday,True,False
rtc_SYN001098,evt_SYN000219,sub_SYN00142,plus_3_days,2026-02-20 13:48:00,65.72,Friday,False,False
rtc_SYN001099,evt_SYN000219,sub_SYN00142,month_end_window,2026-02-28 18:00:00,261.92,Saturday,True,True
rtc_SYN001100,evt_SYN000220,sub_SYN00143,immediate,2025-11-11 05:19:00,1.33,Tuesday,False,False
rtc_SYN001101,evt_SYN000220,sub_SYN00143,plus_1_day_morning,2025-11-12 09:25:00,29.43,Wednesday,False,False
rtc_SYN001102,evt_SYN000220,sub_SYN00143,payday_window,2025-11-28 10:00:00,414.02,Friday,True,False
rtc_SYN001103,evt_SYN000220,sub_SYN00143,plus_3_days,2025-11-14 13:43:00,81.73,Friday,False,False
rtc_SYN001104,evt_SYN000220,sub_SYN00143,month_end_window,2025-11-30 18:00:00,470.02,Sunday,True,True
rtc_SYN001105,evt_SYN000221,sub_SYN00144,immediate,2026-01-13 16:31:00,0.58,Tuesday,False,False
rtc_SYN001106,evt_SYN000221,sub_SYN00144,plus_1_day_morning,2026-01-14 08:30:00,16.57,Wednesday,False,False
rtc_SYN001107,evt_SYN000221,sub_SYN00144,payday_window,2026-01-29 10:00:00,378.07,Thursday,True,False
rtc_SYN001108,evt_SYN000221,sub_SYN00144,plus_3_days,2026-01-16 18:28:00,74.53,Friday,False,False
rtc_SYN001109,evt_SYN000221,sub_SYN00144,month_end_window,2026-01-31 18:00:00,434.07,Saturday,True,True
rtc_SYN001110,evt_SYN000222,sub_SYN00145,immediate,2026-04-28 10:41:00,0.47,Tuesday,True,False
rtc_SYN001111,evt_SYN000222,sub_SYN00145,plus_1_day_morning,2026-04-29 08:56:00,22.72,Wednesday,True,True
rtc_SYN001112,evt_SYN000222,sub_SYN00145,payday_window,2026-04-29 10:00:00,23.78,Wednesday,True,True
rtc_SYN001113,evt_SYN000222,sub_SYN00145,plus_3_days,2026-05-01 17:09:00,78.93,Friday,True,False
rtc_SYN001114,evt_SYN000222,sub_SYN00145,month_end_window,2026-04-30 18:00:00,55.78,Thursday,True,True
rtc_SYN001115,evt_SYN000223,sub_SYN00146,immediate,2025-12-24 15:37:00,0.22,Wednesday,False,False
rtc_SYN001116,evt_SYN000223,sub_SYN00146,plus_1_day_morning,2025-12-25 08:22:00,16.97,Thursday,False,False
rtc_SYN001117,evt_SYN000223,sub_SYN00146,payday_window,2025-12-29 10:00:00,114.6,Monday,True,False
rtc_SYN001118,evt_SYN000223,sub_SYN00146,plus_3_days,2025-12-27 17:09:00,73.75,Saturday,False,False
rtc_SYN001119,evt_SYN000223,sub_SYN00146,month_end_window,2025-12-31 18:00:00,170.6,Wednesday,True,True
rtc_SYN001120,evt_SYN000224,sub_SYN00147,immediate,2024-11-04 21:47:00,1.65,Monday,True,False
rtc_SYN001121,evt_SYN000224,sub_SYN00147,plus_1_day_morning,2024-11-05 08:44:00,12.6,Tuesday,False,False
rtc_SYN001122,evt_SYN000224,sub_SYN00147,payday_window,2024-11-28 10:00:00,565.87,Thursday,True,False
rtc_SYN001123,evt_SYN000224,sub_SYN00147,plus_3_days,2024-11-07 12:57:00,64.82,Thursday,False,False
rtc_SYN001124,evt_SYN000224,sub_SYN00147,month_end_window,2024-11-30 18:00:00,621.87,Saturday,True,True
rtc_SYN001125,evt_SYN000225,sub_SYN00147,immediate,2024-12-02 07:31:00,0.98,Monday,True,False
rtc_SYN001126,evt_SYN000225,sub_SYN00147,plus_1_day_morning,2024-12-03 09:14:00,26.7,Tuesday,True,False
rtc_SYN001127,evt_SYN000225,sub_SYN00147,payday_window,2024-12-03 10:00:00,27.47,Tuesday,True,False
rtc_SYN001128,evt_SYN000225,sub_SYN00147,plus_3_days,2024-12-05 18:24:00,83.87,Thursday,False,False
rtc_SYN001129,evt_SYN000225,sub_SYN00147,month_end_window,2024-12-31 18:00:00,707.47,Tuesday,True,True
rtc_SYN001130,evt_SYN000226,sub_SYN00148,immediate,2025-12-23 17:44:00,0.75,Tuesday,False,False
rtc_SYN001131,evt_SYN000226,sub_SYN00148,plus_1_day_morning,2025-12-24 10:32:00,17.55,Wednesday,False,False
rtc_SYN001132,evt_SYN000226,sub_SYN00148,payday_window,2025-12-29 10:00:00,137.02,Monday,True,False
rtc_SYN001133,evt_SYN000226,sub_SYN00148,plus_3_days,2025-12-26 16:26:00,71.45,Friday,False,False
rtc_SYN001134,evt_SYN000226,sub_SYN00148,month_end_window,2025-12-31 18:00:00,193.02,Wednesday,True,True
rtc_SYN001135,evt_SYN000227,sub_SYN00149,immediate,2026-02-18 07:08:00,0.2,Wednesday,False,False
rtc_SYN001136,evt_SYN000227,sub_SYN00149,plus_1_day_morning,2026-02-19 08:02:00,25.1,Thursday,False,False
rtc_SYN001137,evt_SYN000227,sub_SYN00149,payday_window,2026-02-26 10:00:00,195.07,Thursday,True,False
rtc_SYN001138,evt_SYN000227,sub_SYN00149,plus_3_days,2026-02-21 15:30:00,80.57,Saturday,False,False
rtc_SYN001139,evt_SYN000227,sub_SYN00149,month_end_window,2026-02-28 18:00:00,251.07,Saturday,True,True
rtc_SYN001140,evt_SYN000228,sub_SYN00150,immediate,2025-08-28 00:03:00,1.5,Thursday,True,False
rtc_SYN001141,evt_SYN000228,sub_SYN00150,plus_1_day_morning,2025-08-28 11:10:00,12.62,Thursday,True,False
rtc_SYN001142,evt_SYN000228,sub_SYN00150,payday_window,2025-08-29 10:00:00,35.45,Friday,True,False
rtc_SYN001143,evt_SYN000228,sub_SYN00150,plus_3_days,2025-08-30 19:55:00,69.37,Saturday,True,True
rtc_SYN001144,evt_SYN000228,sub_SYN00150,month_end_window,2025-08-31 18:00:00,91.45,Sunday,True,True
rtc_SYN001145,evt_SYN000229,sub_SYN00150,immediate,2025-09-07 05:12:00,1.25,Sunday,False,False
rtc_SYN001146,evt_SYN000229,sub_SYN00150,plus_1_day_morning,2025-09-08 10:10:00,30.22,Monday,False,False
rtc_SYN001147,evt_SYN000229,sub_SYN00150,payday_window,2025-09-28 10:00:00,510.05,Sunday,True,False
rtc_SYN001148,evt_SYN000229,sub_SYN00150,plus_3_days,2025-09-10 10:01:00,78.07,Wednesday,False,False
rtc_SYN001149,evt_SYN000229,sub_SYN00150,month_end_window,2025-09-30 18:00:00,566.05,Tuesday,True,True
rtc_SYN001150,evt_SYN000230,sub_SYN00150,immediate,2025-10-16 13:08:00,1.32,Thursday,False,False
rtc_SYN001151,evt_SYN000230,sub_SYN00150,plus_1_day_morning,2025-10-17 09:11:00,21.37,Friday,False,False
rtc_SYN001152,evt_SYN000230,sub_SYN00150,payday_window,2025-10-29 10:00:00,310.18,Wednesday,True,False
rtc_SYN001153,evt_SYN000230,sub_SYN00150,plus_3_days,2025-10-19 10:03:00,70.23,Sunday,False,False
rtc_SYN001154,evt_SYN000230,sub_SYN00150,month_end_window,2025-10-31 18:00:00,366.18,Friday,True,True
rtc_SYN001155,evt_SYN000231,sub_SYN00151,immediate,2026-03-07 05:02:00,1.3,Saturday,False,False
rtc_SYN001156,evt_SYN000231,sub_SYN00151,plus_1_day_morning,2026-03-08 10:37:00,30.88,Sunday,False,False
rtc_SYN001157,evt_SYN000231,sub_SYN00151,payday_window,2026-03-29 10:00:00,534.27,Sunday,True,False
rtc_SYN001158,evt_SYN000231,sub_SYN00151,plus_3_days,2026-03-10 10:02:00,78.3,Tuesday,False,False
rtc_SYN001159,evt_SYN000231,sub_SYN00151,month_end_window,2026-03-31 18:00:00,590.27,Tuesday,True,True
rtc_SYN001160,evt_SYN000232,sub_SYN00151,immediate,2026-04-14 03:47:00,0.28,Tuesday,False,False
rtc_SYN001161,evt_SYN000232,sub_SYN00151,plus_1_day_morning,2026-04-15 11:44:00,32.23,Wednesday,False,False
rtc_SYN001162,evt_SYN000232,sub_SYN00151,payday_window,2026-04-28 10:00:00,342.5,Tuesday,True,False
rtc_SYN001163,evt_SYN000232,sub_SYN00151,plus_3_days,2026-04-17 12:03:00,80.55,Friday,False,False
rtc_SYN001164,evt_SYN000232,sub_SYN00151,month_end_window,2026-04-30 18:00:00,398.5,Thursday,True,True
rtc_SYN001165,evt_SYN000233,sub_SYN00152,immediate,2026-03-25 11:54:00,0.68,Wednesday,False,False
rtc_SYN001166,evt_SYN000233,sub_SYN00152,plus_1_day_morning,2026-03-26 11:08:00,23.92,Thursday,False,False
rtc_SYN001167,evt_SYN000233,sub_SYN00152,payday_window,2026-03-29 10:00:00,94.78,Sunday,True,False
rtc_SYN001168,evt_SYN000233,sub_SYN00152,plus_3_days,2026-03-28 17:27:00,78.23,Saturday,True,False
rtc_SYN001169,evt_SYN000233,sub_SYN00152,month_end_window,2026-03-31 18:00:00,150.78,Tuesday,True,True
rtc_SYN001170,evt_SYN000234,sub_SYN00153,immediate,2026-04-25 16:23:00,0.35,Saturday,False,False
rtc_SYN001171,evt_SYN000234,sub_SYN00153,plus_1_day_morning,2026-04-26 11:31:00,19.48,Sunday,False,False
rtc_SYN001172,evt_SYN000234,sub_SYN00153,payday_window,2026-04-28 10:00:00,65.97,Tuesday,True,False
rtc_SYN001173,evt_SYN000234,sub_SYN00153,plus_3_days,2026-04-28 16:05:00,72.05,Tuesday,True,False
rtc_SYN001174,evt_SYN000234,sub_SYN00153,month_end_window,2026-04-30 18:00:00,121.97,Thursday,True,True
rtc_SYN001175,evt_SYN000235,sub_SYN00153,immediate,2026-05-26 03:06:00,0.78,Tuesday,False,False
rtc_SYN001176,evt_SYN000235,sub_SYN00153,plus_1_day_morning,2026-05-27 10:38:00,32.32,Wednesday,False,False
rtc_SYN001177,evt_SYN000235,sub_SYN00153,payday_window,2026-05-29 10:00:00,79.68,Friday,True,False
rtc_SYN001178,evt_SYN000235,sub_SYN00153,plus_3_days,2026-05-29 09:36:00,79.28,Friday,True,False
rtc_SYN001179,evt_SYN000235,sub_SYN00153,month_end_window,2026-05-31 18:00:00,135.68,Sunday,True,True
rtc_SYN001180,evt_SYN000236,sub_SYN00154,immediate,2024-09-29 11:13:00,1.88,Sunday,True,True
rtc_SYN001181,evt_SYN000236,sub_SYN00154,plus_1_day_morning,2024-09-30 11:12:00,25.87,Monday,True,True
rtc_SYN001182,evt_SYN000236,sub_SYN00154,payday_window,2024-09-30 10:00:00,24.67,Monday,True,True
rtc_SYN001183,evt_SYN000236,sub_SYN00154,plus_3_days,2024-10-02 19:40:00,82.33,Wednesday,True,False
rtc_SYN001184,evt_SYN000236,sub_SYN00154,month_end_window,2024-09-30 18:00:00,32.67,Monday,True,True
rtc_SYN001185,evt_SYN000237,sub_SYN00155,immediate,2025-12-24 04:45:00,0.18,Wednesday,False,False
rtc_SYN001186,evt_SYN000237,sub_SYN00155,plus_1_day_morning,2025-12-25 08:55:00,28.35,Thursday,False,False
rtc_SYN001187,evt_SYN000237,sub_SYN00155,payday_window,2025-12-29 10:00:00,125.43,Monday,True,False
rtc_SYN001188,evt_SYN000237,sub_SYN00155,plus_3_days,2025-12-27 11:05:00,78.52,Saturday,False,False
rtc_SYN001189,evt_SYN000237,sub_SYN00155,month_end_window,2025-12-31 18:00:00,181.43,Wednesday,True,True
rtc_SYN001190,evt_SYN000238,sub_SYN00155,immediate,2026-01-17 11:09:00,0.93,Saturday,False,False
rtc_SYN001191,evt_SYN000238,sub_SYN00155,plus_1_day_morning,2026-01-18 10:34:00,24.35,Sunday,False,False
rtc_SYN001192,evt_SYN000238,sub_SYN00155,payday_window,2026-01-29 10:00:00,287.78,Thursday,True,False
rtc_SYN001193,evt_SYN000238,sub_SYN00155,plus_3_days,2026-01-20 16:59:00,78.77,Tuesday,False,False
rtc_SYN001194,evt_SYN000238,sub_SYN00155,month_end_window,2026-01-31 18:00:00,343.78,Saturday,True,True
rtc_SYN001195,evt_SYN000239,sub_SYN00156,immediate,2025-01-26 04:42:00,1.53,Sunday,False,False
rtc_SYN001196,evt_SYN000239,sub_SYN00156,plus_1_day_morning,2025-01-27 08:05:00,28.92,Monday,False,False
rtc_SYN001197,evt_SYN000239,sub_SYN00156,payday_window,2025-01-29 10:00:00,78.83,Wednesday,True,False
rtc_SYN001198,evt_SYN000239,sub_SYN00156,plus_3_days,2025-01-29 09:23:00,78.22,Wednesday,True,False
rtc_SYN001199,evt_SYN000239,sub_SYN00156,month_end_window,2025-01-31 18:00:00,134.83,Friday,True,True
rtc_SYN001200,evt_SYN000240,sub_SYN00157,immediate,2025-08-20 05:40:00,0.75,Wednesday,False,False
rtc_SYN001201,evt_SYN000240,sub_SYN00157,plus_1_day_morning,2025-08-21 11:21:00,30.43,Thursday,False,False
rtc_SYN001202,evt_SYN000240,sub_SYN00157,payday_window,2025-08-29 10:00:00,221.08,Friday,True,False
rtc_SYN001203,evt_SYN000240,sub_SYN00157,plus_3_days,2025-08-23 09:53:00,76.97,Saturday,False,False
rtc_SYN001204,evt_SYN000240,sub_SYN00157,month_end_window,2025-08-31 18:00:00,277.08,Sunday,True,True
rtc_SYN001205,evt_SYN000241,sub_SYN00158,immediate,2025-08-02 11:13:00,0.57,Saturday,True,False
rtc_SYN001206,evt_SYN000241,sub_SYN00158,plus_1_day_morning,2025-08-03 11:46:00,25.12,Sunday,True,False
rtc_SYN001207,evt_SYN000241,sub_SYN00158,payday_window,2025-08-03 10:00:00,23.35,Sunday,True,False
rtc_SYN001208,evt_SYN000241,sub_SYN00158,plus_3_days,2025-08-05 18:49:00,80.17,Tuesday,False,False
rtc_SYN001209,evt_SYN000241,sub_SYN00158,month_end_window,2025-08-31 18:00:00,703.35,Sunday,True,True
rtc_SYN001210,evt_SYN000242,sub_SYN00158,immediate,2025-09-01 15:23:00,0.35,Monday,True,False
rtc_SYN001211,evt_SYN000242,sub_SYN00158,plus_1_day_morning,2025-09-02 10:24:00,19.37,Tuesday,True,False
rtc_SYN001212,evt_SYN000242,sub_SYN00158,payday_window,2025-09-02 10:00:00,18.97,Tuesday,True,False
rtc_SYN001213,evt_SYN000242,sub_SYN00158,plus_3_days,2025-09-04 15:44:00,72.7,Thursday,True,False
rtc_SYN001214,evt_SYN000242,sub_SYN00158,month_end_window,2025-09-30 18:00:00,698.97,Tuesday,True,True
rtc_SYN001215,evt_SYN000243,sub_SYN00158,immediate,2025-09-27 05:42:00,1.03,Saturday,True,False
rtc_SYN001216,evt_SYN000243,sub_SYN00158,plus_1_day_morning,2025-09-28 09:54:00,29.23,Sunday,True,False
rtc_SYN001217,evt_SYN000243,sub_SYN00158,payday_window,2025-09-28 10:00:00,29.33,Sunday,True,False
rtc_SYN001218,evt_SYN000243,sub_SYN00158,plus_3_days,2025-09-30 16:53:00,84.22,Tuesday,True,True
rtc_SYN001219,evt_SYN000243,sub_SYN00158,month_end_window,2025-09-30 18:00:00,85.33,Tuesday,True,True
rtc_SYN001220,evt_SYN000244,sub_SYN00159,immediate,2026-06-03 05:39:00,0.53,Wednesday,True,False
rtc_SYN001221,evt_SYN000244,sub_SYN00159,plus_1_day_morning,2026-06-04 11:19:00,30.2,Thursday,True,False
rtc_SYN001222,evt_SYN000244,sub_SYN00159,payday_window,2026-06-28 10:00:00,604.88,Sunday,True,False
rtc_SYN001223,evt_SYN000244,sub_SYN00159,plus_3_days,2026-06-06 14:51:00,81.73,Saturday,False,False
rtc_SYN001224,evt_SYN000244,sub_SYN00159,month_end_window,2026-06-30 18:00:00,660.88,Tuesday,True,True
rtc_SYN001225,evt_SYN000245,sub_SYN00159,immediate,2026-07-05 10:11:00,0.75,Sunday,False,False
rtc_SYN001226,evt_SYN000245,sub_SYN00159,plus_1_day_morning,2026-07-06 09:54:00,24.47,Monday,False,False
rtc_SYN001227,evt_SYN000245,sub_SYN00159,payday_window,2026-07-29 10:00:00,576.57,Wednesday,True,False
rtc_SYN001228,evt_SYN000245,sub_SYN00159,plus_3_days,2026-07-08 19:18:00,81.87,Wednesday,False,False
rtc_SYN001229,evt_SYN000245,sub_SYN00159,month_end_window,2026-07-31 18:00:00,632.57,Friday,True,True
rtc_SYN001230,evt_SYN000246,sub_SYN00159,immediate,2026-08-16 08:12:00,0.67,Sunday,False,False
rtc_SYN001231,evt_SYN000246,sub_SYN00159,plus_1_day_morning,2026-08-17 08:01:00,24.48,Monday,False,False
rtc_SYN001232,evt_SYN000246,sub_SYN00159,payday_window,2026-08-29 10:00:00,314.47,Saturday,True,False
rtc_SYN001233,evt_SYN000246,sub_SYN00159,plus_3_days,2026-08-19 15:15:00,79.72,Wednesday,False,False
rtc_SYN001234,evt_SYN000246,sub_SYN00159,month_end_window,2026-08-31 18:00:00,370.47,Monday,True,True
rtc_SYN001235,evt_SYN000247,sub_SYN00160,immediate,2026-04-18 07:17:00,1.7,Saturday,False,False
rtc_SYN001236,evt_SYN000247,sub_SYN00160,plus_1_day_morning,2026-04-19 08:38:00,27.05,Sunday,False,False
rtc_SYN001237,evt_SYN000247,sub_SYN00160,payday_window,2026-04-28 10:00:00,244.42,Tuesday,True,False
rtc_SYN001238,evt_SYN000247,sub_SYN00160,plus_3_days,2026-04-21 14:36:00,81.02,Tuesday,False,False
rtc_SYN001239,evt_SYN000247,sub_SYN00160,month_end_window,2026-04-30 18:00:00,300.42,Thursday,True,True
rtc_SYN001240,evt_SYN000248,sub_SYN00161,immediate,2026-02-02 15:11:00,0.28,Monday,True,False
rtc_SYN001241,evt_SYN000248,sub_SYN00161,plus_1_day_morning,2026-02-03 09:37:00,18.72,Tuesday,True,False
rtc_SYN001242,evt_SYN000248,sub_SYN00161,payday_window,2026-02-03 10:00:00,19.1,Tuesday,True,False
rtc_SYN001243,evt_SYN000248,sub_SYN00161,plus_3_days,2026-02-05 12:52:00,69.97,Thursday,False,False
rtc_SYN001244,evt_SYN000248,sub_SYN00161,month_end_window,2026-02-28 18:00:00,627.1,Saturday,True,True
rtc_SYN001245,evt_SYN000249,sub_SYN00162,immediate,2026-05-29 00:24:00,1.08,Friday,True,False
rtc_SYN001246,evt_SYN000249,sub_SYN00162,plus_1_day_morning,2026-05-29 09:01:00,9.7,Friday,True,False
rtc_SYN001247,evt_SYN000249,sub_SYN00162,payday_window,2026-05-29 10:00:00,10.68,Friday,True,False
rtc_SYN001248,evt_SYN000249,sub_SYN00162,plus_3_days,2026-05-31 10:28:00,59.15,Sunday,True,True
rtc_SYN001249,evt_SYN000249,sub_SYN00162,month_end_window,2026-05-31 18:00:00,66.68,Sunday,True,True
rtc_SYN001250,evt_SYN000250,sub_SYN00163,immediate,2026-06-20 02:16:00,0.85,Saturday,False,False
rtc_SYN001251,evt_SYN000250,sub_SYN00163,plus_1_day_morning,2026-06-21 11:47:00,34.37,Sunday,False,False
rtc_SYN001252,evt_SYN000250,sub_SYN00163,payday_window,2026-06-28 10:00:00,200.58,Sunday,True,False
rtc_SYN001253,evt_SYN000250,sub_SYN00163,plus_3_days,2026-06-23 10:35:00,81.17,Tuesday,False,False
rtc_SYN001254,evt_SYN000250,sub_SYN00163,month_end_window,2026-06-30 18:00:00,256.58,Tuesday,True,True
rtc_SYN001255,evt_SYN000251,sub_SYN00164,immediate,2025-12-06 11:12:00,0.95,Saturday,False,False
rtc_SYN001256,evt_SYN000251,sub_SYN00164,plus_1_day_morning,2025-12-07 08:39:00,22.4,Sunday,False,False
rtc_SYN001257,evt_SYN000251,sub_SYN00164,payday_window,2025-12-29 10:00:00,551.75,Monday,True,False
rtc_SYN001258,evt_SYN000251,sub_SYN00164,plus_3_days,2025-12-09 14:05:00,75.83,Tuesday,False,False
rtc_SYN001259,evt_SYN000251,sub_SYN00164,month_end_window,2025-12-31 18:00:00,607.75,Wednesday,True,True
rtc_SYN001260,evt_SYN000252,sub_SYN00164,immediate,2026-01-02 13:11:00,0.97,Friday,True,False
rtc_SYN001261,evt_SYN000252,sub_SYN00164,plus_1_day_morning,2026-01-03 10:19:00,22.1,Saturday,True,False
rtc_SYN001262,evt_SYN000252,sub_SYN00164,payday_window,2026-01-03 10:00:00,21.78,Saturday,True,False
rtc_SYN001263,evt_SYN000252,sub_SYN00164,plus_3_days,2026-01-05 12:06:00,71.88,Monday,False,False
rtc_SYN001264,evt_SYN000252,sub_SYN00164,month_end_window,2026-01-31 18:00:00,701.78,Saturday,True,True
rtc_SYN001265,evt_SYN000253,sub_SYN00165,immediate,2025-09-15 16:46:00,0.47,Monday,False,False
rtc_SYN001266,evt_SYN000253,sub_SYN00165,plus_1_day_morning,2025-09-16 11:37:00,19.32,Tuesday,False,False
rtc_SYN001267,evt_SYN000253,sub_SYN00165,payday_window,2025-09-28 10:00:00,305.7,Sunday,True,False
rtc_SYN001268,evt_SYN000253,sub_SYN00165,plus_3_days,2025-09-18 10:28:00,66.17,Thursday,False,False
rtc_SYN001269,evt_SYN000253,sub_SYN00165,month_end_window,2025-09-30 18:00:00,361.7,Tuesday,True,True
rtc_SYN001270,evt_SYN000254,sub_SYN00165,immediate,2026-01-21 12:22:00,0.45,Wednesday,False,False
rtc_SYN001271,evt_SYN000254,sub_SYN00165,plus_1_day_morning,2026-01-22 09:08:00,21.22,Thursday,False,False
rtc_SYN001272,evt_SYN000254,sub_SYN00165,payday_window,2026-01-29 10:00:00,190.08,Thursday,True,False
rtc_SYN001273,evt_SYN000254,sub_SYN00165,plus_3_days,2026-01-24 15:34:00,75.65,Saturday,False,False
rtc_SYN001274,evt_SYN000254,sub_SYN00165,month_end_window,2026-01-31 18:00:00,246.08,Saturday,True,True
rtc_SYN001275,evt_SYN000255,sub_SYN00166,immediate,2024-10-05 04:10:00,1.28,Saturday,False,False
rtc_SYN001276,evt_SYN000255,sub_SYN00166,plus_1_day_morning,2024-10-06 09:17:00,30.4,Sunday,False,False
rtc_SYN001277,evt_SYN000255,sub_SYN00166,payday_window,2024-10-29 10:00:00,583.12,Tuesday,True,False
rtc_SYN001278,evt_SYN000255,sub_SYN00166,plus_3_days,2024-10-08 11:12:00,80.32,Tuesday,False,False
rtc_SYN001279,evt_SYN000255,sub_SYN00166,month_end_window,2024-10-31 18:00:00,639.12,Thursday,True,True
rtc_SYN001280,evt_SYN000256,sub_SYN00166,immediate,2024-10-22 15:39:00,0.9,Tuesday,False,False
rtc_SYN001281,evt_SYN000256,sub_SYN00166,plus_1_day_morning,2024-10-23 09:40:00,18.92,Wednesday,False,False
rtc_SYN001282,evt_SYN000256,sub_SYN00166,payday_window,2024-10-29 10:00:00,163.25,Tuesday,True,False
rtc_SYN001283,evt_SYN000256,sub_SYN00166,plus_3_days,2024-10-25 09:16:00,66.52,Friday,False,False
rtc_SYN001284,evt_SYN000256,sub_SYN00166,month_end_window,2024-10-31 18:00:00,219.25,Thursday,True,True
rtc_SYN001285,evt_SYN000257,sub_SYN00167,immediate,2026-05-20 10:12:00,1.72,Wednesday,False,False
rtc_SYN001286,evt_SYN000257,sub_SYN00167,plus_1_day_morning,2026-05-21 11:55:00,27.43,Thursday,False,False
rtc_SYN001287,evt_SYN000257,sub_SYN00167,payday_window,2026-05-29 10:00:00,217.52,Friday,True,False
rtc_SYN001288,evt_SYN000257,sub_SYN00167,plus_3_days,2026-05-23 12:08:00,75.65,Saturday,False,False
rtc_SYN001289,evt_SYN000257,sub_SYN00167,month_end_window,2026-05-31 18:00:00,273.52,Sunday,True,True
rtc_SYN001290,evt_SYN000258,sub_SYN00167,immediate,2026-05-31 12:10:00,0.45,Sunday,True,True
rtc_SYN001291,evt_SYN000258,sub_SYN00167,plus_1_day_morning,2026-06-01 08:57:00,21.23,Monday,True,False
rtc_SYN001292,evt_SYN000258,sub_SYN00167,payday_window,2026-06-01 10:00:00,22.28,Monday,True,False
rtc_SYN001293,evt_SYN000258,sub_SYN00167,plus_3_days,2026-06-03 18:48:00,79.08,Wednesday,True,False
rtc_SYN001294,evt_SYN000258,sub_SYN00167,month_end_window,2026-06-30 18:00:00,726.28,Tuesday,True,True
rtc_SYN001295,evt_SYN000259,sub_SYN00168,immediate,2025-12-18 04:56:00,1.47,Thursday,False,False
rtc_SYN001296,evt_SYN000259,sub_SYN00168,plus_1_day_morning,2025-12-19 09:28:00,30.0,Friday,False,False
rtc_SYN001297,evt_SYN000259,sub_SYN00168,payday_window,2025-12-29 10:00:00,270.53,Monday,True,False
rtc_SYN001298,evt_SYN000259,sub_SYN00168,plus_3_days,2025-12-21 18:48:00,87.33,Sunday,False,False
rtc_SYN001299,evt_SYN000259,sub_SYN00168,month_end_window,2025-12-31 18:00:00,326.53,Wednesday,True,True
rtc_SYN001300,evt_SYN000260,sub_SYN00169,immediate,2026-02-15 01:54:00,1.07,Sunday,False,False
rtc_SYN001301,evt_SYN000260,sub_SYN00169,plus_1_day_morning,2026-02-16 11:20:00,34.5,Monday,False,False
rtc_SYN001302,evt_SYN000260,sub_SYN00169,payday_window,2026-02-26 10:00:00,273.17,Thursday,True,False
rtc_SYN001303,evt_SYN000260,sub_SYN00169,plus_3_days,2026-02-18 13:50:00,85.0,Wednesday,False,False
rtc_SYN001304,evt_SYN000260,sub_SYN00169,month_end_window,2026-02-28 18:00:00,329.17,Saturday,True,True
rtc_SYN001305,evt_SYN000261,sub_SYN00170,immediate,2026-06-13 23:29:00,0.8,Saturday,False,False
rtc_SYN001306,evt_SYN000261,sub_SYN00170,plus_1_day_morning,2026-06-14 11:27:00,12.77,Sunday,False,False
rtc_SYN001307,evt_SYN000261,sub_SYN00170,payday_window,2026-06-28 10:00:00,347.32,Sunday,True,False
rtc_SYN001308,evt_SYN000261,sub_SYN00170,plus_3_days,2026-06-16 12:13:00,61.53,Tuesday,False,False
rtc_SYN001309,evt_SYN000261,sub_SYN00170,month_end_window,2026-06-30 18:00:00,403.32,Tuesday,True,True
rtc_SYN001310,evt_SYN000262,sub_SYN00171,immediate,2026-06-21 00:05:00,1.23,Sunday,False,False
rtc_SYN001311,evt_SYN000262,sub_SYN00171,plus_1_day_morning,2026-06-21 09:22:00,10.52,Sunday,False,False
rtc_SYN001312,evt_SYN000262,sub_SYN00171,payday_window,2026-06-28 10:00:00,179.15,Sunday,True,False
rtc_SYN001313,evt_SYN000262,sub_SYN00171,plus_3_days,2026-06-23 17:00:00,66.15,Tuesday,False,False
rtc_SYN001314,evt_SYN000262,sub_SYN00171,month_end_window,2026-06-30 18:00:00,235.15,Tuesday,True,True
rtc_SYN001315,evt_SYN000263,sub_SYN00171,immediate,2026-07-25 03:30:00,0.25,Saturday,False,False
rtc_SYN001316,evt_SYN000263,sub_SYN00171,plus_1_day_morning,2026-07-26 11:39:00,32.4,Sunday,False,False
rtc_SYN001317,evt_SYN000263,sub_SYN00171,payday_window,2026-07-29 10:00:00,102.75,Wednesday,True,False
rtc_SYN001318,evt_SYN000263,sub_SYN00171,plus_3_days,2026-07-28 15:00:00,83.75,Tuesday,True,False
rtc_SYN001319,evt_SYN000263,sub_SYN00171,month_end_window,2026-07-31 18:00:00,158.75,Friday,True,True
rtc_SYN001320,evt_SYN000264,sub_SYN00172,immediate,2026-06-04 12:28:00,1.22,Thursday,True,False
rtc_SYN001321,evt_SYN000264,sub_SYN00172,plus_1_day_morning,2026-06-05 09:35:00,22.33,Friday,False,False
rtc_SYN001322,evt_SYN000264,sub_SYN00172,payday_window,2026-06-28 10:00:00,574.75,Sunday,True,False
rtc_SYN001323,evt_SYN000264,sub_SYN00172,plus_3_days,2026-06-07 09:33:00,70.3,Sunday,False,False
rtc_SYN001324,evt_SYN000264,sub_SYN00172,month_end_window,2026-06-30 18:00:00,630.75,Tuesday,True,True
rtc_SYN001325,evt_SYN000265,sub_SYN00173,immediate,2025-02-05 07:58:00,1.18,Wednesday,False,False
rtc_SYN001326,evt_SYN000265,sub_SYN00173,plus_1_day_morning,2025-02-06 09:03:00,26.27,Thursday,False,False
rtc_SYN001327,evt_SYN000265,sub_SYN00173,payday_window,2025-02-26 10:00:00,507.22,Wednesday,True,False
rtc_SYN001328,evt_SYN000265,sub_SYN00173,plus_3_days,2025-02-08 19:42:00,84.92,Saturday,False,False
rtc_SYN001329,evt_SYN000265,sub_SYN00173,month_end_window,2025-02-28 18:00:00,563.22,Friday,True,True
rtc_SYN001330,evt_SYN000266,sub_SYN00174,immediate,2025-11-06 15:56:00,1.27,Thursday,False,False
rtc_SYN001331,evt_SYN000266,sub_SYN00174,plus_1_day_morning,2025-11-07 11:40:00,21.0,Friday,False,False
rtc_SYN001332,evt_SYN000266,sub_SYN00174,payday_window,2025-11-28 10:00:00,523.33,Friday,True,False
rtc_SYN001333,evt_SYN000266,sub_SYN00174,plus_3_days,2025-11-09 10:27:00,67.78,Sunday,False,False
rtc_SYN001334,evt_SYN000266,sub_SYN00174,month_end_window,2025-11-30 18:00:00,579.33,Sunday,True,True
rtc_SYN001335,evt_SYN000267,sub_SYN00175,immediate,2026-01-31 03:02:00,1.78,Saturday,True,True
rtc_SYN001336,evt_SYN000267,sub_SYN00175,plus_1_day_morning,2026-02-01 09:58:00,32.72,Sunday,True,False
rtc_SYN001337,evt_SYN000267,sub_SYN00175,payday_window,2026-02-01 10:00:00,32.75,Sunday,True,False
rtc_SYN001338,evt_SYN000267,sub_SYN00175,plus_3_days,2026-02-03 09:19:00,80.07,Tuesday,True,False
rtc_SYN001339,evt_SYN000267,sub_SYN00175,month_end_window,2026-02-28 18:00:00,688.75,Saturday,True,True
rtc_SYN001340,evt_SYN000268,sub_SYN00176,immediate,2026-03-21 13:11:00,0.75,Saturday,False,False
rtc_SYN001341,evt_SYN000268,sub_SYN00176,plus_1_day_morning,2026-03-22 10:10:00,21.73,Sunday,False,False
rtc_SYN001342,evt_SYN000268,sub_SYN00176,payday_window,2026-03-29 10:00:00,189.57,Sunday,True,False
rtc_SYN001343,evt_SYN000268,sub_SYN00176,plus_3_days,2026-03-24 11:39:00,71.22,Tuesday,False,False
rtc_SYN001344,evt_SYN000268,sub_SYN00176,month_end_window,2026-03-31 18:00:00,245.57,Tuesday,True,True
rtc_SYN001345,evt_SYN000269,sub_SYN00177,immediate,2026-01-31 08:18:00,0.62,Saturday,True,True
rtc_SYN001346,evt_SYN000269,sub_SYN00177,plus_1_day_morning,2026-02-01 11:52:00,28.18,Sunday,True,False
rtc_SYN001347,evt_SYN000269,sub_SYN00177,payday_window,2026-02-01 10:00:00,26.32,Sunday,True,False
rtc_SYN001348,evt_SYN000269,sub_SYN00177,plus_3_days,2026-02-03 12:33:00,76.87,Tuesday,True,False
rtc_SYN001349,evt_SYN000269,sub_SYN00177,month_end_window,2026-02-28 18:00:00,682.32,Saturday,True,True
rtc_SYN001350,evt_SYN000270,sub_SYN00178,immediate,2025-11-18 04:25:00,0.72,Tuesday,False,False
rtc_SYN001351,evt_SYN000270,sub_SYN00178,plus_1_day_morning,2025-11-19 09:40:00,29.97,Wednesday,False,False
rtc_SYN001352,evt_SYN000270,sub_SYN00178,payday_window,2025-11-28 10:00:00,246.3,Friday,True,False
rtc_SYN001353,evt_SYN000270,sub_SYN00178,plus_3_days,2025-11-21 12:08:00,80.43,Friday,False,False
rtc_SYN001354,evt_SYN000270,sub_SYN00178,month_end_window,2025-11-30 18:00:00,302.3,Sunday,True,True
rtc_SYN001355,evt_SYN000271,sub_SYN00178,immediate,2025-12-04 18:27:00,0.57,Thursday,True,False
rtc_SYN001356,evt_SYN000271,sub_SYN00178,plus_1_day_morning,2025-12-05 11:15:00,17.37,Friday,False,False
rtc_SYN001357,evt_SYN000271,sub_SYN00178,payday_window,2025-12-29 10:00:00,592.12,Monday,True,False
rtc_SYN001358,evt_SYN000271,sub_SYN00178,plus_3_days,2025-12-07 13:37:00,67.73,Sunday,False,False
rtc_SYN001359,evt_SYN000271,sub_SYN00178,month_end_window,2025-12-31 18:00:00,648.12,Wednesday,True,True
rtc_SYN001360,evt_SYN000272,sub_SYN00178,immediate,2025-12-21 20:23:00,0.27,Sunday,False,False
rtc_SYN001361,evt_SYN000272,sub_SYN00178,plus_1_day_morning,2025-12-22 09:10:00,13.05,Monday,False,False
rtc_SYN001362,evt_SYN000272,sub_SYN00178,payday_window,2025-12-29 10:00:00,181.88,Monday,True,False
rtc_SYN001363,evt_SYN000272,sub_SYN00178,plus_3_days,2025-12-24 19:55:00,71.8,Wednesday,False,False
rtc_SYN001364,evt_SYN000272,sub_SYN00178,month_end_window,2025-12-31 18:00:00,237.88,Wednesday,True,True
rtc_SYN001365,evt_SYN000273,sub_SYN00179,immediate,2026-04-24 08:17:00,1.52,Friday,False,False
rtc_SYN001366,evt_SYN000273,sub_SYN00179,plus_1_day_morning,2026-04-25 08:36:00,25.83,Saturday,False,False
rtc_SYN001367,evt_SYN000273,sub_SYN00179,payday_window,2026-04-28 10:00:00,99.23,Tuesday,True,False
rtc_SYN001368,evt_SYN000273,sub_SYN00179,plus_3_days,2026-04-27 16:52:00,82.1,Monday,True,False
rtc_SYN001369,evt_SYN000273,sub_SYN00179,month_end_window,2026-04-30 18:00:00,155.23,Thursday,True,True
rtc_SYN001370,evt_SYN000274,sub_SYN00180,immediate,2026-05-20 13:18:00,0.37,Wednesday,False,False
rtc_SYN001371,evt_SYN000274,sub_SYN00180,plus_1_day_morning,2026-05-21 10:11:00,21.25,Thursday,False,False
rtc_SYN001372,evt_SYN000274,sub_SYN00180,payday_window,2026-05-29 10:00:00,213.07,Friday,True,False
rtc_SYN001373,evt_SYN000274,sub_SYN00180,plus_3_days,2026-05-23 15:52:00,74.93,Saturday,False,False
rtc_SYN001374,evt_SYN000274,sub_SYN00180,month_end_window,2026-05-31 18:00:00,269.07,Sunday,True,True
rtc_SYN001375,evt_SYN000275,sub_SYN00180,immediate,2026-06-07 06:13:00,0.2,Sunday,False,False
rtc_SYN001376,evt_SYN000275,sub_SYN00180,plus_1_day_morning,2026-06-08 08:48:00,26.78,Monday,False,False
rtc_SYN001377,evt_SYN000275,sub_SYN00180,payday_window,2026-06-28 10:00:00,507.98,Sunday,True,False
rtc_SYN001378,evt_SYN000275,sub_SYN00180,plus_3_days,2026-06-10 09:41:00,75.67,Wednesday,False,False
rtc_SYN001379,evt_SYN000275,sub_SYN00180,month_end_window,2026-06-30 18:00:00,563.98,Tuesday,True,True
rtc_SYN001380,evt_SYN000276,sub_SYN00180,immediate,2026-06-28 14:11:00,1.03,Sunday,True,False
rtc_SYN001381,evt_SYN000276,sub_SYN00180,plus_1_day_morning,2026-06-29 09:51:00,20.7,Monday,True,True
rtc_SYN001382,evt_SYN000276,sub_SYN00180,payday_window,2026-06-29 10:00:00,20.85,Monday,True,True
rtc_SYN001383,evt_SYN000276,sub_SYN00180,plus_3_days,2026-07-01 18:19:00,77.17,Wednesday,True,False
rtc_SYN001384,evt_SYN000276,sub_SYN00180,month_end_window,2026-06-30 18:00:00,52.85,Tuesday,True,True
rtc_SYN001385,evt_SYN000277,sub_SYN00180,immediate,2026-07-31 07:36:00,0.08,Friday,True,True
rtc_SYN001386,evt_SYN000277,sub_SYN00180,plus_1_day_morning,2026-08-01 08:06:00,24.58,Saturday,True,False
rtc_SYN001387,evt_SYN000277,sub_SYN00180,payday_window,2026-08-01 10:00:00,26.48,Saturday,True,False
rtc_SYN001388,evt_SYN000277,sub_SYN00180,plus_3_days,2026-08-03 19:35:00,84.07,Monday,True,False
rtc_SYN001389,evt_SYN000277,sub_SYN00180,month_end_window,2026-08-31 18:00:00,754.48,Monday,True,True
rtc_SYN001390,evt_SYN000278,sub_SYN00181,immediate,2025-07-18 10:01:00,1.37,Friday,False,False
rtc_SYN001391,evt_SYN000278,sub_SYN00181,plus_1_day_morning,2025-07-19 08:51:00,24.2,Saturday,False,False
rtc_SYN001392,evt_SYN000278,sub_SYN00181,payday_window,2025-07-29 10:00:00,265.35,Tuesday,True,False
rtc_SYN001393,evt_SYN000278,sub_SYN00181,plus_3_days,2025-07-21 16:45:00,80.1,Monday,False,False
rtc_SYN001394,evt_SYN000278,sub_SYN00181,month_end_window,2025-07-31 18:00:00,321.35,Thursday,True,True
rtc_SYN001395,evt_SYN000279,sub_SYN00181,immediate,2025-08-16 01:51:00,0.97,Saturday,False,False
rtc_SYN001396,evt_SYN000279,sub_SYN00181,plus_1_day_morning,2025-08-17 10:32:00,33.65,Sunday,False,False
rtc_SYN001397,evt_SYN000279,sub_SYN00181,payday_window,2025-08-29 10:00:00,321.12,Friday,True,False
rtc_SYN001398,evt_SYN000279,sub_SYN00181,plus_3_days,2025-08-19 13:35:00,84.7,Tuesday,False,False
rtc_SYN001399,evt_SYN000279,sub_SYN00181,month_end_window,2025-08-31 18:00:00,377.12,Sunday,True,True
rtc_SYN001400,evt_SYN000280,sub_SYN00182,immediate,2025-06-29 18:52:00,0.7,Sunday,True,True
rtc_SYN001401,evt_SYN000280,sub_SYN00182,plus_1_day_morning,2025-06-30 11:43:00,17.55,Monday,True,True
rtc_SYN001402,evt_SYN000280,sub_SYN00182,payday_window,2025-06-30 10:00:00,15.83,Monday,True,True
rtc_SYN001403,evt_SYN000280,sub_SYN00182,plus_3_days,2025-07-02 17:43:00,71.55,Wednesday,True,False
rtc_SYN001404,evt_SYN000280,sub_SYN00182,month_end_window,2025-06-30 18:00:00,23.83,Monday,True,True
rtc_SYN001405,evt_SYN000281,sub_SYN00183,immediate,2025-08-16 19:22:00,0.93,Saturday,False,False
rtc_SYN001406,evt_SYN000281,sub_SYN00183,plus_1_day_morning,2025-08-17 11:12:00,16.77,Sunday,False,False
rtc_SYN001407,evt_SYN000281,sub_SYN00183,payday_window,2025-08-29 10:00:00,303.57,Friday,True,False
rtc_SYN001408,evt_SYN000281,sub_SYN00183,plus_3_days,2025-08-19 15:04:00,68.63,Tuesday,False,False
rtc_SYN001409,evt_SYN000281,sub_SYN00183,month_end_window,2025-08-31 18:00:00,359.57,Sunday,True,True
rtc_SYN001410,evt_SYN000282,sub_SYN00184,immediate,2026-06-04 22:36:00,0.63,Thursday,True,False
rtc_SYN001411,evt_SYN000282,sub_SYN00184,plus_1_day_morning,2026-06-05 10:29:00,12.52,Friday,False,False
rtc_SYN001412,evt_SYN000282,sub_SYN00184,payday_window,2026-06-28 10:00:00,564.03,Sunday,True,False
rtc_SYN001413,evt_SYN000282,sub_SYN00184,plus_3_days,2026-06-07 19:36:00,69.63,Sunday,False,False
rtc_SYN001414,evt_SYN000282,sub_SYN00184,month_end_window,2026-06-30 18:00:00,620.03,Tuesday,True,True
rtc_SYN001415,evt_SYN000283,sub_SYN00184,immediate,2026-07-10 01:25:00,0.87,Friday,False,False
rtc_SYN001416,evt_SYN000283,sub_SYN00184,plus_1_day_morning,2026-07-11 09:36:00,33.05,Saturday,False,False
rtc_SYN001417,evt_SYN000283,sub_SYN00184,payday_window,2026-07-29 10:00:00,465.45,Wednesday,True,False
rtc_SYN001418,evt_SYN000283,sub_SYN00184,plus_3_days,2026-07-13 17:16:00,88.72,Monday,False,False
rtc_SYN001419,evt_SYN000283,sub_SYN00184,month_end_window,2026-07-31 18:00:00,521.45,Friday,True,True
rtc_SYN001420,evt_SYN000284,sub_SYN00184,immediate,2026-08-19 08:54:00,1.2,Wednesday,False,False
rtc_SYN001421,evt_SYN000284,sub_SYN00184,plus_1_day_morning,2026-08-20 10:00:00,26.3,Thursday,False,False
rtc_SYN001422,evt_SYN000284,sub_SYN00184,payday_window,2026-08-29 10:00:00,242.3,Saturday,True,False
rtc_SYN001423,evt_SYN000284,sub_SYN00184,plus_3_days,2026-08-22 19:34:00,83.87,Saturday,False,False
rtc_SYN001424,evt_SYN000284,sub_SYN00184,month_end_window,2026-08-31 18:00:00,298.3,Monday,True,True
rtc_SYN001425,evt_SYN000285,sub_SYN00185,immediate,2025-01-16 06:39:00,0.53,Thursday,False,False
rtc_SYN001426,evt_SYN000285,sub_SYN00185,plus_1_day_morning,2025-01-17 10:40:00,28.55,Friday,False,False
rtc_SYN001427,evt_SYN000285,sub_SYN00185,payday_window,2025-01-29 10:00:00,315.88,Wednesday,True,False
rtc_SYN001428,evt_SYN000285,sub_SYN00185,plus_3_days,2025-01-19 19:02:00,84.92,Sunday,False,False
rtc_SYN001429,evt_SYN000285,sub_SYN00185,month_end_window,2025-01-31 18:00:00,371.88,Friday,True,True
rtc_SYN001430,evt_SYN000286,sub_SYN00185,immediate,2025-02-14 13:35:00,0.87,Friday,False,False
rtc_SYN001431,evt_SYN000286,sub_SYN00185,plus_1_day_morning,2025-02-15 08:34:00,19.85,Saturday,False,False
rtc_SYN001432,evt_SYN000286,sub_SYN00185,payday_window,2025-02-26 10:00:00,285.28,Wednesday,True,False
rtc_SYN001433,evt_SYN000286,sub_SYN00185,plus_3_days,2025-02-17 14:28:00,73.75,Monday,False,False
rtc_SYN001434,evt_SYN000286,sub_SYN00185,month_end_window,2025-02-28 18:00:00,341.28,Friday,True,True
rtc_SYN001435,evt_SYN000287,sub_SYN00185,immediate,2025-03-16 21:09:00,1.95,Sunday,False,False
rtc_SYN001436,evt_SYN000287,sub_SYN00185,plus_1_day_morning,2025-03-17 10:24:00,15.2,Monday,False,False
rtc_SYN001437,evt_SYN000287,sub_SYN00185,payday_window,2025-03-29 10:00:00,302.8,Saturday,True,False
rtc_SYN001438,evt_SYN000287,sub_SYN00185,plus_3_days,2025-03-19 09:17:00,62.08,Wednesday,False,False
rtc_SYN001439,evt_SYN000287,sub_SYN00185,month_end_window,2025-03-31 18:00:00,358.8,Monday,True,True
rtc_SYN001440,evt_SYN000288,sub_SYN00186,immediate,2026-03-10 03:28:00,1.8,Tuesday,False,False
rtc_SYN001441,evt_SYN000288,sub_SYN00186,plus_1_day_morning,2026-03-11 09:54:00,32.23,Wednesday,False,False
rtc_SYN001442,evt_SYN000288,sub_SYN00186,payday_window,2026-03-29 10:00:00,464.33,Sunday,True,False
rtc_SYN001443,evt_SYN000288,sub_SYN00186,plus_3_days,2026-03-13 14:32:00,84.87,Friday,False,False
rtc_SYN001444,evt_SYN000288,sub_SYN00186,month_end_window,2026-03-31 18:00:00,520.33,Tuesday,True,True
rtc_SYN001445,evt_SYN000289,sub_SYN00187,immediate,2026-05-14 22:45:00,0.9,Thursday,False,False
rtc_SYN001446,evt_SYN000289,sub_SYN00187,plus_1_day_morning,2026-05-15 10:04:00,12.22,Friday,False,False
rtc_SYN001447,evt_SYN000289,sub_SYN00187,payday_window,2026-05-29 10:00:00,348.15,Friday,True,False
rtc_SYN001448,evt_SYN000289,sub_SYN00187,plus_3_days,2026-05-17 09:28:00,59.62,Sunday,False,False
rtc_SYN001449,evt_SYN000289,sub_SYN00187,month_end_window,2026-05-31 18:00:00,404.15,Sunday,True,True
rtc_SYN001450,evt_SYN000290,sub_SYN00188,immediate,2026-03-24 00:35:00,1.22,Tuesday,False,False
rtc_SYN001451,evt_SYN000290,sub_SYN00188,plus_1_day_morning,2026-03-24 10:25:00,11.05,Tuesday,False,False
rtc_SYN001452,evt_SYN000290,sub_SYN00188,payday_window,2026-03-29 10:00:00,130.63,Sunday,True,False
rtc_SYN001453,evt_SYN000290,sub_SYN00188,plus_3_days,2026-03-26 12:42:00,61.33,Thursday,False,False
rtc_SYN001454,evt_SYN000290,sub_SYN00188,month_end_window,2026-03-31 18:00:00,186.63,Tuesday,True,True
rtc_SYN001455,evt_SYN000291,sub_SYN00188,immediate,2026-04-26 02:54:00,1.23,Sunday,False,False
rtc_SYN001456,evt_SYN000291,sub_SYN00188,plus_1_day_morning,2026-04-27 08:27:00,30.78,Monday,True,False
rtc_SYN001457,evt_SYN000291,sub_SYN00188,payday_window,2026-04-28 10:00:00,56.33,Tuesday,True,False
rtc_SYN001458,evt_SYN000291,sub_SYN00188,plus_3_days,2026-04-29 16:47:00,87.12,Wednesday,True,True
rtc_SYN001459,evt_SYN000291,sub_SYN00188,month_end_window,2026-04-30 18:00:00,112.33,Thursday,True,True
rtc_SYN001460,evt_SYN000292,sub_SYN00188,immediate,2026-05-17 11:15:00,0.62,Sunday,False,False
rtc_SYN001461,evt_SYN000292,sub_SYN00188,plus_1_day_morning,2026-05-18 11:39:00,25.02,Monday,False,False
rtc_SYN001462,evt_SYN000292,sub_SYN00188,payday_window,2026-05-29 10:00:00,287.37,Friday,True,False
rtc_SYN001463,evt_SYN000292,sub_SYN00188,plus_3_days,2026-05-20 13:37:00,74.98,Wednesday,False,False
rtc_SYN001464,evt_SYN000292,sub_SYN00188,month_end_window,2026-05-31 18:00:00,343.37,Sunday,True,True
rtc_SYN001465,evt_SYN000293,sub_SYN00189,immediate,2025-01-07 17:55:00,1.75,Tuesday,False,False
rtc_SYN001466,evt_SYN000293,sub_SYN00189,plus_1_day_morning,2025-01-08 08:09:00,15.98,Wednesday,False,False
rtc_SYN001467,evt_SYN000293,sub_SYN00189,payday_window,2025-01-29 10:00:00,521.83,Wednesday,True,False
rtc_SYN001468,evt_SYN000293,sub_SYN00189,plus_3_days,2025-01-10 13:05:00,68.92,Friday,False,False
rtc_SYN001469,evt_SYN000293,sub_SYN00189,month_end_window,2025-01-31 18:00:00,577.83,Friday,True,True
rtc_SYN001470,evt_SYN000294,sub_SYN00190,immediate,2026-02-03 23:52:00,1.68,Tuesday,True,False
rtc_SYN001471,evt_SYN000294,sub_SYN00190,plus_1_day_morning,2026-02-04 11:36:00,13.42,Wednesday,True,False
rtc_SYN001472,evt_SYN000294,sub_SYN00190,payday_window,2026-02-26 10:00:00,539.82,Thursday,True,False
rtc_SYN001473,evt_SYN000294,sub_SYN00190,plus_3_days,2026-02-06 19:04:00,68.88,Friday,False,False
rtc_SYN001474,evt_SYN000294,sub_SYN00190,month_end_window,2026-02-28 18:00:00,595.82,Saturday,True,True
rtc_SYN001475,evt_SYN000295,sub_SYN00191,immediate,2025-03-01 04:16:00,1.28,Saturday,True,False
rtc_SYN001476,evt_SYN000295,sub_SYN00191,plus_1_day_morning,2025-03-02 09:16:00,30.28,Sunday,True,False
rtc_SYN001477,evt_SYN000295,sub_SYN00191,payday_window,2025-03-02 10:00:00,31.02,Sunday,True,False
rtc_SYN001478,evt_SYN000295,sub_SYN00191,plus_3_days,2025-03-04 12:32:00,81.55,Tuesday,True,False
rtc_SYN001479,evt_SYN000295,sub_SYN00191,month_end_window,2025-03-31 18:00:00,735.02,Monday,True,True
rtc_SYN001480,evt_SYN000296,sub_SYN00192,immediate,2025-12-24 04:44:00,1.3,Wednesday,False,False
rtc_SYN001481,evt_SYN000296,sub_SYN00192,plus_1_day_morning,2025-12-25 08:36:00,29.17,Thursday,False,False
rtc_SYN001482,evt_SYN000296,sub_SYN00192,payday_window,2025-12-29 10:00:00,126.57,Monday,True,False
rtc_SYN001483,evt_SYN000296,sub_SYN00192,plus_3_days,2025-12-27 19:00:00,87.57,Saturday,False,False
rtc_SYN001484,evt_SYN000296,sub_SYN00192,month_end_window,2025-12-31 18:00:00,182.57,Wednesday,True,True
rtc_SYN001485,evt_SYN000297,sub_SYN00193,immediate,2026-03-08 19:32:00,1.77,Sunday,False,False
rtc_SYN001486,evt_SYN000297,sub_SYN00193,plus_1_day_morning,2026-03-09 10:20:00,16.57,Monday,False,False
rtc_SYN001487,evt_SYN000297,sub_SYN00193,payday_window,2026-03-29 10:00:00,496.23,Sunday,True,False
rtc_SYN001488,evt_SYN000297,sub_SYN00193,plus_3_days,2026-03-11 17:37:00,71.85,Wednesday,False,False
rtc_SYN001489,evt_SYN000297,sub_SYN00193,month_end_window,2026-03-31 18:00:00,552.23,Tuesday,True,True
rtc_SYN001490,evt_SYN000298,sub_SYN00193,immediate,2026-04-11 11:57:00,1.55,Saturday,False,False
rtc_SYN001491,evt_SYN000298,sub_SYN00193,plus_1_day_morning,2026-04-12 08:03:00,21.65,Sunday,False,False
rtc_SYN001492,evt_SYN000298,sub_SYN00193,payday_window,2026-04-28 10:00:00,407.6,Tuesday,True,False
rtc_SYN001493,evt_SYN000298,sub_SYN00193,plus_3_days,2026-04-14 16:18:00,77.9,Tuesday,False,False
rtc_SYN001494,evt_SYN000298,sub_SYN00193,month_end_window,2026-04-30 18:00:00,463.6,Thursday,True,True
rtc_SYN001495,evt_SYN000299,sub_SYN00193,immediate,2026-05-03 09:00:00,0.53,Sunday,True,False
rtc_SYN001496,evt_SYN000299,sub_SYN00193,plus_1_day_morning,2026-05-04 09:43:00,25.25,Monday,True,False
rtc_SYN001497,evt_SYN000299,sub_SYN00193,payday_window,2026-05-29 10:00:00,625.53,Friday,True,False
rtc_SYN001498,evt_SYN000299,sub_SYN00193,plus_3_days,2026-05-06 10:58:00,74.5,Wednesday,False,False
rtc_SYN001499,evt_SYN000299,sub_SYN00193,month_end_window,2026-05-31 18:00:00,681.53,Sunday,True,True
rtc_SYN001500,evt_SYN000300,sub_SYN00193,immediate,2026-06-01 18:09:00,0.88,Monday,True,False
rtc_SYN001501,evt_SYN000300,sub_SYN00193,plus_1_day_morning,2026-06-02 08:04:00,14.8,Tuesday,True,False
rtc_SYN001502,evt_SYN000300,sub_SYN00193,payday_window,2026-06-02 10:00:00,16.73,Tuesday,True,False
rtc_SYN001503,evt_SYN000300,sub_SYN00193,plus_3_days,2026-06-04 18:06:00,72.83,Thursday,True,False
rtc_SYN001504,evt_SYN000300,sub_SYN00193,month_end_window,2026-06-30 18:00:00,696.73,Tuesday,True,True
rtc_SYN001505,evt_SYN000301,sub_SYN00194,immediate,2025-10-04 10:37:00,0.88,Saturday,True,False
rtc_SYN001506,evt_SYN000301,sub_SYN00194,plus_1_day_morning,2025-10-05 10:30:00,24.77,Sunday,False,False
rtc_SYN001507,evt_SYN000301,sub_SYN00194,payday_window,2025-10-29 10:00:00,600.27,Wednesday,True,False
rtc_SYN001508,evt_SYN000301,sub_SYN00194,plus_3_days,2025-10-07 11:06:00,73.37,Tuesday,False,False
rtc_SYN001509,evt_SYN000301,sub_SYN00194,month_end_window,2025-10-31 18:00:00,656.27,Friday,True,True
rtc_SYN001510,evt_SYN000302,sub_SYN00194,immediate,2026-02-27 06:49:00,1.43,Friday,True,True
rtc_SYN001511,evt_SYN000302,sub_SYN00194,plus_1_day_morning,2026-02-28 09:02:00,27.65,Saturday,True,True
rtc_SYN001512,evt_SYN000302,sub_SYN00194,payday_window,2026-02-28 10:00:00,28.62,Saturday,True,True
rtc_SYN001513,evt_SYN000302,sub_SYN00194,plus_3_days,2026-03-02 10:33:00,77.17,Monday,True,False
rtc_SYN001514,evt_SYN000302,sub_SYN00194,month_end_window,2026-02-28 18:00:00,36.62,Saturday,True,True
rtc_SYN001515,evt_SYN000303,sub_SYN00195,immediate,2025-11-18 13:15:00,0.4,Tuesday,False,False
rtc_SYN001516,evt_SYN000303,sub_SYN00195,plus_1_day_morning,2025-11-19 09:07:00,20.27,Wednesday,False,False
rtc_SYN001517,evt_SYN000303,sub_SYN00195,payday_window,2025-11-28 10:00:00,237.15,Friday,True,False
rtc_SYN001518,evt_SYN000303,sub_SYN00195,plus_3_days,2025-11-21 17:37:00,76.77,Friday,False,False
rtc_SYN001519,evt_SYN000303,sub_SYN00195,month_end_window,2025-11-30 18:00:00,293.15,Sunday,True,True
rtc_SYN001520,evt_SYN000304,sub_SYN00195,immediate,2026-01-18 02:01:00,1.58,Sunday,False,False
rtc_SYN001521,evt_SYN000304,sub_SYN00195,plus_1_day_morning,2026-01-19 08:22:00,31.93,Monday,False,False
rtc_SYN001522,evt_SYN000304,sub_SYN00195,payday_window,2026-01-29 10:00:00,273.57,Thursday,True,False
rtc_SYN001523,evt_SYN000304,sub_SYN00195,plus_3_days,2026-01-21 11:37:00,83.18,Wednesday,False,False
rtc_SYN001524,evt_SYN000304,sub_SYN00195,month_end_window,2026-01-31 18:00:00,329.57,Saturday,True,True
rtc_SYN001525,evt_SYN000305,sub_SYN00196,immediate,2026-01-14 07:14:00,1.65,Wednesday,False,False
rtc_SYN001526,evt_SYN000305,sub_SYN00196,plus_1_day_morning,2026-01-15 08:46:00,27.18,Thursday,False,False
rtc_SYN001527,evt_SYN000305,sub_SYN00196,payday_window,2026-01-29 10:00:00,364.42,Thursday,True,False
rtc_SYN001528,evt_SYN000305,sub_SYN00196,plus_3_days,2026-01-17 15:49:00,82.23,Saturday,False,False
rtc_SYN001529,evt_SYN000305,sub_SYN00196,month_end_window,2026-01-31 18:00:00,420.42,Saturday,True,True
rtc_SYN001530,evt_SYN000306,sub_SYN00196,immediate,2026-02-17 17:13:00,0.23,Tuesday,False,False
rtc_SYN001531,evt_SYN000306,sub_SYN00196,plus_1_day_morning,2026-02-18 11:26:00,18.45,Wednesday,False,False
rtc_SYN001532,evt_SYN000306,sub_SYN00196,payday_window,2026-02-26 10:00:00,209.02,Thursday,True,False
rtc_SYN001533,evt_SYN000306,sub_SYN00196,plus_3_days,2026-02-20 12:10:00,67.18,Friday,False,False
rtc_SYN001534,evt_SYN000306,sub_SYN00196,month_end_window,2026-02-28 18:00:00,265.02,Saturday,True,True
rtc_SYN001535,evt_SYN000307,sub_SYN00196,immediate,2026-03-16 12:24:00,1.97,Monday,False,False
rtc_SYN001536,evt_SYN000307,sub_SYN00196,plus_1_day_morning,2026-03-17 11:07:00,24.68,Tuesday,False,False
rtc_SYN001537,evt_SYN000307,sub_SYN00196,payday_window,2026-03-29 10:00:00,311.57,Sunday,True,False
rtc_SYN001538,evt_SYN000307,sub_SYN00196,plus_3_days,2026-03-19 13:44:00,75.3,Thursday,False,False
rtc_SYN001539,evt_SYN000307,sub_SYN00196,month_end_window,2026-03-31 18:00:00,367.57,Tuesday,True,True
rtc_SYN001540,evt_SYN000308,sub_SYN00197,immediate,2026-06-14 11:28:00,1.2,Sunday,False,False
rtc_SYN001541,evt_SYN000308,sub_SYN00197,plus_1_day_morning,2026-06-15 08:21:00,22.08,Monday,False,False
rtc_SYN001542,evt_SYN000308,sub_SYN00197,payday_window,2026-06-28 10:00:00,335.73,Sunday,True,False
rtc_SYN001543,evt_SYN000308,sub_SYN00197,plus_3_days,2026-06-17 13:17:00,75.02,Wednesday,False,False
rtc_SYN001544,evt_SYN000308,sub_SYN00197,month_end_window,2026-06-30 18:00:00,391.73,Tuesday,True,True
rtc_SYN001545,evt_SYN000309,sub_SYN00197,immediate,2026-07-15 11:00:00,1.92,Wednesday,False,False
rtc_SYN001546,evt_SYN000309,sub_SYN00197,plus_1_day_morning,2026-07-16 08:42:00,23.62,Thursday,False,False
rtc_SYN001547,evt_SYN000309,sub_SYN00197,payday_window,2026-07-29 10:00:00,336.92,Wednesday,True,False
rtc_SYN001548,evt_SYN000309,sub_SYN00197,plus_3_days,2026-07-18 19:47:00,82.7,Saturday,False,False
rtc_SYN001549,evt_SYN000309,sub_SYN00197,month_end_window,2026-07-31 18:00:00,392.92,Friday,True,True
rtc_SYN001550,evt_SYN000310,sub_SYN00197,immediate,2026-08-04 18:01:00,1.6,Tuesday,True,False
rtc_SYN001551,evt_SYN000310,sub_SYN00197,plus_1_day_morning,2026-08-05 08:07:00,15.7,Wednesday,False,False
rtc_SYN001552,evt_SYN000310,sub_SYN00197,payday_window,2026-08-29 10:00:00,593.58,Saturday,True,False
rtc_SYN001553,evt_SYN000310,sub_SYN00197,plus_3_days,2026-08-07 17:44:00,73.32,Friday,False,False
rtc_SYN001554,evt_SYN000310,sub_SYN00197,month_end_window,2026-08-31 18:00:00,649.58,Monday,True,True
rtc_SYN001555,evt_SYN000311,sub_SYN00198,immediate,2025-06-06 15:31:00,1.5,Friday,False,False
rtc_SYN001556,evt_SYN000311,sub_SYN00198,plus_1_day_morning,2025-06-07 09:31:00,19.5,Saturday,False,False
rtc_SYN001557,evt_SYN000311,sub_SYN00198,payday_window,2025-06-28 10:00:00,523.98,Saturday,True,False
rtc_SYN001558,evt_SYN000311,sub_SYN00198,plus_3_days,2025-06-09 09:17:00,67.27,Monday,False,False
rtc_SYN001559,evt_SYN000311,sub_SYN00198,month_end_window,2025-06-30 18:00:00,579.98,Monday,True,True
rtc_SYN001560,evt_SYN000312,sub_SYN00199,immediate,2026-04-12 13:19:00,1.08,Sunday,False,False
rtc_SYN001561,evt_SYN000312,sub_SYN00199,plus_1_day_morning,2026-04-13 08:07:00,19.88,Monday,False,False
rtc_SYN001562,evt_SYN000312,sub_SYN00199,payday_window,2026-04-28 10:00:00,381.77,Tuesday,True,False
rtc_SYN001563,evt_SYN000312,sub_SYN00199,plus_3_days,2026-04-15 09:12:00,68.97,Wednesday,False,False
rtc_SYN001564,evt_SYN000312,sub_SYN00199,month_end_window,2026-04-30 18:00:00,437.77,Thursday,True,True
